,,,,
,,,,
,,,,
Name,BG_staticGird_StructuredLight_100_afterMirror,BG_staticGird_StructuredLight_100_offDome,BG_staticGird_StructuredLight_100_beforeMirror,BG_staticGird_StructuredLight_100_afterMirror
Date,10/28/2014,10/28/2014,10/28/2014,10/28/2014
Time,15:18pm,15:12pm,15:16pm,15:18pm
T_int [ms],6913,6515,24,6913
,,,,
Lv [cd/sqm],1.743E+00,1.676E+00,2.546E+02,1.743E+00
Le [W/(sr*sqm)] (380-780nm),5.631E-03,5.522E-03,9.828E-01,5.631E-03
CCT [K],6726,7316,9704,6726
DWl [nm],486.1,483.8,470.9,486.1
PE [%],8.8,12.2,20.9,8.8
,,,,
Chrom. Coord.,,,,
x,0.3095,0.3017,0.2891,0.3095
y,0.3232,0.3150,0.2765,0.3232
u',0.1978,0.1954,0.2014,0.1978
v',0.4647,0.4590,0.4335,0.4647
,,,,
CIE 13.3-1995 CRI,,,,
Ref. Illum.,Daylight 5000-7000K,Daylight >7000K,Daylight >7000K,Daylight 5000-7000K
CCT [K],6726,7316,9704,6726
R1,72.1,70.2,82.4,72.1
R2,74.9,72.8,75.3,74.9
R3,75.5,73.1,65.3,75.5
R4,74.9,73.2,80.2,74.9
R5,73.6,72.1,82.9,73.6
R6,67.1,64.8,66.6,67.1
R7,79.7,78.4,77.8,79.7
R8,63.3,62.3,76.1,63.3
R9,-22.4,-29.5,19.2,-22.4
R10,39.1,34.1,37.1,39.1
R11,74.2,72.6,85.2,74.2
R12,46.0,43.7,49.7,46.0
R13,71.6,69.5,78.0,71.6
R14,86.1,84.7,79.9,86.1
R15,66.4,64.4,81.1,66.4
Ra,72.64,70.85,75.83,72.64
DC,1.4E-03,1.1E-03,1.5E-02,1.4E-03
,,,,
PAR,,,,
Begin [nm],400,400,400,400
End [nm],700,700,700,700
Ephot [umol/s sqm],0.0242,0.0234,3.9403,0.0242
,,,,
Circadian,,,,
Lec [W/sr*sqm],0.002,0.002,0.396,0.002
acv,0.819,0.865,1.061,0.819
CCT [K],6726,7316,9704,6726
,,,,
LED Values,,,,
Peak WL [nm],372.0,371.0,371.0,372.0
Peak FWHM [nm],11.6,11.2,11.6,11.6
Centroid WL [nm],510.2,497.1,465.0,510.2
,,,,
RGB Values,,,,
RGB Space,manual,manual,manual,manual
R,1.5,1.3,213.6,1.5
G,1.8,1.7,261.5,1.8
B,2.0,2.0,401.3,2.0
,,,,
,,,,
Wavelength [nm],Le [W/(sr*sqm*nm)],Le [W/(sr*sqm*nm)],Le [W/(sr*sqm*nm)],Le [W/(sr*sqm*nm)]
380 nm,2.25258E-05,3.36019E-05,1.43672E-02,2.25258E-05
381 nm,1.94427E-05,2.70845E-05,1.20216E-02,1.94427E-05
382 nm,1.55053E-05,2.27768E-05,9.82339E-03,1.55053E-05
383 nm,1.33514E-05,1.73932E-05,7.94125E-03,1.33514E-05
384 nm,1.10179E-05,1.46775E-05,6.60583E-03,1.10179E-05
385 nm,7.96260E-06,1.17467E-05,5.26145E-03,7.96260E-06
386 nm,7.02720E-06,9.36850E-06,4.14112E-03,7.02720E-06
387 nm,5.00659E-06,7.04642E-06,3.22754E-03,5.00659E-06
388 nm,3.82878E-06,5.67855E-06,2.58754E-03,3.82878E-06
389 nm,3.16646E-06,4.58867E-06,1.94007E-03,3.16646E-06
390 nm,2.25541E-06,2.93910E-06,1.41745E-03,2.25541E-06
391 nm,1.79669E-06,2.34988E-06,1.14986E-03,1.79669E-06
392 nm,1.34594E-06,2.13771E-06,8.79209E-04,1.34594E-06
393 nm,1.42044E-06,1.74018E-06,6.49586E-04,1.42044E-06
394 nm,1.21525E-06,1.32763E-06,4.82691E-04,1.21525E-06
395 nm,4.94591E-07,8.32228E-07,4.28180E-04,4.94591E-07
396 nm,9.96662E-07,1.05161E-06,2.72275E-04,9.96662E-07
397 nm,5.23209E-07,8.56858E-07,2.79736E-04,5.23209E-07
398 nm,6.09318E-07,6.67363E-07,2.16848E-04,6.09318E-07
399 nm,1.11149E-06,6.88454E-07,2.15007E-04,1.11149E-06
400 nm,5.84442E-07,1.29655E-06,2.10834E-04,5.84442E-07
401 nm,1.42471E-07,4.61157E-07,2.08518E-04,1.42471E-07
402 nm,4.16582E-07,1.21608E-06,2.11532E-04,4.16582E-07
403 nm,8.14457E-07,7.39197E-07,1.84047E-04,8.14457E-07
404 nm,2.19162E-07,6.29107E-07,2.02836E-04,2.19162E-07
405 nm,1.11048E-06,9.05011E-07,2.05300E-04,1.11048E-06
406 nm,5.57130E-07,5.85119E-07,2.33916E-04,5.57130E-07
407 nm,7.40528E-07,9.96442E-07,2.47914E-04,7.40528E-07
408 nm,8.84126E-07,7.90621E-07,2.86195E-04,8.84126E-07
409 nm,1.04234E-06,1.83883E-06,3.15031E-04,1.04234E-06
410 nm,6.62434E-07,1.22974E-06,3.75589E-04,6.62434E-07
411 nm,1.85056E-06,1.41519E-06,4.20610E-04,1.85056E-06
412 nm,1.69096E-06,1.17507E-06,4.94659E-04,1.69096E-06
413 nm,1.93536E-06,2.05537E-06,5.45746E-04,1.93536E-06
414 nm,2.04838E-06,2.67311E-06,6.49065E-04,2.04838E-06
415 nm,2.67732E-06,2.99913E-06,7.48977E-04,2.67732E-06
416 nm,3.70454E-06,3.62052E-06,9.11940E-04,3.70454E-06
417 nm,3.80448E-06,4.14510E-06,1.04169E-03,3.80448E-06
418 nm,4.20525E-06,4.50834E-06,1.25638E-03,4.20525E-06
419 nm,5.34719E-06,5.57233E-06,1.42789E-03,5.34719E-06
420 nm,6.04055E-06,6.85249E-06,1.62003E-03,6.04055E-06
421 nm,7.09992E-06,7.95537E-06,1.88434E-03,7.09992E-06
422 nm,8.30528E-06,9.01780E-06,2.14895E-03,8.30528E-06
423 nm,9.80099E-06,1.02946E-05,2.49918E-03,9.80099E-06
424 nm,1.07594E-05,1.16517E-05,2.81496E-03,1.07594E-05
425 nm,1.18808E-05,1.29945E-05,3.10449E-03,1.18808E-05
426 nm,1.36340E-05,1.52446E-05,3.47100E-03,1.36340E-05
427 nm,1.51923E-05,1.69523E-05,3.93637E-03,1.51923E-05
428 nm,1.64947E-05,1.91146E-05,4.44584E-03,1.64947E-05
429 nm,1.86765E-05,2.12995E-05,4.82578E-03,1.86765E-05
430 nm,2.11215E-05,2.32882E-05,5.28114E-03,2.11215E-05
431 nm,2.33865E-05,2.50540E-05,5.76145E-03,2.33865E-05
432 nm,2.52268E-05,2.77873E-05,6.30624E-03,2.52268E-05
433 nm,2.83460E-05,3.11837E-05,6.85748E-03,2.83460E-05
434 nm,3.10161E-05,3.32773E-05,7.43922E-03,3.10161E-05
435 nm,3.43291E-05,3.61401E-05,7.94417E-03,3.43291E-05
436 nm,3.70560E-05,3.98244E-05,8.63727E-03,3.70560E-05
437 nm,3.98369E-05,4.23939E-05,9.16402E-03,3.98369E-05
438 nm,4.26108E-05,4.60817E-05,9.66208E-03,4.26108E-05
439 nm,4.56728E-05,4.99242E-05,1.03789E-02,4.56728E-05
440 nm,4.94616E-05,5.32971E-05,1.08817E-02,4.94616E-05
441 nm,5.19260E-05,5.60926E-05,1.13184E-02,5.19260E-05
442 nm,5.45199E-05,5.77425E-05,1.18991E-02,5.45199E-05
443 nm,5.58681E-05,6.01569E-05,1.20506E-02,5.58681E-05
444 nm,5.82519E-05,6.12397E-05,1.22230E-02,5.82519E-05
445 nm,5.95379E-05,6.18546E-05,1.22803E-02,5.95379E-05
446 nm,5.95274E-05,6.19779E-05,1.21427E-02,5.95274E-05
447 nm,5.88449E-05,6.10671E-05,1.19146E-02,5.88449E-05
448 nm,5.77318E-05,5.99372E-05,1.14022E-02,5.77318E-05
449 nm,5.55809E-05,5.68917E-05,1.09619E-02,5.55809E-05
450 nm,5.23903E-05,5.42019E-05,1.02541E-02,5.23903E-05
451 nm,4.98737E-05,5.14957E-05,9.71480E-03,4.98737E-05
452 nm,4.60602E-05,4.75089E-05,8.84238E-03,4.60602E-05
453 nm,4.32778E-05,4.28333E-05,8.11378E-03,4.32778E-05
454 nm,3.99746E-05,4.04288E-05,7.43451E-03,3.99746E-05
455 nm,3.64788E-05,3.64178E-05,6.74915E-03,3.64788E-05
456 nm,3.40239E-05,3.37305E-05,6.24040E-03,3.40239E-05
457 nm,3.04225E-05,3.08675E-05,5.63800E-03,3.04225E-05
458 nm,2.87160E-05,2.76106E-05,5.13697E-03,2.87160E-05
459 nm,2.63049E-05,2.56526E-05,4.68293E-03,2.63049E-05
460 nm,2.42520E-05,2.32829E-05,4.26473E-03,2.42520E-05
461 nm,2.26531E-05,2.16451E-05,3.88634E-03,2.26531E-05
462 nm,2.08941E-05,2.04069E-05,3.61376E-03,2.08941E-05
463 nm,1.99460E-05,1.89216E-05,3.39530E-03,1.99460E-05
464 nm,1.85269E-05,1.74798E-05,3.07551E-03,1.85269E-05
465 nm,1.70891E-05,1.61180E-05,2.85312E-03,1.70891E-05
466 nm,1.61972E-05,1.52825E-05,2.63737E-03,1.61972E-05
467 nm,1.49786E-05,1.40176E-05,2.42907E-03,1.49786E-05
468 nm,1.46588E-05,1.28027E-05,2.23617E-03,1.46588E-05
469 nm,1.32908E-05,1.23443E-05,2.10962E-03,1.32908E-05
470 nm,1.21654E-05,1.14710E-05,1.93147E-03,1.21654E-05
471 nm,1.11723E-05,1.06173E-05,1.82615E-03,1.11723E-05
472 nm,1.08772E-05,1.00371E-05,1.64282E-03,1.08772E-05
473 nm,1.04391E-05,9.07697E-06,1.61036E-03,1.04391E-05
474 nm,9.59508E-06,9.24182E-06,1.52031E-03,9.59508E-06
475 nm,9.15275E-06,8.59523E-06,1.41049E-03,9.15275E-06
476 nm,8.41945E-06,8.49347E-06,1.34294E-03,8.41945E-06
477 nm,8.37586E-06,7.74128E-06,1.27762E-03,8.37586E-06
478 nm,8.25994E-06,7.51020E-06,1.26223E-03,8.25994E-06
479 nm,7.95864E-06,7.65268E-06,1.21622E-03,7.95864E-06
480 nm,7.22289E-06,7.07412E-06,1.18344E-03,7.22289E-06
481 nm,7.26693E-06,6.61791E-06,1.16481E-03,7.26693E-06
482 nm,7.54114E-06,7.04929E-06,1.13108E-03,7.54114E-06
483 nm,7.22578E-06,6.57465E-06,1.10852E-03,7.22578E-06
484 nm,7.11504E-06,6.65398E-06,1.06612E-03,7.11504E-06
485 nm,6.74238E-06,6.56360E-06,1.05673E-03,6.74238E-06
486 nm,7.32033E-06,6.47589E-06,1.08752E-03,7.32033E-06
487 nm,7.01654E-06,6.48852E-06,1.11560E-03,7.01654E-06
488 nm,7.30211E-06,6.54524E-06,1.07768E-03,7.30211E-06
489 nm,7.30522E-06,6.92101E-06,1.14401E-03,7.30522E-06
490 nm,7.75421E-06,7.47671E-06,1.14285E-03,7.75421E-06
491 nm,7.72188E-06,7.49607E-06,1.17415E-03,7.72188E-06
492 nm,8.25467E-06,7.78477E-06,1.19085E-03,8.25467E-06
493 nm,8.49081E-06,7.94275E-06,1.26621E-03,8.49081E-06
494 nm,8.81263E-06,8.34008E-06,1.37362E-03,8.81263E-06
495 nm,9.30257E-06,8.77962E-06,1.44532E-03,9.30257E-06
496 nm,1.01577E-05,9.54014E-06,1.46584E-03,1.01577E-05
497 nm,1.04383E-05,9.74783E-06,1.54471E-03,1.04383E-05
498 nm,1.05056E-05,1.05043E-05,1.64597E-03,1.05056E-05
499 nm,1.13932E-05,1.10456E-05,1.72544E-03,1.13932E-05
500 nm,1.17792E-05,1.15363E-05,1.78837E-03,1.17792E-05
501 nm,1.25034E-05,1.23797E-05,1.93073E-03,1.25034E-05
502 nm,1.31158E-05,1.27116E-05,1.98107E-03,1.31158E-05
503 nm,1.39829E-05,1.37568E-05,2.09715E-03,1.39829E-05
504 nm,1.51235E-05,1.39347E-05,2.18947E-03,1.51235E-05
505 nm,1.55327E-05,1.48973E-05,2.33193E-03,1.55327E-05
506 nm,1.60224E-05,1.56749E-05,2.40538E-03,1.60224E-05
507 nm,1.68790E-05,1.63123E-05,2.53006E-03,1.68790E-05
508 nm,1.74582E-05,1.71220E-05,2.58830E-03,1.74582E-05
509 nm,1.78602E-05,1.79424E-05,2.74630E-03,1.78602E-05
510 nm,1.92869E-05,1.84740E-05,2.85146E-03,1.92869E-05
511 nm,1.92845E-05,1.90223E-05,2.88158E-03,1.92845E-05
512 nm,2.06377E-05,2.01003E-05,3.00699E-03,2.06377E-05
513 nm,2.04982E-05,2.04758E-05,3.05198E-03,2.04982E-05
514 nm,2.18859E-05,2.10096E-05,3.17209E-03,2.18859E-05
515 nm,2.22898E-05,2.19085E-05,3.25384E-03,2.22898E-05
516 nm,2.29095E-05,2.23067E-05,3.33022E-03,2.29095E-05
517 nm,2.31753E-05,2.27007E-05,3.39977E-03,2.31753E-05
518 nm,2.36628E-05,2.29000E-05,3.46440E-03,2.36628E-05
519 nm,2.41816E-05,2.38338E-05,3.48015E-03,2.41816E-05
520 nm,2.50679E-05,2.43127E-05,3.56045E-03,2.50679E-05
521 nm,2.54646E-05,2.47732E-05,3.63694E-03,2.54646E-05
522 nm,2.57554E-05,2.51842E-05,3.71299E-03,2.57554E-05
523 nm,2.59846E-05,2.52532E-05,3.74915E-03,2.59846E-05
524 nm,2.63483E-05,2.53570E-05,3.74670E-03,2.63483E-05
525 nm,2.66188E-05,2.61289E-05,3.81622E-03,2.66188E-05
526 nm,2.72121E-05,2.67220E-05,3.87491E-03,2.72121E-05
527 nm,2.71965E-05,2.66808E-05,3.87066E-03,2.71965E-05
528 nm,2.77333E-05,2.65719E-05,3.91868E-03,2.77333E-05
529 nm,2.82823E-05,2.70911E-05,4.00800E-03,2.82823E-05
530 nm,2.80234E-05,2.73705E-05,3.91507E-03,2.80234E-05
531 nm,2.84232E-05,2.71693E-05,3.97185E-03,2.84232E-05
532 nm,2.86640E-05,2.75029E-05,4.03147E-03,2.86640E-05
533 nm,2.88069E-05,2.74829E-05,4.03348E-03,2.88069E-05
534 nm,2.81514E-05,2.77125E-05,4.01287E-03,2.81514E-05
535 nm,2.87602E-05,2.80280E-05,4.04275E-03,2.87602E-05
536 nm,2.89404E-05,2.80213E-05,4.05204E-03,2.89404E-05
537 nm,2.91821E-05,2.81278E-05,4.04634E-03,2.91821E-05
538 nm,2.89786E-05,2.85097E-05,4.06763E-03,2.89786E-05
539 nm,2.91236E-05,2.81174E-05,4.15056E-03,2.91236E-05
540 nm,2.89411E-05,2.85001E-05,4.04132E-03,2.89411E-05
541 nm,2.91528E-05,2.81202E-05,4.06670E-03,2.91528E-05
542 nm,2.90705E-05,2.81940E-05,4.12141E-03,2.90705E-05
543 nm,2.90173E-05,2.86113E-05,4.08960E-03,2.90173E-05
544 nm,2.89462E-05,2.82388E-05,4.07481E-03,2.89462E-05
545 nm,2.88757E-05,2.87364E-05,4.09313E-03,2.88757E-05
546 nm,2.90038E-05,2.86423E-05,4.09260E-03,2.90038E-05
547 nm,2.90781E-05,2.83764E-05,4.11106E-03,2.90781E-05
548 nm,2.91502E-05,2.83545E-05,4.13980E-03,2.91502E-05
549 nm,2.89363E-05,2.82775E-05,4.11376E-03,2.89363E-05
550 nm,2.89501E-05,2.85686E-05,4.04787E-03,2.89501E-05
551 nm,2.90103E-05,2.83462E-05,4.10871E-03,2.90103E-05
552 nm,2.91687E-05,2.82548E-05,4.08598E-03,2.91687E-05
553 nm,2.86414E-05,2.80751E-05,4.03707E-03,2.86414E-05
554 nm,2.87674E-05,2.82489E-05,4.08624E-03,2.87674E-05
555 nm,2.87079E-05,2.78341E-05,4.15200E-03,2.87079E-05
556 nm,2.86341E-05,2.78986E-05,4.09668E-03,2.86341E-05
557 nm,2.85434E-05,2.76024E-05,4.06196E-03,2.85434E-05
558 nm,2.86693E-05,2.81613E-05,4.06473E-03,2.86693E-05
559 nm,2.86427E-05,2.79867E-05,4.08836E-03,2.86427E-05
560 nm,2.86499E-05,2.77120E-05,4.08282E-03,2.86499E-05
561 nm,2.83986E-05,2.79286E-05,4.07255E-03,2.83986E-05
562 nm,2.85194E-05,2.79479E-05,4.06772E-03,2.85194E-05
563 nm,2.87197E-05,2.77719E-05,4.10702E-03,2.87197E-05
564 nm,2.81704E-05,2.74170E-05,4.05597E-03,2.81704E-05
565 nm,2.80676E-05,2.74875E-05,4.04293E-03,2.80676E-05
566 nm,2.80278E-05,2.73609E-05,4.05010E-03,2.80278E-05
567 nm,2.77638E-05,2.70765E-05,4.06561E-03,2.77638E-05
568 nm,2.76910E-05,2.72067E-05,4.03931E-03,2.76910E-05
569 nm,2.79568E-05,2.71653E-05,4.05831E-03,2.79568E-05
570 nm,2.79240E-05,2.73233E-05,4.02743E-03,2.79240E-05
571 nm,2.74544E-05,2.72626E-05,4.07137E-03,2.74544E-05
572 nm,2.76093E-05,2.68555E-05,4.05651E-03,2.76093E-05
573 nm,2.75227E-05,2.67984E-05,3.99527E-03,2.75227E-05
574 nm,2.71428E-05,2.64755E-05,4.07918E-03,2.71428E-05
575 nm,2.71150E-05,2.64895E-05,4.03687E-03,2.71150E-05
576 nm,2.70760E-05,2.67118E-05,3.99368E-03,2.70760E-05
577 nm,2.69421E-05,2.59213E-05,4.02020E-03,2.69421E-05
578 nm,2.71164E-05,2.57950E-05,4.00014E-03,2.71164E-05
579 nm,2.70022E-05,2.61356E-05,3.98313E-03,2.70022E-05
580 nm,2.65482E-05,2.58277E-05,4.01222E-03,2.65482E-05
581 nm,2.62507E-05,2.53285E-05,3.95291E-03,2.62507E-05
582 nm,2.59460E-05,2.51409E-05,3.92669E-03,2.59460E-05
583 nm,2.62446E-05,2.47817E-05,3.91581E-03,2.62446E-05
584 nm,2.62184E-05,2.50749E-05,3.91726E-03,2.62184E-05
585 nm,2.61957E-05,2.44844E-05,3.89983E-03,2.61957E-05
586 nm,2.58398E-05,2.45458E-05,3.84169E-03,2.58398E-05
587 nm,2.55160E-05,2.40030E-05,3.80925E-03,2.55160E-05
588 nm,2.55749E-05,2.36127E-05,3.74486E-03,2.55749E-05
589 nm,2.48261E-05,2.33589E-05,3.75354E-03,2.48261E-05
590 nm,2.46168E-05,2.32638E-05,3.73854E-03,2.46168E-05
591 nm,2.50014E-05,2.29850E-05,3.67737E-03,2.50014E-05
592 nm,2.50853E-05,2.31908E-05,3.62514E-03,2.50853E-05
593 nm,2.46229E-05,2.29876E-05,3.63567E-03,2.46229E-05
594 nm,2.38211E-05,2.27928E-05,3.63355E-03,2.38211E-05
595 nm,2.40535E-05,2.22770E-05,3.50729E-03,2.40535E-05
596 nm,2.39474E-05,2.19689E-05,3.55213E-03,2.39474E-05
597 nm,2.34585E-05,2.16624E-05,3.47396E-03,2.34585E-05
598 nm,2.32463E-05,2.15553E-05,3.43082E-03,2.32463E-05
599 nm,2.31790E-05,2.15234E-05,3.39868E-03,2.31790E-05
600 nm,2.25016E-05,2.06827E-05,3.36072E-03,2.25016E-05
601 nm,2.24396E-05,2.06507E-05,3.30854E-03,2.24396E-05
602 nm,2.22128E-05,2.06067E-05,3.29546E-03,2.22128E-05
603 nm,2.17191E-05,2.02506E-05,3.27293E-03,2.17191E-05
604 nm,2.19329E-05,1.99810E-05,3.21839E-03,2.19329E-05
605 nm,2.13288E-05,1.94210E-05,3.14990E-03,2.13288E-05
606 nm,2.11614E-05,1.90376E-05,3.15359E-03,2.11614E-05
607 nm,2.05339E-05,1.89607E-05,3.05520E-03,2.05339E-05
608 nm,2.04605E-05,1.87097E-05,3.04973E-03,2.04605E-05
609 nm,2.01585E-05,1.86447E-05,3.00764E-03,2.01585E-05
610 nm,1.98407E-05,1.81243E-05,2.95003E-03,1.98407E-05
611 nm,1.99253E-05,1.78352E-05,2.90230E-03,1.99253E-05
612 nm,1.89909E-05,1.75086E-05,2.82621E-03,1.89909E-05
613 nm,1.87053E-05,1.71906E-05,2.79595E-03,1.87053E-05
614 nm,1.87679E-05,1.69021E-05,2.79026E-03,1.87679E-05
615 nm,1.81240E-05,1.68347E-05,2.73592E-03,1.81240E-05
616 nm,1.82512E-05,1.63741E-05,2.63412E-03,1.82512E-05
617 nm,1.76285E-05,1.59959E-05,2.55755E-03,1.76285E-05
618 nm,1.77306E-05,1.60253E-05,2.57592E-03,1.77306E-05
619 nm,1.72071E-05,1.55575E-05,2.51108E-03,1.72071E-05
620 nm,1.69401E-05,1.48596E-05,2.45913E-03,1.69401E-05
621 nm,1.62421E-05,1.47336E-05,2.39588E-03,1.62421E-05
622 nm,1.61371E-05,1.43207E-05,2.36839E-03,1.61371E-05
623 nm,1.57494E-05,1.42322E-05,2.27972E-03,1.57494E-05
624 nm,1.56000E-05,1.40075E-05,2.26220E-03,1.56000E-05
625 nm,1.53464E-05,1.33058E-05,2.24094E-03,1.53464E-05
626 nm,1.48430E-05,1.34143E-05,2.15147E-03,1.48430E-05
627 nm,1.47007E-05,1.32555E-05,2.12392E-03,1.47007E-05
628 nm,1.39082E-05,1.29180E-05,2.09429E-03,1.39082E-05
629 nm,1.37593E-05,1.26867E-05,2.06563E-03,1.37593E-05
630 nm,1.40102E-05,1.23810E-05,2.02739E-03,1.40102E-05
631 nm,1.32211E-05,1.19064E-05,1.96356E-03,1.32211E-05
632 nm,1.33882E-05,1.17173E-05,1.91754E-03,1.33882E-05
633 nm,1.28939E-05,1.13189E-05,1.89862E-03,1.28939E-05
634 nm,1.26425E-05,1.11597E-05,1.85552E-03,1.26425E-05
635 nm,1.21982E-05,1.11141E-05,1.82934E-03,1.21982E-05
636 nm,1.21368E-05,1.05773E-05,1.77381E-03,1.21368E-05
637 nm,1.18292E-05,1.04558E-05,1.74767E-03,1.18292E-05
638 nm,1.13195E-05,9.94911E-06,1.69524E-03,1.13195E-05
639 nm,1.12207E-05,1.00583E-05,1.68601E-03,1.12207E-05
640 nm,1.14268E-05,9.95056E-06,1.63162E-03,1.14268E-05
641 nm,1.07155E-05,9.50750E-06,1.59608E-03,1.07155E-05
642 nm,1.04220E-05,9.20328E-06,1.54787E-03,1.04220E-05
643 nm,9.94683E-06,9.21368E-06,1.53627E-03,9.94683E-06
644 nm,1.01255E-05,8.67600E-06,1.49374E-03,1.01255E-05
645 nm,9.64939E-06,8.74135E-06,1.47087E-03,9.64939E-06
646 nm,9.91386E-06,8.36967E-06,1.42893E-03,9.91386E-06
647 nm,9.41617E-06,8.21461E-06,1.39279E-03,9.41617E-06
648 nm,8.85355E-06,7.89240E-06,1.36306E-03,8.85355E-06
649 nm,8.81901E-06,7.43719E-06,1.33044E-03,8.81901E-06
650 nm,8.65148E-06,7.52902E-06,1.30388E-03,8.65148E-06
651 nm,8.43198E-06,7.23435E-06,1.26283E-03,8.43198E-06
652 nm,8.26671E-06,7.29206E-06,1.26014E-03,8.26671E-06
653 nm,8.07502E-06,6.84028E-06,1.21540E-03,8.07502E-06
654 nm,7.90769E-06,6.98548E-06,1.20691E-03,7.90769E-06
655 nm,7.80084E-06,6.69365E-06,1.16655E-03,7.80084E-06
656 nm,7.46918E-06,6.34507E-06,1.13594E-03,7.46918E-06
657 nm,7.37013E-06,6.44005E-06,1.11116E-03,7.37013E-06
658 nm,6.95941E-06,6.27392E-06,1.06885E-03,6.95941E-06
659 nm,6.79255E-06,5.81672E-06,1.08793E-03,6.79255E-06
660 nm,6.67187E-06,5.74097E-06,1.02970E-03,6.67187E-06
661 nm,6.56022E-06,5.84661E-06,1.01573E-03,6.56022E-06
662 nm,6.20710E-06,5.78802E-06,9.87577E-04,6.20710E-06
663 nm,6.41521E-06,5.63777E-06,9.72287E-04,6.41521E-06
664 nm,5.97081E-06,5.17343E-06,9.71864E-04,5.97081E-06
665 nm,5.75778E-06,5.33384E-06,8.98606E-04,5.75778E-06
666 nm,5.68331E-06,5.07769E-06,9.19783E-04,5.68331E-06
667 nm,5.63500E-06,4.55745E-06,8.70789E-04,5.63500E-06
668 nm,5.49331E-06,4.60503E-06,8.72744E-04,5.49331E-06
669 nm,5.52354E-06,4.39021E-06,8.44689E-04,5.52354E-06
670 nm,5.04638E-06,4.40160E-06,8.41859E-04,5.04638E-06
671 nm,4.99341E-06,4.02791E-06,7.99565E-04,4.99341E-06
672 nm,4.57272E-06,4.38122E-06,7.74641E-04,4.57272E-06
673 nm,4.53774E-06,4.02522E-06,7.60249E-04,4.53774E-06
674 nm,4.64922E-06,4.31023E-06,7.46482E-04,4.64922E-06
675 nm,4.43615E-06,3.71929E-06,7.29630E-04,4.43615E-06
676 nm,4.23058E-06,3.73899E-06,7.03651E-04,4.23058E-06
677 nm,4.20660E-06,3.55427E-06,6.90238E-04,4.20660E-06
678 nm,4.32040E-06,3.51916E-06,7.00246E-04,4.32040E-06
679 nm,3.80173E-06,3.42541E-06,6.36482E-04,3.80173E-06
680 nm,3.86839E-06,3.19501E-06,6.59069E-04,3.86839E-06
681 nm,3.85494E-06,3.47533E-06,6.37479E-04,3.85494E-06
682 nm,4.04607E-06,3.09258E-06,6.19907E-04,4.04607E-06
683 nm,3.42638E-06,3.16625E-06,6.07680E-04,3.42638E-06
684 nm,3.37690E-06,3.38979E-06,6.09173E-04,3.37690E-06
685 nm,3.39647E-06,2.91159E-06,5.92624E-04,3.39647E-06
686 nm,3.47057E-06,2.87735E-06,5.65738E-04,3.47057E-06
687 nm,3.39147E-06,2.52514E-06,5.57527E-04,3.39147E-06
688 nm,3.11277E-06,2.79890E-06,5.34313E-04,3.11277E-06
689 nm,3.07321E-06,2.61499E-06,4.96570E-04,3.07321E-06
690 nm,2.85585E-06,2.71381E-06,4.97666E-04,2.85585E-06
691 nm,2.96630E-06,2.70284E-06,5.18922E-04,2.96630E-06
692 nm,3.17815E-06,2.56511E-06,4.99929E-04,3.17815E-06
693 nm,3.00382E-06,2.81884E-06,4.93305E-04,3.00382E-06
694 nm,2.87918E-06,2.23273E-06,4.98767E-04,2.87918E-06
695 nm,2.52399E-06,2.16579E-06,4.69574E-04,2.52399E-06
696 nm,2.70857E-06,2.13492E-06,4.29147E-04,2.70857E-06
697 nm,2.22876E-06,1.99300E-06,4.47997E-04,2.22876E-06
698 nm,2.54467E-06,1.74682E-06,4.26215E-04,2.54467E-06
699 nm,2.05141E-06,2.04510E-06,4.23146E-04,2.05141E-06
700 nm,2.17390E-06,1.79401E-06,3.99484E-04,2.17390E-06
701 nm,1.97127E-06,1.55690E-06,3.99791E-04,1.97127E-06
702 nm,1.95783E-06,1.89530E-06,3.58603E-04,1.95783E-06
703 nm,2.25866E-06,1.97893E-06,3.69262E-04,2.25866E-06
704 nm,1.51645E-06,1.81505E-06,3.61754E-04,1.51645E-06
705 nm,1.70581E-06,1.13276E-06,3.65233E-04,1.70581E-06
706 nm,2.12735E-06,1.18737E-06,3.53081E-04,2.12735E-06
707 nm,1.75279E-06,1.32809E-06,3.33809E-04,1.75279E-06
708 nm,1.42413E-06,1.49924E-06,3.26177E-04,1.42413E-06
709 nm,1.76732E-06,1.99294E-06,3.08956E-04,1.76732E-06
710 nm,1.60323E-06,1.57546E-06,3.07980E-04,1.60323E-06
711 nm,1.69155E-06,1.49815E-06,3.09128E-04,1.69155E-06
712 nm,1.37968E-06,1.43215E-06,2.99995E-04,1.37968E-06
713 nm,1.36797E-06,1.33749E-06,2.97188E-04,1.36797E-06
714 nm,1.76896E-06,1.56917E-06,2.74797E-04,1.76896E-06
715 nm,1.16763E-06,1.50802E-06,2.66308E-04,1.16763E-06
716 nm,1.79117E-06,1.13053E-06,2.54359E-04,1.79117E-06
717 nm,1.27270E-06,1.11261E-06,2.56929E-04,1.27270E-06
718 nm,1.42030E-06,1.53386E-06,2.32102E-04,1.42030E-06
719 nm,1.30037E-06,1.26305E-06,2.40331E-04,1.30037E-06
720 nm,1.46818E-06,1.56690E-06,2.39618E-04,1.46818E-06
721 nm,8.03149E-07,1.27389E-06,2.26616E-04,8.03149E-07
722 nm,1.47985E-06,5.81388E-07,2.25958E-04,1.47985E-06
723 nm,8.41573E-07,1.56824E-06,2.07977E-04,8.41573E-07
724 nm,8.99845E-07,9.79025E-07,2.17699E-04,8.99845E-07
725 nm,1.28550E-06,6.57171E-07,2.09374E-04,1.28550E-06
726 nm,8.40620E-07,6.42264E-07,1.98888E-04,8.40620E-07
727 nm,1.13269E-06,1.29489E-06,1.95769E-04,1.13269E-06
728 nm,8.04381E-07,8.97300E-07,1.92866E-04,8.04381E-07
729 nm,1.01322E-06,7.11379E-07,1.89627E-04,1.01322E-06
730 nm,1.59498E-06,8.74108E-07,1.70250E-04,1.59498E-06
731 nm,8.95200E-07,4.59655E-07,1.63443E-04,8.95200E-07
732 nm,8.84554E-07,7.81897E-07,1.70145E-04,8.84554E-07
733 nm,1.13586E-06,8.61556E-07,1.71623E-04,1.13586E-06
734 nm,3.81197E-07,5.53151E-07,1.78927E-04,3.81197E-07
735 nm,5.44354E-07,3.51911E-07,1.77619E-04,5.44354E-07
736 nm,6.91497E-07,7.93523E-07,1.46006E-04,6.91497E-07
737 nm,9.84297E-07,1.05898E-06,1.39476E-04,9.84297E-07
738 nm,4.73767E-07,8.96165E-07,1.41678E-04,4.73767E-07
739 nm,5.10306E-07,7.03021E-07,1.36984E-04,5.10306E-07
740 nm,1.54983E-07,6.76431E-07,1.42221E-04,1.54983E-07
741 nm,6.78590E-07,3.74450E-07,1.43123E-04,6.78590E-07
742 nm,8.64019E-07,3.27491E-07,1.33327E-04,8.64019E-07
743 nm,8.47656E-07,6.83827E-07,1.26483E-04,8.47656E-07
744 nm,9.00571E-07,4.23358E-07,1.16950E-04,9.00571E-07
745 nm,5.43802E-07,6.93639E-07,1.22574E-04,5.43802E-07
746 nm,5.54373E-07,3.44682E-07,1.19432E-04,5.54373E-07
747 nm,4.01980E-07,1.19270E-06,1.22034E-04,4.01980E-07
748 nm,2.63309E-07,7.86543E-08,1.20186E-04,2.63309E-07
749 nm,4.94542E-07,4.53523E-07,1.11639E-04,4.94542E-07
750 nm,3.19830E-07,5.56691E-07,1.09725E-04,3.19830E-07
751 nm,5.94599E-07,1.24353E-07,1.25619E-04,5.94599E-07
752 nm,4.92344E-07,5.08733E-07,7.74350E-05,4.92344E-07
753 nm,6.12976E-07,2.65159E-07,1.03033E-04,6.12976E-07
754 nm,5.68326E-07,3.12594E-07,8.29318E-05,5.68326E-07
755 nm,4.44157E-07,3.69407E-07,1.02413E-04,4.44157E-07
756 nm,8.07572E-07,4.67470E-07,7.48896E-05,8.07572E-07
757 nm,5.07898E-07,8.37239E-07,7.27899E-05,5.07898E-07
758 nm,5.80115E-07,2.36635E-07,7.63752E-05,5.80115E-07
759 nm,1.06937E-06,1.04584E-07,8.78588E-05,1.06937E-06
760 nm,4.10776E-07,1.25916E-07,7.89259E-05,4.10776E-07
761 nm,7.88507E-07,1.19701E-07,8.23491E-05,7.88507E-07
762 nm,8.20081E-07,5.66109E-08,7.61001E-05,8.20081E-07
763 nm,7.94624E-07,4.23665E-08,7.26066E-05,7.94624E-07
764 nm,6.61443E-07,2.46449E-07,6.99804E-05,6.61443E-07
765 nm,0.00000E+00,5.66320E-07,7.78264E-05,0.00000E+00
766 nm,3.53317E-07,5.29608E-07,4.99110E-05,3.53317E-07
767 nm,6.77904E-07,2.01640E-08,6.38700E-05,6.77904E-07
768 nm,4.59582E-07,3.87590E-07,5.92831E-05,4.59582E-07
769 nm,2.73081E-07,2.95660E-07,6.44432E-05,2.73081E-07
770 nm,2.66576E-07,3.45342E-07,4.24591E-05,2.66576E-07
771 nm,5.76589E-07,6.58955E-10,6.31679E-05,5.76589E-07
772 nm,7.33708E-07,6.76928E-08,4.77871E-05,7.33708E-07
773 nm,4.01721E-08,1.45432E-07,5.50797E-05,4.01721E-08
774 nm,4.06434E-07,0.00000E+00,5.64092E-05,4.06434E-07
775 nm,7.94336E-07,1.05698E-10,3.51393E-05,7.94336E-07
776 nm,3.21932E-07,3.97273E-07,5.04114E-05,3.21932E-07
777 nm,0.00000E+00,5.21185E-07,5.40536E-05,0.00000E+00
778 nm,0.00000E+00,2.81409E-08,4.68074E-05,0.00000E+00
779 nm,5.13619E-07,6.28725E-07,5.63935E-05,5.13619E-07
780 nm,4.47882E-07,2.23829E-07,5.53978E-05,4.47882E-07
