,,,,,,,,
,,,,,,,,
,,,,,,,,
Name,UVdome_video_eyepoint,UVdome_struct_eyepoint_BG,UVdome_struct_eyepoint_UV,UVdome_struct_eyepoint,UVdome_video_eyepoint,UVdome_struct_eyepoint_BG,UVdome_struct_eyepoint_UV,UVdome_struct_eyepoint
Date,10/30/2014,11/03/2014,11/03/2014,11/03/2014,10/30/2014,11/03/2014,11/03/2014,11/03/2014
Time,10:58am,08:49am,08:55am,09:02am,10:58am,08:49am,08:55am,09:02am
T_int [ms],13803,5386,5965,5140,13803,5386,5965,5140
,,,,,,,,
Lv [cd/sqm],5.782E-01,1.934E+00,1.168E-02,1.948E+00,5.782E-01,1.934E+00,1.168E-02,1.948E+00
Le [W/(sr*sqm)] (380-780nm),1.902E-03,6.323E-03,2.841E-04,6.603E-03,1.902E-03,6.323E-03,2.841E-04,6.603E-03
CCT [K],7798,7903,0,7980,7798,7903,0,7980
DWl [nm],481.9,481.4,460.0,481.0,481.9,481.4,460.0,481.0
PE [%],14.5,15.0,44.9,15.3,14.5,15.0,44.9,15.3
,,,,,,,,
Chrom. Coord.,,,,,,,,
x,0.2970,0.2961,0.2483,0.2955,0.2970,0.2961,0.2483,0.2955
y,0.3074,0.3058,0.1970,0.3044,0.3074,0.3058,0.1970,0.3044
u',0.1949,0.1949,0.2040,0.1950,0.1949,0.1949,0.2040,0.1950
v',0.4539,0.4528,0.3643,0.4519,0.4539,0.4528,0.3643,0.4519
,,,,,,,,
CIE 13.3-1995 CRI,,,,,,,,
Ref. Illum.,Daylight >7000K,Daylight >7000K,CRI not calculated!,Daylight >7000K,Daylight >7000K,Daylight >7000K,CRI not calculated!,Daylight >7000K
CCT [K],7798,7903,0,7980,7798,7903,0,7980
R1,72.6,72.1,0.0,73.0,72.6,72.1,0.0,73.0
R2,72.9,72.9,0.0,73.3,72.9,72.9,0.0,73.3
R3,70.7,71.1,0.0,70.9,70.7,71.1,0.0,70.9
R4,74.7,74.4,0.0,74.9,74.7,74.4,0.0,74.9
R5,74.2,73.8,0.0,74.6,74.2,73.8,0.0,74.6
R6,64.8,64.8,0.0,65.3,64.8,64.8,0.0,65.3
R7,77.9,78.1,0.0,78.1,77.9,78.1,0.0,78.1
R8,64.5,64.5,0.0,65.6,64.5,64.5,0.0,65.6
R9,-23.6,-23.7,0.0,-19.7,-23.6,-23.7,0.0,-19.7
R10,33.4,33.5,0.0,34.2,33.4,33.5,0.0,34.2
R11,75.3,74.7,0.0,75.5,75.3,74.7,0.0,75.5
R12,43.8,44.2,0.0,45.0,43.8,44.2,0.0,45.0
R13,71.3,70.9,0.0,71.6,71.3,70.9,0.0,71.6
R14,83.4,83.6,0.0,83.5,83.4,83.6,0.0,83.5
R15,67.2,66.9,0.0,68.1,67.2,66.9,0.0,68.1
Ra,71.54,71.45,0.00,71.97,71.54,71.45,0.00,71.97
DC,3.0E-03,2.9E-03,0.0E+00,3.6E-03,3.0E-03,2.9E-03,0.0E+00,3.6E-03
,,,,,,,,
PAR,,,,,,,,
Begin [nm],400,400,400,400,400,400,400,400
End [nm],700,700,700,700,700,700,700,700
Ephot [umol/s sqm],0.0082,0.0275,0.0003,0.0278,0.0082,0.0275,0.0003,0.0278
,,,,,,,,
Circadian,,,,,,,,
Lec [W/sr*sqm],0.001,0.003,0.000,0.003,0.001,0.003,0.000,0.003
acv,0.903,0.914,2.279,0.922,0.903,0.914,2.279,0.922
CCT [K],7798,7903,0,7980,7798,7903,0,7980
,,,,,,,,
LED Values,,,,,,,,
Peak WL [nm],369.0,446.0,371.0,371.0,369.0,446.0,371.0,371.0
Peak FWHM [nm],10.9,23.4,11.4,11.4,10.9,23.4,11.4,11.4
Centroid WL [nm],370.6,527.4,372.0,488.8,370.6,527.4,372.0,488.8
,,,,,,,,
RGB Values,,,,,,,,
RGB Space,manual,manual,manual,manual,manual,manual,manual,manual
R,0.5,1.5,0.0,1.5,0.5,1.5,0.0,1.5
G,0.6,2.0,0.0,2.0,0.6,2.0,0.0,2.0
B,0.7,2.5,0.0,2.6,0.7,2.5,0.0,2.6
,,,,,,,,
,,,,,,,,
Wavelength [nm],Le [W/(sr*sqm*nm)],Le [W/(sr*sqm*nm)],Le [W/(sr*sqm*nm)],Le [W/(sr*sqm*nm)],Le [W/(sr*sqm*nm)],Le [W/(sr*sqm*nm)],Le [W/(sr*sqm*nm)],Le [W/(sr*sqm*nm)]
340 nm,,,,,,,,
341 nm,,,,,,,,
342 nm,,,,,,,,
343 nm,,,,,,,,
344 nm,,,,,,,,
345 nm,,,,,,,,
346 nm,,,,,,,,
347 nm,,,,,,,,
348 nm,,,,,,,,
349 nm,,,,,,,,
350 nm,0.00000E+00,4.89155E-08,4.89325E-06,1.70286E-05,0.00000E+00,4.89155E-08,4.89325E-06,1.70286E-05
351 nm,2.58785E-06,3.98240E-06,2.57950E-06,5.54206E-06,2.58785E-06,3.98240E-06,2.57950E-06,5.54206E-06
352 nm,0.00000E+00,0.00000E+00,8.60355E-06,7.04242E-06,0.00000E+00,0.00000E+00,8.60355E-06,7.04242E-06
353 nm,8.40007E-07,1.71548E-06,0.00000E+00,6.94103E-06,8.40007E-07,1.71548E-06,0.00000E+00,6.94103E-06
354 nm,3.67025E-06,2.97016E-06,3.36630E-06,3.34072E-06,3.67025E-06,2.97016E-06,3.36630E-06,3.34072E-06
355 nm,8.12503E-07,5.06956E-07,9.69798E-07,5.61894E-06,8.12503E-07,5.06956E-07,9.69798E-07,5.61894E-06
356 nm,2.12183E-06,5.11615E-06,5.49708E-06,4.19200E-06,2.12183E-06,5.11615E-06,5.49708E-06,4.19200E-06
357 nm,1.01578E-06,1.12732E-07,3.13463E-06,5.42811E-06,1.01578E-06,1.12732E-07,3.13463E-06,5.42811E-06
358 nm,5.12030E-08,4.77017E-08,4.14116E-06,5.79723E-06,5.12030E-08,4.77017E-08,4.14116E-06,5.79723E-06
359 nm,1.96636E-06,3.85373E-07,8.91707E-06,7.32002E-06,1.96636E-06,3.85373E-07,8.91707E-06,7.32002E-06
360 nm,2.67451E-06,2.43895E-06,1.17672E-05,1.38394E-05,2.67451E-06,2.43895E-06,1.17672E-05,1.38394E-05
361 nm,3.71308E-06,6.54662E-07,1.91601E-05,1.86185E-05,3.71308E-06,6.54662E-07,1.91601E-05,1.86185E-05
362 nm,7.15788E-06,2.85069E-08,2.85385E-05,2.68387E-05,7.15788E-06,2.85069E-08,2.85385E-05,2.68387E-05
363 nm,8.73307E-06,3.09561E-08,4.00406E-05,3.81078E-05,8.73307E-06,3.09561E-08,4.00406E-05,3.81078E-05
364 nm,1.21724E-05,1.17605E-06,5.50902E-05,5.14622E-05,1.21724E-05,1.17605E-06,5.50902E-05,5.14622E-05
365 nm,1.46708E-05,1.50555E-07,7.38744E-05,6.96045E-05,1.46708E-05,1.50555E-07,7.38744E-05,6.96045E-05
366 nm,1.93803E-05,0.00000E+00,9.45963E-05,8.90200E-05,1.93803E-05,0.00000E+00,9.45963E-05,8.90200E-05
367 nm,2.19182E-05,3.18946E-07,1.15361E-04,1.07441E-04,2.19182E-05,3.18946E-07,1.15361E-04,1.07441E-04
368 nm,2.44289E-05,5.43779E-07,1.34919E-04,1.29917E-04,2.44289E-05,5.43779E-07,1.34919E-04,1.29917E-04
369 nm,2.66174E-05,4.81846E-07,1.56264E-04,1.49585E-04,2.66174E-05,4.81846E-07,1.56264E-04,1.49585E-04
370 nm,2.51940E-05,1.69176E-07,1.60610E-04,1.55399E-04,2.51940E-05,1.69176E-07,1.60610E-04,1.55399E-04
371 nm,2.47491E-05,8.29915E-07,1.64795E-04,1.58073E-04,2.47491E-05,8.29915E-07,1.64795E-04,1.58073E-04
372 nm,2.24777E-05,2.86655E-07,1.59879E-04,1.53697E-04,2.24777E-05,2.86655E-07,1.59879E-04,1.53697E-04
373 nm,1.88148E-05,1.67665E-08,1.48159E-04,1.44326E-04,1.88148E-05,1.67665E-08,1.48159E-04,1.44326E-04
374 nm,1.57664E-05,8.37049E-09,1.28460E-04,1.24602E-04,1.57664E-05,8.37049E-09,1.28460E-04,1.24602E-04
375 nm,1.41752E-05,4.30124E-07,1.15377E-04,1.12291E-04,1.41752E-05,4.30124E-07,1.15377E-04,1.12291E-04
376 nm,1.16367E-05,1.52517E-07,9.51170E-05,9.41098E-05,1.16367E-05,1.52517E-07,9.51170E-05,9.41098E-05
377 nm,9.41866E-06,3.51435E-07,7.93679E-05,7.68954E-05,9.41866E-06,3.51435E-07,7.93679E-05,7.68954E-05
378 nm,7.57611E-06,0.00000E+00,6.64007E-05,6.49189E-05,7.57611E-06,0.00000E+00,6.64007E-05,6.49189E-05
379 nm,7.33533E-06,5.39346E-10,5.79006E-05,5.48512E-05,7.33533E-06,5.39346E-10,5.79006E-05,5.48512E-05
380 nm,5.25246E-06,0.00000E+00,4.62971E-05,4.56938E-05,5.25246E-06,0.00000E+00,4.62971E-05,4.56938E-05
381 nm,4.58082E-06,5.28942E-08,3.88358E-05,3.78579E-05,4.58082E-06,5.28942E-08,3.88358E-05,3.78579E-05
382 nm,3.32899E-06,4.87636E-08,3.07350E-05,3.12405E-05,3.32899E-06,4.87636E-08,3.07350E-05,3.12405E-05
383 nm,2.74231E-06,2.38372E-07,2.55596E-05,2.45787E-05,2.74231E-06,2.38372E-07,2.55596E-05,2.45787E-05
384 nm,2.55394E-06,5.10014E-07,2.01581E-05,2.03298E-05,2.55394E-06,5.10014E-07,2.01581E-05,2.03298E-05
385 nm,1.25415E-06,8.14810E-07,1.50883E-05,1.57591E-05,1.25415E-06,8.14810E-07,1.50883E-05,1.57591E-05
386 nm,1.62905E-06,1.39785E-07,1.25572E-05,1.25008E-05,1.62905E-06,1.39785E-07,1.25572E-05,1.25008E-05
387 nm,9.50652E-07,4.91814E-07,9.81792E-06,1.01399E-05,9.50652E-07,4.91814E-07,9.81792E-06,1.01399E-05
388 nm,1.02458E-06,6.50904E-07,7.80615E-06,7.60231E-06,1.02458E-06,6.50904E-07,7.80615E-06,7.60231E-06
389 nm,5.51356E-07,1.60853E-07,6.75321E-06,6.43998E-06,5.51356E-07,1.60853E-07,6.75321E-06,6.43998E-06
390 nm,4.81632E-07,7.45881E-07,4.57688E-06,4.40972E-06,4.81632E-07,7.45881E-07,4.57688E-06,4.40972E-06
391 nm,5.66059E-07,4.54819E-07,3.27573E-06,4.21533E-06,5.66059E-07,4.54819E-07,3.27573E-06,4.21533E-06
392 nm,3.63695E-07,2.97101E-07,3.10390E-06,2.61201E-06,3.63695E-07,2.97101E-07,3.10390E-06,2.61201E-06
393 nm,5.50181E-07,5.24696E-07,1.80035E-06,2.36282E-06,5.50181E-07,5.24696E-07,1.80035E-06,2.36282E-06
394 nm,5.34383E-07,2.31044E-07,2.30924E-06,1.44398E-06,5.34383E-07,2.31044E-07,2.30924E-06,1.44398E-06
395 nm,7.44361E-08,3.94296E-07,1.41442E-06,1.00781E-06,7.44361E-08,3.94296E-07,1.41442E-06,1.00781E-06
396 nm,2.15966E-07,5.34428E-07,6.81035E-07,7.11576E-07,2.15966E-07,5.34428E-07,6.81035E-07,7.11576E-07
397 nm,1.03562E-07,0.00000E+00,6.45676E-07,1.06904E-06,1.03562E-07,0.00000E+00,6.45676E-07,1.06904E-06
398 nm,3.42265E-07,3.83369E-07,5.26982E-07,5.66531E-07,3.42265E-07,3.83369E-07,5.26982E-07,5.66531E-07
399 nm,2.00431E-07,3.63660E-07,1.96555E-07,6.16666E-07,2.00431E-07,3.63660E-07,1.96555E-07,6.16666E-07
400 nm,0.00000E+00,5.53880E-07,5.09868E-07,1.16508E-06,0.00000E+00,5.53880E-07,5.09868E-07,1.16508E-06
401 nm,3.86344E-07,4.25543E-08,6.17976E-08,9.85621E-07,3.86344E-07,4.25543E-08,6.17976E-08,9.85621E-07
402 nm,5.92865E-08,5.08519E-07,0.00000E+00,1.04085E-06,5.92865E-08,5.08519E-07,0.00000E+00,1.04085E-06
403 nm,8.26494E-08,4.16587E-07,2.52499E-07,5.83366E-07,8.26494E-08,4.16587E-07,2.52499E-07,5.83366E-07
404 nm,2.22905E-07,6.04035E-07,3.17085E-07,5.93243E-07,2.22905E-07,6.04035E-07,3.17085E-07,5.93243E-07
405 nm,2.71851E-07,9.41851E-07,6.62742E-07,1.31966E-06,2.71851E-07,9.41851E-07,6.62742E-07,1.31966E-06
406 nm,2.54803E-07,1.30168E-06,1.95123E-07,6.80058E-07,2.54803E-07,1.30168E-06,1.95123E-07,6.80058E-07
407 nm,2.32080E-07,6.07354E-07,2.54181E-07,1.39805E-06,2.32080E-07,6.07354E-07,2.54181E-07,1.39805E-06
408 nm,8.82178E-08,1.50254E-06,2.57425E-07,1.07999E-06,8.82178E-08,1.50254E-06,2.57425E-07,1.07999E-06
409 nm,4.17352E-07,1.62222E-06,6.39752E-07,1.54378E-06,4.17352E-07,1.62222E-06,6.39752E-07,1.54378E-06
410 nm,4.08848E-07,1.81154E-06,7.17878E-07,2.24105E-06,4.08848E-07,1.81154E-06,7.17878E-07,2.24105E-06
411 nm,4.94261E-07,1.90314E-06,6.15501E-07,1.97338E-06,4.94261E-07,1.90314E-06,6.15501E-07,1.97338E-06
412 nm,5.71381E-07,2.18470E-06,0.00000E+00,2.75213E-06,5.71381E-07,2.18470E-06,0.00000E+00,2.75213E-06
413 nm,6.38181E-07,2.12077E-06,5.27234E-08,3.46310E-06,6.38181E-07,2.12077E-06,5.27234E-08,3.46310E-06
414 nm,5.62645E-07,2.93317E-06,2.67032E-07,3.23661E-06,5.62645E-07,2.93317E-06,2.67032E-07,3.23661E-06
415 nm,9.32324E-07,3.92279E-06,7.02953E-07,3.95378E-06,9.32324E-07,3.92279E-06,7.02953E-07,3.95378E-06
416 nm,1.05824E-06,4.17844E-06,2.30154E-07,5.03120E-06,1.05824E-06,4.17844E-06,2.30154E-07,5.03120E-06
417 nm,9.54699E-07,5.37942E-06,1.84741E-07,5.11406E-06,9.54699E-07,5.37942E-06,1.84741E-07,5.11406E-06
418 nm,1.59493E-06,5.99558E-06,1.61423E-07,6.09646E-06,1.59493E-06,5.99558E-06,1.61423E-07,6.09646E-06
419 nm,1.75989E-06,6.66690E-06,1.38699E-07,7.19197E-06,1.75989E-06,6.66690E-06,1.38699E-07,7.19197E-06
420 nm,2.11467E-06,8.19250E-06,4.14831E-07,8.62795E-06,2.11467E-06,8.19250E-06,4.14831E-07,8.62795E-06
421 nm,2.47978E-06,9.57461E-06,7.51322E-07,1.03537E-05,2.47978E-06,9.57461E-06,7.51322E-07,1.03537E-05
422 nm,3.01897E-06,1.11727E-05,2.56381E-07,1.20134E-05,3.01897E-06,1.11727E-05,2.56381E-07,1.20134E-05
423 nm,3.23692E-06,1.28939E-05,3.24088E-07,1.30268E-05,3.23692E-06,1.28939E-05,3.24088E-07,1.30268E-05
424 nm,3.79087E-06,1.48503E-05,4.64895E-07,1.52438E-05,3.79087E-06,1.48503E-05,4.64895E-07,1.52438E-05
425 nm,4.41228E-06,1.69519E-05,5.26411E-07,1.65644E-05,4.41228E-06,1.69519E-05,5.26411E-07,1.65644E-05
426 nm,4.82691E-06,1.93563E-05,3.09367E-07,1.98415E-05,4.82691E-06,1.93563E-05,3.09367E-07,1.98415E-05
427 nm,5.32019E-06,2.14421E-05,2.33649E-07,2.21683E-05,5.32019E-06,2.14421E-05,2.33649E-07,2.21683E-05
428 nm,6.36866E-06,2.37704E-05,3.74402E-08,2.35254E-05,6.36866E-06,2.37704E-05,3.74402E-08,2.35254E-05
429 nm,7.12592E-06,2.65071E-05,4.15565E-07,2.72223E-05,7.12592E-06,2.65071E-05,4.15565E-07,2.72223E-05
430 nm,8.12266E-06,2.89888E-05,1.96357E-07,2.93939E-05,8.12266E-06,2.89888E-05,1.96357E-07,2.93939E-05
431 nm,9.04882E-06,3.21095E-05,1.84070E-07,3.28233E-05,9.04882E-06,3.21095E-05,1.84070E-07,3.28233E-05
432 nm,9.90068E-06,3.55927E-05,1.48061E-07,3.61684E-05,9.90068E-06,3.55927E-05,1.48061E-07,3.61684E-05
433 nm,1.11915E-05,3.90891E-05,5.28625E-07,4.01128E-05,1.11915E-05,3.90891E-05,5.28625E-07,4.01128E-05
434 nm,1.24940E-05,4.21825E-05,6.80585E-07,4.33594E-05,1.24940E-05,4.21825E-05,6.80585E-07,4.33594E-05
435 nm,1.37292E-05,4.64746E-05,4.62512E-07,4.75173E-05,1.37292E-05,4.64746E-05,4.62512E-07,4.75173E-05
436 nm,1.44356E-05,4.98913E-05,7.10023E-07,5.14101E-05,1.44356E-05,4.98913E-05,7.10023E-07,5.14101E-05
437 nm,1.65668E-05,5.49043E-05,4.69853E-07,5.53061E-05,1.65668E-05,5.49043E-05,4.69853E-07,5.53061E-05
438 nm,1.76743E-05,5.76850E-05,8.29685E-07,5.97285E-05,1.76743E-05,5.76850E-05,8.29685E-07,5.97285E-05
439 nm,1.90018E-05,6.25584E-05,2.53923E-07,6.38936E-05,1.90018E-05,6.25584E-05,2.53923E-07,6.38936E-05
440 nm,2.05132E-05,6.60502E-05,3.75473E-07,6.85871E-05,2.05132E-05,6.60502E-05,3.75473E-07,6.85871E-05
441 nm,2.14815E-05,6.96652E-05,3.47779E-07,7.21036E-05,2.14815E-05,6.96652E-05,3.47779E-07,7.21036E-05
442 nm,2.26933E-05,7.33514E-05,1.97736E-07,7.40253E-05,2.26933E-05,7.33514E-05,1.97736E-07,7.40253E-05
443 nm,2.32493E-05,7.45973E-05,7.09158E-08,7.70571E-05,2.32493E-05,7.45973E-05,7.09158E-08,7.70571E-05
444 nm,2.39576E-05,7.74637E-05,4.39210E-07,7.83183E-05,2.39576E-05,7.74637E-05,4.39210E-07,7.83183E-05
445 nm,2.38572E-05,7.77449E-05,6.58054E-07,8.00569E-05,2.38572E-05,7.77449E-05,6.58054E-07,8.00569E-05
446 nm,2.36803E-05,7.80849E-05,4.03118E-07,7.88738E-05,2.36803E-05,7.80849E-05,4.03118E-07,7.88738E-05
447 nm,2.31302E-05,7.66203E-05,1.71501E-07,7.81917E-05,2.31302E-05,7.66203E-05,1.71501E-07,7.81917E-05
448 nm,2.23602E-05,7.34694E-05,6.17398E-07,7.47006E-05,2.23602E-05,7.34694E-05,6.17398E-07,7.47006E-05
449 nm,2.10540E-05,7.06108E-05,4.31226E-07,7.15996E-05,2.10540E-05,7.06108E-05,4.31226E-07,7.15996E-05
450 nm,1.99380E-05,6.65016E-05,5.91698E-07,6.72173E-05,1.99380E-05,6.65016E-05,5.91698E-07,6.72173E-05
451 nm,1.82039E-05,6.21951E-05,4.45770E-07,6.34620E-05,1.82039E-05,6.21951E-05,4.45770E-07,6.34620E-05
452 nm,1.72600E-05,5.80335E-05,0.00000E+00,5.86053E-05,1.72600E-05,5.80335E-05,0.00000E+00,5.86053E-05
453 nm,1.54412E-05,5.33656E-05,5.16753E-07,5.41714E-05,1.54412E-05,5.33656E-05,5.16753E-07,5.41714E-05
454 nm,1.39273E-05,4.80679E-05,3.76612E-07,4.86249E-05,1.39273E-05,4.80679E-05,3.76612E-07,4.86249E-05
455 nm,1.25746E-05,4.41947E-05,1.86086E-07,4.42931E-05,1.25746E-05,4.41947E-05,1.86086E-07,4.42931E-05
456 nm,1.13490E-05,4.07480E-05,2.78936E-07,4.07221E-05,1.13490E-05,4.07480E-05,2.78936E-07,4.07221E-05
457 nm,1.05929E-05,3.67638E-05,2.08752E-07,3.68566E-05,1.05929E-05,3.67638E-05,2.08752E-07,3.68566E-05
458 nm,1.00044E-05,3.42268E-05,6.55287E-07,3.35884E-05,1.00044E-05,3.42268E-05,6.55287E-07,3.35884E-05
459 nm,8.84918E-06,3.09604E-05,3.08233E-07,3.16463E-05,8.84918E-06,3.09604E-05,3.08233E-07,3.16463E-05
460 nm,8.06388E-06,2.86156E-05,5.45021E-07,2.82056E-05,8.06388E-06,2.86156E-05,5.45021E-07,2.82056E-05
461 nm,7.66072E-06,2.65800E-05,9.39395E-07,2.63949E-05,7.66072E-06,2.65800E-05,9.39395E-07,2.63949E-05
462 nm,7.07298E-06,2.41099E-05,6.59613E-07,2.44904E-05,7.07298E-06,2.41099E-05,6.59613E-07,2.44904E-05
463 nm,6.70974E-06,2.27315E-05,6.80280E-07,2.29832E-05,6.70974E-06,2.27315E-05,6.80280E-07,2.29832E-05
464 nm,6.20033E-06,2.13671E-05,4.10104E-07,2.11815E-05,6.20033E-06,2.13671E-05,4.10104E-07,2.11815E-05
465 nm,5.66036E-06,1.92670E-05,6.69015E-07,1.96122E-05,5.66036E-06,1.92670E-05,6.69015E-07,1.96122E-05
466 nm,5.21042E-06,1.82294E-05,4.43103E-07,1.81136E-05,5.21042E-06,1.82294E-05,4.43103E-07,1.81136E-05
467 nm,5.21609E-06,1.70650E-05,1.14159E-06,1.76516E-05,5.21609E-06,1.70650E-05,1.14159E-06,1.76516E-05
468 nm,4.54454E-06,1.57037E-05,1.08731E-06,1.60195E-05,4.54454E-06,1.57037E-05,1.08731E-06,1.60195E-05
469 nm,4.26877E-06,1.47770E-05,8.59653E-07,1.41829E-05,4.26877E-06,1.47770E-05,8.59653E-07,1.41829E-05
470 nm,3.72317E-06,1.33754E-05,8.97045E-07,1.32891E-05,3.72317E-06,1.33754E-05,8.97045E-07,1.32891E-05
471 nm,3.73701E-06,1.24550E-05,7.88174E-07,1.25963E-05,3.73701E-06,1.24550E-05,7.88174E-07,1.25963E-05
472 nm,3.39118E-06,1.24335E-05,3.13364E-07,1.20605E-05,3.39118E-06,1.24335E-05,3.13364E-07,1.20605E-05
473 nm,3.14831E-06,1.12024E-05,6.81425E-07,1.11208E-05,3.14831E-06,1.12024E-05,6.81425E-07,1.11208E-05
474 nm,3.16818E-06,1.06528E-05,9.33640E-07,1.08555E-05,3.16818E-06,1.06528E-05,9.33640E-07,1.08555E-05
475 nm,2.79015E-06,9.82902E-06,6.12125E-07,1.02260E-05,2.79015E-06,9.82902E-06,6.12125E-07,1.02260E-05
476 nm,2.76985E-06,9.54977E-06,3.66904E-07,9.66650E-06,2.76985E-06,9.54977E-06,3.66904E-07,9.66650E-06
477 nm,2.80539E-06,9.10418E-06,7.30806E-07,9.22858E-06,2.80539E-06,9.10418E-06,7.30806E-07,9.22858E-06
478 nm,2.48062E-06,9.00009E-06,1.91769E-07,8.81071E-06,2.48062E-06,9.00009E-06,1.91769E-07,8.81071E-06
479 nm,2.63237E-06,8.30509E-06,2.57650E-07,8.86688E-06,2.63237E-06,8.30509E-06,2.57650E-07,8.86688E-06
480 nm,2.47194E-06,8.68122E-06,5.97485E-07,8.67161E-06,2.47194E-06,8.68122E-06,5.97485E-07,8.67161E-06
481 nm,2.28260E-06,7.80643E-06,6.62560E-07,8.35806E-06,2.28260E-06,7.80643E-06,6.62560E-07,8.35806E-06
482 nm,2.19195E-06,8.17809E-06,1.66470E-07,8.08385E-06,2.19195E-06,8.17809E-06,1.66470E-07,8.08385E-06
483 nm,2.26076E-06,7.91058E-06,1.03832E-07,7.79533E-06,2.26076E-06,7.91058E-06,1.03832E-07,7.79533E-06
484 nm,2.25995E-06,7.78771E-06,2.45791E-07,7.55998E-06,2.25995E-06,7.78771E-06,2.45791E-07,7.55998E-06
485 nm,2.36328E-06,7.25829E-06,4.70749E-07,7.59218E-06,2.36328E-06,7.25829E-06,4.70749E-07,7.59218E-06
486 nm,2.42314E-06,8.36895E-06,3.53273E-07,7.93168E-06,2.42314E-06,8.36895E-06,3.53273E-07,7.93168E-06
487 nm,2.40089E-06,8.20859E-06,3.38981E-07,7.88076E-06,2.40089E-06,8.20859E-06,3.38981E-07,7.88076E-06
488 nm,2.33689E-06,8.27193E-06,1.82355E-08,8.02783E-06,2.33689E-06,8.27193E-06,1.82355E-08,8.02783E-06
489 nm,2.38582E-06,8.34783E-06,1.45486E-07,8.57148E-06,2.38582E-06,8.34783E-06,1.45486E-07,8.57148E-06
490 nm,2.36447E-06,8.63960E-06,2.98095E-07,8.68809E-06,2.36447E-06,8.63960E-06,2.98095E-07,8.68809E-06
491 nm,2.61798E-06,8.67975E-06,2.90131E-07,9.12614E-06,2.61798E-06,8.67975E-06,2.90131E-07,9.12614E-06
492 nm,2.35487E-06,8.95589E-06,1.71433E-07,9.29870E-06,2.35487E-06,8.95589E-06,1.71433E-07,9.29870E-06
493 nm,2.93753E-06,9.30012E-06,3.45377E-07,9.69393E-06,2.93753E-06,9.30012E-06,3.45377E-07,9.69393E-06
494 nm,2.90564E-06,9.99064E-06,0.00000E+00,9.84952E-06,2.90564E-06,9.99064E-06,0.00000E+00,9.84952E-06
495 nm,2.89943E-06,1.05044E-05,3.67081E-08,1.06340E-05,2.89943E-06,1.05044E-05,3.67081E-08,1.06340E-05
496 nm,3.07683E-06,1.09090E-05,8.99685E-08,1.09022E-05,3.07683E-06,1.09090E-05,8.99685E-08,1.09022E-05
497 nm,3.61241E-06,1.13599E-05,2.90028E-07,1.18691E-05,3.61241E-06,1.13599E-05,2.90028E-07,1.18691E-05
498 nm,3.34341E-06,1.21822E-05,9.05747E-08,1.21675E-05,3.34341E-06,1.21822E-05,9.05747E-08,1.21675E-05
499 nm,3.85183E-06,1.24978E-05,3.78965E-08,1.27488E-05,3.85183E-06,1.24978E-05,3.78965E-08,1.27488E-05
500 nm,3.94008E-06,1.38120E-05,0.00000E+00,1.40566E-05,3.94008E-06,1.38120E-05,0.00000E+00,1.40566E-05
501 nm,4.06312E-06,1.40203E-05,2.83771E-08,1.45297E-05,4.06312E-06,1.40203E-05,2.83771E-08,1.45297E-05
502 nm,4.38745E-06,1.52529E-05,8.63077E-08,1.53204E-05,4.38745E-06,1.52529E-05,8.63077E-08,1.53204E-05
503 nm,4.33263E-06,1.61999E-05,1.69240E-07,1.61241E-05,4.33263E-06,1.61999E-05,1.69240E-07,1.61241E-05
504 nm,4.90419E-06,1.72527E-05,0.00000E+00,1.68150E-05,4.90419E-06,1.72527E-05,0.00000E+00,1.68150E-05
505 nm,5.04199E-06,1.78651E-05,3.50249E-08,1.78171E-05,5.04199E-06,1.78651E-05,3.50249E-08,1.78171E-05
506 nm,5.50396E-06,1.84088E-05,2.66286E-07,1.83921E-05,5.50396E-06,1.84088E-05,2.66286E-07,1.83921E-05
507 nm,5.73126E-06,1.90150E-05,2.33284E-07,1.87335E-05,5.73126E-06,1.90150E-05,2.33284E-07,1.87335E-05
508 nm,5.97260E-06,2.00836E-05,8.05398E-08,2.07655E-05,5.97260E-06,2.00836E-05,8.05398E-08,2.07655E-05
509 nm,6.36916E-06,2.07635E-05,3.86665E-07,2.05945E-05,6.36916E-06,2.07635E-05,3.86665E-07,2.05945E-05
510 nm,6.69953E-06,2.16854E-05,2.23920E-07,2.16915E-05,6.69953E-06,2.16854E-05,2.23920E-07,2.16915E-05
511 nm,6.95463E-06,2.27079E-05,0.00000E+00,2.29888E-05,6.95463E-06,2.27079E-05,0.00000E+00,2.29888E-05
512 nm,6.99613E-06,2.35880E-05,6.86045E-09,2.37862E-05,6.99613E-06,2.35880E-05,6.86045E-09,2.37862E-05
513 nm,7.13723E-06,2.41101E-05,0.00000E+00,2.44106E-05,7.13723E-06,2.41101E-05,0.00000E+00,2.44106E-05
514 nm,7.35520E-06,2.44561E-05,3.07416E-07,2.48540E-05,7.35520E-06,2.44561E-05,3.07416E-07,2.48540E-05
515 nm,7.86076E-06,2.53055E-05,5.50814E-08,2.57054E-05,7.86076E-06,2.53055E-05,5.50814E-08,2.57054E-05
516 nm,7.90225E-06,2.56205E-05,4.82670E-08,2.62928E-05,7.90225E-06,2.56205E-05,4.82670E-08,2.62928E-05
517 nm,8.10370E-06,2.71556E-05,2.45305E-07,2.71065E-05,8.10370E-06,2.71556E-05,2.45305E-07,2.71065E-05
518 nm,8.39862E-06,2.72421E-05,2.81516E-07,2.71983E-05,8.39862E-06,2.72421E-05,2.81516E-07,2.71983E-05
519 nm,8.18516E-06,2.78704E-05,2.69341E-07,2.76629E-05,8.18516E-06,2.78704E-05,2.69341E-07,2.76629E-05
520 nm,8.50299E-06,2.83466E-05,8.85495E-09,2.85077E-05,8.50299E-06,2.83466E-05,8.85495E-09,2.85077E-05
521 nm,8.63015E-06,2.92429E-05,1.07807E-07,2.92997E-05,8.63015E-06,2.92429E-05,1.07807E-07,2.92997E-05
522 nm,8.81185E-06,2.94820E-05,2.25376E-08,2.94798E-05,8.81185E-06,2.94820E-05,2.25376E-08,2.94798E-05
523 nm,9.06883E-06,2.98710E-05,5.62472E-08,3.03771E-05,9.06883E-06,2.98710E-05,5.62472E-08,3.03771E-05
524 nm,9.03725E-06,3.04992E-05,3.74114E-09,3.03393E-05,9.03725E-06,3.04992E-05,3.74114E-09,3.03393E-05
525 nm,9.16188E-06,3.03751E-05,6.92609E-10,3.10500E-05,9.16188E-06,3.03751E-05,6.92609E-10,3.10500E-05
526 nm,9.48273E-06,3.04838E-05,0.00000E+00,3.09721E-05,9.48273E-06,3.04838E-05,0.00000E+00,3.09721E-05
527 nm,9.39370E-06,3.10125E-05,2.97380E-08,3.15584E-05,9.39370E-06,3.10125E-05,2.97380E-08,3.15584E-05
528 nm,9.33753E-06,3.11166E-05,2.89967E-09,3.18047E-05,9.33753E-06,3.11166E-05,2.89967E-09,3.18047E-05
529 nm,9.42395E-06,3.17750E-05,1.55589E-07,3.20761E-05,9.42395E-06,3.17750E-05,1.55589E-07,3.20761E-05
530 nm,9.75779E-06,3.16290E-05,1.17249E-07,3.18773E-05,9.75779E-06,3.16290E-05,1.17249E-07,3.18773E-05
531 nm,9.55987E-06,3.22976E-05,3.60850E-07,3.20877E-05,9.55987E-06,3.22976E-05,3.60850E-07,3.20877E-05
532 nm,9.69162E-06,3.24261E-05,0.00000E+00,3.19943E-05,9.69162E-06,3.24261E-05,0.00000E+00,3.19943E-05
533 nm,9.81303E-06,3.21046E-05,2.49280E-07,3.25051E-05,9.81303E-06,3.21046E-05,2.49280E-07,3.25051E-05
534 nm,9.59345E-06,3.26804E-05,3.23568E-08,3.28664E-05,9.59345E-06,3.26804E-05,3.23568E-08,3.28664E-05
535 nm,9.62667E-06,3.26145E-05,4.38667E-08,3.25285E-05,9.62667E-06,3.26145E-05,4.38667E-08,3.25285E-05
536 nm,9.64630E-06,3.26437E-05,2.32097E-07,3.24676E-05,9.64630E-06,3.26437E-05,2.32097E-07,3.24676E-05
537 nm,9.61864E-06,3.26352E-05,1.66796E-07,3.26400E-05,9.61864E-06,3.26352E-05,1.66796E-07,3.26400E-05
538 nm,9.87236E-06,3.24499E-05,3.11004E-08,3.31135E-05,9.87236E-06,3.24499E-05,3.11004E-08,3.31135E-05
539 nm,9.69267E-06,3.28488E-05,5.73097E-08,3.25639E-05,9.69267E-06,3.28488E-05,5.73097E-08,3.25639E-05
540 nm,9.92896E-06,3.30942E-05,3.30997E-07,3.32311E-05,9.92896E-06,3.30942E-05,3.30997E-07,3.32311E-05
541 nm,9.96902E-06,3.27864E-05,4.74763E-07,3.32896E-05,9.96902E-06,3.27864E-05,4.74763E-07,3.32896E-05
542 nm,1.00140E-05,3.26158E-05,1.94513E-07,3.34888E-05,1.00140E-05,3.26158E-05,1.94513E-07,3.34888E-05
543 nm,9.84853E-06,3.28380E-05,4.55810E-07,3.35332E-05,9.84853E-06,3.28380E-05,4.55810E-07,3.35332E-05
544 nm,1.02524E-05,3.27268E-05,3.74731E-07,3.30297E-05,1.02524E-05,3.27268E-05,3.74731E-07,3.30297E-05
545 nm,9.90983E-06,3.28577E-05,1.88364E-07,3.30557E-05,9.90983E-06,3.28577E-05,1.88364E-07,3.30557E-05
546 nm,1.01148E-05,3.27677E-05,3.17416E-07,3.30376E-05,1.01148E-05,3.27677E-05,3.17416E-07,3.30376E-05
547 nm,1.00830E-05,3.28676E-05,4.91992E-07,3.31566E-05,1.00830E-05,3.28676E-05,4.91992E-07,3.31566E-05
548 nm,9.61499E-06,3.27567E-05,3.50375E-07,3.34363E-05,9.61499E-06,3.27567E-05,3.50375E-07,3.34363E-05
549 nm,9.77390E-06,3.28600E-05,4.18538E-08,3.25518E-05,9.77390E-06,3.28600E-05,4.18538E-08,3.25518E-05
550 nm,9.75838E-06,3.26796E-05,3.13327E-07,3.26187E-05,9.75838E-06,3.26796E-05,3.13327E-07,3.26187E-05
551 nm,9.84113E-06,3.22662E-05,6.39405E-07,3.27041E-05,9.84113E-06,3.22662E-05,6.39405E-07,3.27041E-05
552 nm,9.61119E-06,3.23254E-05,1.88669E-08,3.21126E-05,9.61119E-06,3.23254E-05,1.88669E-08,3.21126E-05
553 nm,9.50781E-06,3.19390E-05,2.88542E-07,3.27081E-05,9.50781E-06,3.19390E-05,2.88542E-07,3.27081E-05
554 nm,9.78036E-06,3.17736E-05,1.83867E-08,3.27002E-05,9.78036E-06,3.17736E-05,1.83867E-08,3.27002E-05
555 nm,9.50370E-06,3.28795E-05,2.27335E-07,3.22568E-05,9.50370E-06,3.28795E-05,2.27335E-07,3.22568E-05
556 nm,9.64266E-06,3.19889E-05,1.00191E-07,3.24766E-05,9.64266E-06,3.19889E-05,1.00191E-07,3.24766E-05
557 nm,9.64074E-06,3.20209E-05,1.56942E-07,3.22010E-05,9.64074E-06,3.20209E-05,1.56942E-07,3.22010E-05
558 nm,9.38040E-06,3.21141E-05,6.36849E-10,3.24831E-05,9.38040E-06,3.21141E-05,6.36849E-10,3.24831E-05
559 nm,9.28789E-06,3.17228E-05,2.53102E-07,3.19408E-05,9.28789E-06,3.17228E-05,2.53102E-07,3.19408E-05
560 nm,9.51597E-06,3.22150E-05,3.12816E-07,3.20529E-05,9.51597E-06,3.22150E-05,3.12816E-07,3.20529E-05
561 nm,9.45430E-06,3.13667E-05,6.13524E-08,3.19558E-05,9.45430E-06,3.13667E-05,6.13524E-08,3.19558E-05
562 nm,9.54168E-06,3.15426E-05,0.00000E+00,3.20498E-05,9.54168E-06,3.15426E-05,0.00000E+00,3.20498E-05
563 nm,9.35504E-06,3.11544E-05,2.63638E-09,3.15829E-05,9.35504E-06,3.11544E-05,2.63638E-09,3.15829E-05
564 nm,9.39556E-06,3.12886E-05,3.36129E-08,3.17367E-05,9.39556E-06,3.12886E-05,3.36129E-08,3.17367E-05
565 nm,9.29621E-06,3.11546E-05,0.00000E+00,3.11819E-05,9.29621E-06,3.11546E-05,0.00000E+00,3.11819E-05
566 nm,9.04367E-06,3.08797E-05,1.22343E-09,3.13072E-05,9.04367E-06,3.08797E-05,1.22343E-09,3.13072E-05
567 nm,9.28690E-06,3.11021E-05,0.00000E+00,3.12826E-05,9.28690E-06,3.11021E-05,0.00000E+00,3.12826E-05
568 nm,9.03497E-06,3.14624E-05,0.00000E+00,3.15513E-05,9.03497E-06,3.14624E-05,0.00000E+00,3.15513E-05
569 nm,9.26157E-06,3.12058E-05,3.58756E-08,3.08762E-05,9.26157E-06,3.12058E-05,3.58756E-08,3.08762E-05
570 nm,9.13022E-06,3.03632E-05,5.37893E-09,3.06547E-05,9.13022E-06,3.03632E-05,5.37893E-09,3.06547E-05
571 nm,8.82365E-06,3.05583E-05,1.79232E-07,3.06845E-05,8.82365E-06,3.05583E-05,1.79232E-07,3.06845E-05
572 nm,9.06720E-06,3.06712E-05,0.00000E+00,3.04109E-05,9.06720E-06,3.06712E-05,0.00000E+00,3.04109E-05
573 nm,9.19084E-06,3.01094E-05,1.63996E-08,3.07568E-05,9.19084E-06,3.01094E-05,1.63996E-08,3.07568E-05
574 nm,8.88791E-06,3.03881E-05,3.47133E-08,3.03982E-05,8.88791E-06,3.03881E-05,3.47133E-08,3.03982E-05
575 nm,8.95235E-06,2.99572E-05,1.76412E-08,3.02087E-05,8.95235E-06,2.99572E-05,1.76412E-08,3.02087E-05
576 nm,8.84494E-06,2.98427E-05,3.06948E-08,3.06090E-05,8.84494E-06,2.98427E-05,3.06948E-08,3.06090E-05
577 nm,8.92089E-06,3.00182E-05,2.02185E-07,2.97869E-05,8.92089E-06,3.00182E-05,2.02185E-07,2.97869E-05
578 nm,8.95182E-06,2.96760E-05,3.53525E-07,2.99861E-05,8.95182E-06,2.96760E-05,3.53525E-07,2.99861E-05
579 nm,8.79164E-06,2.95335E-05,1.07110E-07,2.96135E-05,8.79164E-06,2.95335E-05,1.07110E-07,2.96135E-05
580 nm,8.69331E-06,2.92564E-05,2.80155E-08,2.93108E-05,8.69331E-06,2.92564E-05,2.80155E-08,2.93108E-05
581 nm,8.80460E-06,2.87601E-05,0.00000E+00,2.89156E-05,8.80460E-06,2.87601E-05,0.00000E+00,2.89156E-05
582 nm,8.35584E-06,2.87766E-05,1.33198E-07,2.94729E-05,8.35584E-06,2.87766E-05,1.33198E-07,2.94729E-05
583 nm,8.74487E-06,2.91642E-05,8.67403E-08,2.89884E-05,8.74487E-06,2.91642E-05,8.67403E-08,2.89884E-05
584 nm,8.37127E-06,2.83817E-05,1.73946E-07,2.87076E-05,8.37127E-06,2.83817E-05,1.73946E-07,2.87076E-05
585 nm,8.47575E-06,2.83739E-05,1.29802E-08,2.83128E-05,8.47575E-06,2.83739E-05,1.29802E-08,2.83128E-05
586 nm,8.49260E-06,2.82923E-05,2.59424E-09,2.81525E-05,8.49260E-06,2.82923E-05,2.59424E-09,2.81525E-05
587 nm,8.36926E-06,2.79510E-05,0.00000E+00,2.82506E-05,8.36926E-06,2.79510E-05,0.00000E+00,2.82506E-05
588 nm,8.05986E-06,2.77907E-05,1.20239E-07,2.78725E-05,8.05986E-06,2.77907E-05,1.20239E-07,2.78725E-05
589 nm,8.29897E-06,2.76934E-05,5.07638E-07,2.73548E-05,8.29897E-06,2.76934E-05,5.07638E-07,2.73548E-05
590 nm,7.95971E-06,2.66350E-05,1.32822E-08,2.67303E-05,7.95971E-06,2.66350E-05,1.32822E-08,2.67303E-05
591 nm,7.92130E-06,2.69426E-05,1.00778E-07,2.72447E-05,7.92130E-06,2.69426E-05,1.00778E-07,2.72447E-05
592 nm,7.67196E-06,2.65327E-05,1.19815E-07,2.64747E-05,7.67196E-06,2.65327E-05,1.19815E-07,2.64747E-05
593 nm,7.79641E-06,2.60492E-05,4.08851E-07,2.66085E-05,7.79641E-06,2.60492E-05,4.08851E-07,2.66085E-05
594 nm,7.68267E-06,2.61192E-05,4.19144E-07,2.62045E-05,7.68267E-06,2.61192E-05,4.19144E-07,2.62045E-05
595 nm,7.68189E-06,2.56522E-05,3.62274E-09,2.56202E-05,7.68189E-06,2.56522E-05,3.62274E-09,2.56202E-05
596 nm,7.55126E-06,2.54921E-05,3.15927E-07,2.53724E-05,7.55126E-06,2.54921E-05,3.15927E-07,2.53724E-05
597 nm,7.63239E-06,2.53496E-05,1.22524E-07,2.51280E-05,7.63239E-06,2.53496E-05,1.22524E-07,2.51280E-05
598 nm,7.37530E-06,2.49081E-05,5.53793E-08,2.50173E-05,7.37530E-06,2.49081E-05,5.53793E-08,2.50173E-05
599 nm,7.08310E-06,2.46062E-05,1.80083E-07,2.44133E-05,7.08310E-06,2.46062E-05,1.80083E-07,2.44133E-05
600 nm,7.40526E-06,2.40417E-05,1.04866E-08,2.39218E-05,7.40526E-06,2.40417E-05,1.04866E-08,2.39218E-05
601 nm,7.06576E-06,2.33683E-05,2.34671E-07,2.38728E-05,7.06576E-06,2.33683E-05,2.34671E-07,2.38728E-05
602 nm,6.88896E-06,2.36708E-05,2.56827E-07,2.37547E-05,6.88896E-06,2.36708E-05,2.56827E-07,2.37547E-05
603 nm,6.72705E-06,2.33906E-05,2.16025E-08,2.27730E-05,6.72705E-06,2.33906E-05,2.16025E-08,2.27730E-05
604 nm,6.73421E-06,2.22684E-05,1.22423E-07,2.31048E-05,6.73421E-06,2.22684E-05,1.22423E-07,2.31048E-05
605 nm,6.88983E-06,2.20617E-05,8.98342E-08,2.25650E-05,6.88983E-06,2.20617E-05,8.98342E-08,2.25650E-05
606 nm,6.46786E-06,2.21243E-05,1.88708E-07,2.25269E-05,6.46786E-06,2.21243E-05,1.88708E-07,2.25269E-05
607 nm,6.62121E-06,2.18871E-05,1.47738E-07,2.17889E-05,6.62121E-06,2.18871E-05,1.47738E-07,2.17889E-05
608 nm,6.45346E-06,2.13465E-05,3.18437E-07,2.16327E-05,6.45346E-06,2.13465E-05,3.18437E-07,2.16327E-05
609 nm,6.35121E-06,2.10046E-05,4.66479E-07,2.17714E-05,6.35121E-06,2.10046E-05,4.66479E-07,2.17714E-05
610 nm,6.56695E-06,2.07752E-05,4.61601E-07,2.08567E-05,6.56695E-06,2.07752E-05,4.61601E-07,2.08567E-05
611 nm,6.43160E-06,2.05067E-05,2.63647E-07,2.12214E-05,6.43160E-06,2.05067E-05,2.63647E-07,2.12214E-05
612 nm,6.45767E-06,2.00806E-05,2.99520E-07,2.05655E-05,6.45767E-06,2.00806E-05,2.99520E-07,2.05655E-05
613 nm,6.16934E-06,1.98648E-05,5.73949E-07,2.03470E-05,6.16934E-06,1.98648E-05,5.73949E-07,2.03470E-05
614 nm,5.93309E-06,1.96144E-05,7.04528E-07,1.95651E-05,5.93309E-06,1.96144E-05,7.04528E-07,1.95651E-05
615 nm,5.73931E-06,1.94523E-05,4.81508E-07,1.93495E-05,5.73931E-06,1.94523E-05,4.81508E-07,1.93495E-05
616 nm,5.51749E-06,1.91188E-05,7.32225E-08,1.89823E-05,5.51749E-06,1.91188E-05,7.32225E-08,1.89823E-05
617 nm,5.56222E-06,1.79903E-05,5.18821E-08,1.82055E-05,5.56222E-06,1.79903E-05,5.18821E-08,1.82055E-05
618 nm,5.21392E-06,1.76711E-05,6.39727E-08,1.81700E-05,5.21392E-06,1.76711E-05,6.39727E-08,1.81700E-05
619 nm,5.25566E-06,1.73958E-05,2.12212E-07,1.76662E-05,5.25566E-06,1.73958E-05,2.12212E-07,1.76662E-05
620 nm,5.19354E-06,1.69082E-05,1.12748E-07,1.77282E-05,5.19354E-06,1.69082E-05,1.12748E-07,1.77282E-05
621 nm,5.13231E-06,1.67383E-05,5.73090E-08,1.74137E-05,5.13231E-06,1.67383E-05,5.73090E-08,1.74137E-05
622 nm,4.99895E-06,1.64385E-05,1.76006E-08,1.65409E-05,4.99895E-06,1.64385E-05,1.76006E-08,1.65409E-05
623 nm,4.94781E-06,1.62669E-05,1.13438E-07,1.62036E-05,4.94781E-06,1.62669E-05,1.13438E-07,1.62036E-05
624 nm,4.56280E-06,1.61866E-05,1.70436E-08,1.56065E-05,4.56280E-06,1.61866E-05,1.70436E-08,1.56065E-05
625 nm,4.69905E-06,1.56699E-05,9.76620E-09,1.59734E-05,4.69905E-06,1.56699E-05,9.76620E-09,1.59734E-05
626 nm,4.64844E-06,1.48033E-05,8.04581E-08,1.52059E-05,4.64844E-06,1.48033E-05,8.04581E-08,1.52059E-05
627 nm,4.41539E-06,1.51977E-05,0.00000E+00,1.52091E-05,4.41539E-06,1.51977E-05,0.00000E+00,1.52091E-05
628 nm,4.44098E-06,1.42741E-05,0.00000E+00,1.45528E-05,4.44098E-06,1.42741E-05,0.00000E+00,1.45528E-05
629 nm,4.27603E-06,1.40504E-05,7.06122E-08,1.40905E-05,4.27603E-06,1.40504E-05,7.06122E-08,1.40905E-05
630 nm,4.07619E-06,1.40253E-05,0.00000E+00,1.41967E-05,4.07619E-06,1.40253E-05,0.00000E+00,1.41967E-05
631 nm,4.07588E-06,1.36938E-05,2.91606E-07,1.31730E-05,4.07588E-06,1.36938E-05,2.91606E-07,1.31730E-05
632 nm,4.04664E-06,1.32360E-05,2.50397E-08,1.34504E-05,4.04664E-06,1.32360E-05,2.50397E-08,1.34504E-05
633 nm,3.84518E-06,1.26861E-05,2.21087E-07,1.28723E-05,3.84518E-06,1.26861E-05,2.21087E-07,1.28723E-05
634 nm,3.65004E-06,1.25028E-05,1.33446E-08,1.27958E-05,3.65004E-06,1.25028E-05,1.33446E-08,1.27958E-05
635 nm,3.46647E-06,1.23477E-05,7.66081E-10,1.25420E-05,3.46647E-06,1.23477E-05,7.66081E-10,1.25420E-05
636 nm,3.49335E-06,1.18915E-05,1.74043E-08,1.24345E-05,3.49335E-06,1.18915E-05,1.74043E-08,1.24345E-05
637 nm,3.62790E-06,1.16668E-05,6.60617E-08,1.16835E-05,3.62790E-06,1.16668E-05,6.60617E-08,1.16835E-05
638 nm,3.51450E-06,1.13267E-05,2.10193E-08,1.14989E-05,3.51450E-06,1.13267E-05,2.10193E-08,1.14989E-05
639 nm,3.36074E-06,1.13106E-05,0.00000E+00,1.12337E-05,3.36074E-06,1.13106E-05,0.00000E+00,1.12337E-05
640 nm,3.38376E-06,1.10696E-05,3.46834E-07,1.11281E-05,3.38376E-06,1.10696E-05,3.46834E-07,1.11281E-05
641 nm,3.06487E-06,1.04957E-05,9.85895E-08,1.07475E-05,3.06487E-06,1.04957E-05,9.85895E-08,1.07475E-05
642 nm,3.16446E-06,1.03477E-05,5.49551E-08,1.04003E-05,3.16446E-06,1.03477E-05,5.49551E-08,1.04003E-05
643 nm,2.96360E-06,1.00144E-05,0.00000E+00,9.80992E-06,2.96360E-06,1.00144E-05,0.00000E+00,9.80992E-06
644 nm,2.79781E-06,9.99008E-06,1.70163E-07,9.92171E-06,2.79781E-06,9.99008E-06,1.70163E-07,9.92171E-06
645 nm,3.01084E-06,9.59852E-06,1.47003E-07,9.84658E-06,3.01084E-06,9.59852E-06,1.47003E-07,9.84658E-06
646 nm,2.65757E-06,9.28544E-06,1.43815E-07,9.35400E-06,2.65757E-06,9.28544E-06,1.43815E-07,9.35400E-06
647 nm,2.69331E-06,9.01050E-06,2.25311E-07,8.91038E-06,2.69331E-06,9.01050E-06,2.25311E-07,8.91038E-06
648 nm,2.58074E-06,8.83612E-06,3.79902E-08,8.75040E-06,2.58074E-06,8.83612E-06,3.79902E-08,8.75040E-06
649 nm,2.56200E-06,8.47929E-06,3.88225E-09,8.71114E-06,2.56200E-06,8.47929E-06,3.88225E-09,8.71114E-06
650 nm,2.74738E-06,8.37316E-06,3.56098E-08,8.51648E-06,2.74738E-06,8.37316E-06,3.56098E-08,8.51648E-06
651 nm,2.60312E-06,8.20206E-06,4.71503E-08,8.06585E-06,2.60312E-06,8.20206E-06,4.71503E-08,8.06585E-06
652 nm,2.39397E-06,8.12072E-06,3.26272E-08,7.98409E-06,2.39397E-06,8.12072E-06,3.26272E-08,7.98409E-06
653 nm,1.99196E-06,7.58789E-06,0.00000E+00,7.83752E-06,1.99196E-06,7.58789E-06,0.00000E+00,7.83752E-06
654 nm,2.40537E-06,7.27981E-06,0.00000E+00,8.01291E-06,2.40537E-06,7.27981E-06,0.00000E+00,8.01291E-06
655 nm,2.21577E-06,7.20829E-06,1.79317E-07,7.49553E-06,2.21577E-06,7.20829E-06,1.79317E-07,7.49553E-06
656 nm,2.14052E-06,7.33074E-06,2.83788E-07,7.20144E-06,2.14052E-06,7.33074E-06,2.83788E-07,7.20144E-06
657 nm,2.20273E-06,7.06166E-06,1.05022E-08,6.99638E-06,2.20273E-06,7.06166E-06,1.05022E-08,6.99638E-06
658 nm,2.20053E-06,6.45512E-06,2.04345E-07,6.96563E-06,2.20053E-06,6.45512E-06,2.04345E-07,6.96563E-06
659 nm,2.04440E-06,6.87656E-06,1.05868E-07,6.69176E-06,2.04440E-06,6.87656E-06,1.05868E-07,6.69176E-06
660 nm,1.82616E-06,6.61801E-06,1.76966E-07,6.58680E-06,1.82616E-06,6.61801E-06,1.76966E-07,6.58680E-06
661 nm,1.92498E-06,6.21867E-06,3.77955E-07,6.20890E-06,1.92498E-06,6.21867E-06,3.77955E-07,6.20890E-06
662 nm,1.69418E-06,6.25117E-06,0.00000E+00,6.20162E-06,1.69418E-06,6.25117E-06,0.00000E+00,6.20162E-06
663 nm,1.56997E-06,5.90079E-06,0.00000E+00,5.93143E-06,1.56997E-06,5.90079E-06,0.00000E+00,5.93143E-06
664 nm,1.63784E-06,5.88434E-06,1.22418E-07,5.64769E-06,1.63784E-06,5.88434E-06,1.22418E-07,5.64769E-06
665 nm,1.61583E-06,5.63578E-06,3.00749E-07,6.19289E-06,1.61583E-06,5.63578E-06,3.00749E-07,6.19289E-06
666 nm,1.62167E-06,5.21310E-06,1.07224E-07,5.83131E-06,1.62167E-06,5.21310E-06,1.07224E-07,5.83131E-06
667 nm,1.52450E-06,5.51846E-06,5.27702E-08,5.26562E-06,1.52450E-06,5.51846E-06,5.27702E-08,5.26562E-06
668 nm,1.54645E-06,5.11834E-06,1.49966E-07,5.30189E-06,1.54645E-06,5.11834E-06,1.49966E-07,5.30189E-06
669 nm,1.71211E-06,5.03655E-06,1.38732E-07,5.11238E-06,1.71211E-06,5.03655E-06,1.38732E-07,5.11238E-06
670 nm,1.29853E-06,5.12629E-06,6.21460E-09,5.39161E-06,1.29853E-06,5.12629E-06,6.21460E-09,5.39161E-06
671 nm,1.46458E-06,4.48580E-06,2.05826E-07,5.14168E-06,1.46458E-06,4.48580E-06,2.05826E-07,5.14168E-06
672 nm,1.54044E-06,4.51284E-06,0.00000E+00,4.79602E-06,1.54044E-06,4.51284E-06,0.00000E+00,4.79602E-06
673 nm,1.36388E-06,4.58394E-06,2.92339E-08,4.58027E-06,1.36388E-06,4.58394E-06,2.92339E-08,4.58027E-06
674 nm,1.61399E-06,4.70245E-06,6.23617E-08,4.54676E-06,1.61399E-06,4.70245E-06,6.23617E-08,4.54676E-06
675 nm,1.34156E-06,4.30862E-06,2.14510E-07,4.43738E-06,1.34156E-06,4.30862E-06,2.14510E-07,4.43738E-06
676 nm,1.39382E-06,4.02938E-06,1.25780E-07,4.24484E-06,1.39382E-06,4.02938E-06,1.25780E-07,4.24484E-06
677 nm,1.33508E-06,4.25700E-06,3.66243E-08,4.20423E-06,1.33508E-06,4.25700E-06,3.66243E-08,4.20423E-06
678 nm,1.07479E-06,3.89119E-06,1.38929E-07,3.38280E-06,1.07479E-06,3.89119E-06,1.38929E-07,3.38280E-06
679 nm,1.20903E-06,3.99983E-06,3.38206E-07,3.78370E-06,1.20903E-06,3.99983E-06,3.38206E-07,3.78370E-06
680 nm,1.06206E-06,3.85818E-06,4.64728E-08,3.65673E-06,1.06206E-06,3.85818E-06,4.64728E-08,3.65673E-06
681 nm,9.87039E-07,3.66718E-06,3.86121E-08,3.62611E-06,9.87039E-07,3.66718E-06,3.86121E-08,3.62611E-06
682 nm,1.08948E-06,3.54358E-06,2.20683E-08,3.47941E-06,1.08948E-06,3.54358E-06,2.20683E-08,3.47941E-06
683 nm,8.80208E-07,3.42960E-06,6.62226E-08,3.74333E-06,8.80208E-07,3.42960E-06,6.62226E-08,3.74333E-06
684 nm,8.75151E-07,3.21425E-06,6.69006E-08,3.25231E-06,8.75151E-07,3.21425E-06,6.69006E-08,3.25231E-06
685 nm,8.10797E-07,3.14418E-06,0.00000E+00,3.18204E-06,8.10797E-07,3.14418E-06,0.00000E+00,3.18204E-06
686 nm,1.10416E-06,2.86452E-06,1.97383E-08,3.27164E-06,1.10416E-06,2.86452E-06,1.97383E-08,3.27164E-06
687 nm,1.12353E-06,2.94537E-06,1.75594E-07,2.86591E-06,1.12353E-06,2.94537E-06,1.75594E-07,2.86591E-06
688 nm,8.66802E-07,2.64342E-06,1.94106E-09,3.28970E-06,8.66802E-07,2.64342E-06,1.94106E-09,3.28970E-06
689 nm,7.34042E-07,2.64817E-06,4.12127E-07,2.88983E-06,7.34042E-07,2.64817E-06,4.12127E-07,2.88983E-06
690 nm,7.53194E-07,3.07040E-06,4.28025E-07,2.71907E-06,7.53194E-07,3.07040E-06,4.28025E-07,2.71907E-06
691 nm,7.51335E-07,2.92018E-06,2.84616E-08,2.50065E-06,7.51335E-07,2.92018E-06,2.84616E-08,2.50065E-06
692 nm,7.73047E-07,2.74433E-06,7.42692E-08,2.49372E-06,7.73047E-07,2.74433E-06,7.42692E-08,2.49372E-06
693 nm,1.06682E-06,2.74803E-06,1.73836E-07,2.47861E-06,1.06682E-06,2.74803E-06,1.73836E-07,2.47861E-06
694 nm,7.83188E-07,2.42092E-06,4.30411E-08,2.48189E-06,7.83188E-07,2.42092E-06,4.30411E-08,2.48189E-06
695 nm,7.16991E-07,2.68747E-06,1.43439E-08,2.81809E-06,7.16991E-07,2.68747E-06,1.43439E-08,2.81809E-06
696 nm,3.99530E-07,2.50261E-06,6.36729E-10,2.33843E-06,3.99530E-07,2.50261E-06,6.36729E-10,2.33843E-06
697 nm,7.98018E-07,2.13910E-06,3.12308E-08,2.20884E-06,7.98018E-07,2.13910E-06,3.12308E-08,2.20884E-06
698 nm,4.88921E-07,2.09278E-06,9.30497E-08,2.45802E-06,4.88921E-07,2.09278E-06,9.30497E-08,2.45802E-06
699 nm,6.91962E-07,1.78380E-06,0.00000E+00,2.03542E-06,6.91962E-07,1.78380E-06,0.00000E+00,2.03542E-06
700 nm,6.49600E-07,2.13550E-06,0.00000E+00,2.16163E-06,6.49600E-07,2.13550E-06,0.00000E+00,2.16163E-06
701 nm,5.45595E-07,2.04983E-06,4.52687E-08,2.35525E-06,5.45595E-07,2.04983E-06,4.52687E-08,2.35525E-06
702 nm,5.75038E-07,1.57269E-06,4.95742E-09,1.89707E-06,5.75038E-07,1.57269E-06,4.95742E-09,1.89707E-06
703 nm,5.61082E-07,2.22774E-06,1.65542E-08,1.56483E-06,5.61082E-07,2.22774E-06,1.65542E-08,1.56483E-06
704 nm,6.01020E-07,2.08020E-06,1.83412E-09,1.81308E-06,6.01020E-07,2.08020E-06,1.83412E-09,1.81308E-06
705 nm,3.80408E-07,1.46302E-06,2.59456E-09,1.70151E-06,3.80408E-07,1.46302E-06,2.59456E-09,1.70151E-06
706 nm,6.00726E-07,1.60727E-06,1.32059E-07,1.79602E-06,6.00726E-07,1.60727E-06,1.32059E-07,1.79602E-06
707 nm,4.51423E-07,1.89412E-06,7.67451E-08,1.95644E-06,4.51423E-07,1.89412E-06,7.67451E-08,1.95644E-06
708 nm,5.63535E-07,1.61965E-06,0.00000E+00,1.80434E-06,5.63535E-07,1.61965E-06,0.00000E+00,1.80434E-06
709 nm,3.48554E-07,1.48443E-06,1.82638E-07,1.29854E-06,3.48554E-07,1.48443E-06,1.82638E-07,1.29854E-06
710 nm,8.52735E-07,1.49829E-06,0.00000E+00,1.74308E-06,8.52735E-07,1.49829E-06,0.00000E+00,1.74308E-06
711 nm,4.94821E-07,1.20028E-06,5.97333E-08,1.54569E-06,4.94821E-07,1.20028E-06,5.97333E-08,1.54569E-06
712 nm,2.74963E-07,1.47732E-06,3.40683E-08,1.30914E-06,2.74963E-07,1.47732E-06,3.40683E-08,1.30914E-06
713 nm,3.30820E-07,1.28629E-06,1.75563E-07,1.54347E-06,3.30820E-07,1.28629E-06,1.75563E-07,1.54347E-06
714 nm,4.16241E-07,1.36148E-06,5.62294E-08,9.05161E-07,4.16241E-07,1.36148E-06,5.62294E-08,9.05161E-07
715 nm,2.42300E-07,1.36647E-06,6.16593E-07,1.67088E-06,2.42300E-07,1.36647E-06,6.16593E-07,1.67088E-06
716 nm,3.81364E-07,1.36190E-06,3.19564E-07,1.56784E-06,3.81364E-07,1.36190E-06,3.19564E-07,1.56784E-06
717 nm,4.12801E-07,8.54779E-07,0.00000E+00,1.17567E-06,4.12801E-07,8.54779E-07,0.00000E+00,1.17567E-06
718 nm,3.78814E-07,1.41286E-06,4.39830E-07,1.35692E-06,3.78814E-07,1.41286E-06,4.39830E-07,1.35692E-06
719 nm,3.71887E-07,9.13911E-07,0.00000E+00,1.26641E-06,3.71887E-07,9.13911E-07,0.00000E+00,1.26641E-06
720 nm,9.18191E-08,1.20287E-06,6.32353E-09,1.25281E-06,9.18191E-08,1.20287E-06,6.32353E-09,1.25281E-06
721 nm,4.87553E-07,1.34568E-06,1.35935E-08,9.56565E-07,4.87553E-07,1.34568E-06,1.35935E-08,9.56565E-07
722 nm,5.23049E-07,7.05851E-07,1.76941E-08,1.75111E-06,5.23049E-07,7.05851E-07,1.76941E-08,1.75111E-06
723 nm,4.24063E-07,1.23306E-06,8.98448E-08,9.80006E-07,4.24063E-07,1.23306E-06,8.98448E-08,9.80006E-07
724 nm,2.19235E-07,7.51188E-07,1.93986E-08,1.13440E-06,2.19235E-07,7.51188E-07,1.93986E-08,1.13440E-06
725 nm,2.20781E-07,1.00425E-06,0.00000E+00,7.36863E-07,2.20781E-07,1.00425E-06,0.00000E+00,7.36863E-07
726 nm,2.91585E-07,9.70167E-07,1.11063E-10,1.21209E-06,2.91585E-07,9.70167E-07,1.11063E-10,1.21209E-06
727 nm,1.91078E-07,8.18181E-07,4.39739E-08,8.57509E-07,1.91078E-07,8.18181E-07,4.39739E-08,8.57509E-07
728 nm,5.15016E-07,6.87082E-07,5.07915E-08,1.13882E-06,5.15016E-07,6.87082E-07,5.07915E-08,1.13882E-06
729 nm,2.88837E-07,1.24614E-06,2.66665E-07,8.39571E-07,2.88837E-07,1.24614E-06,2.66665E-07,8.39571E-07
730 nm,1.95632E-07,4.62344E-07,4.64830E-08,1.07955E-06,1.95632E-07,4.62344E-07,4.64830E-08,1.07955E-06
731 nm,2.86118E-08,7.45638E-07,8.55625E-08,8.44641E-07,2.86118E-08,7.45638E-07,8.55625E-08,8.44641E-07
732 nm,3.75748E-07,5.38295E-07,3.30755E-07,7.26841E-07,3.75748E-07,5.38295E-07,3.30755E-07,7.26841E-07
733 nm,6.82527E-08,7.82607E-07,1.79242E-07,1.02267E-06,6.82527E-08,7.82607E-07,1.79242E-07,1.02267E-06
734 nm,3.22313E-07,7.60166E-07,0.00000E+00,5.70503E-07,3.22313E-07,7.60166E-07,0.00000E+00,5.70503E-07
735 nm,1.52956E-07,8.03523E-07,2.49743E-07,9.37371E-07,1.52956E-07,8.03523E-07,2.49743E-07,9.37371E-07
736 nm,2.57822E-07,3.92631E-07,0.00000E+00,4.72175E-07,2.57822E-07,3.92631E-07,0.00000E+00,4.72175E-07
737 nm,1.64756E-07,6.25274E-07,4.89942E-09,3.64459E-07,1.64756E-07,6.25274E-07,4.89942E-09,3.64459E-07
738 nm,2.17613E-07,7.55741E-07,4.57537E-09,5.79072E-07,2.17613E-07,7.55741E-07,4.57537E-09,5.79072E-07
739 nm,5.11056E-07,8.09802E-07,3.20908E-08,5.02783E-07,5.11056E-07,8.09802E-07,3.20908E-08,5.02783E-07
740 nm,1.40561E-07,5.86995E-07,1.82846E-07,3.25633E-07,1.40561E-07,5.86995E-07,1.82846E-07,3.25633E-07
741 nm,0.00000E+00,1.10282E-06,2.39842E-08,6.44521E-07,0.00000E+00,1.10282E-06,2.39842E-08,6.44521E-07
742 nm,2.59825E-07,5.75177E-07,3.57241E-07,6.81461E-07,2.59825E-07,5.75177E-07,3.57241E-07,6.81461E-07
743 nm,1.79520E-07,6.25710E-07,0.00000E+00,8.35620E-07,1.79520E-07,6.25710E-07,0.00000E+00,8.35620E-07
744 nm,3.33939E-07,3.56905E-07,1.51826E-07,7.40911E-07,3.33939E-07,3.56905E-07,1.51826E-07,7.40911E-07
745 nm,2.50785E-07,5.45991E-07,0.00000E+00,1.10161E-06,2.50785E-07,5.45991E-07,0.00000E+00,1.10161E-06
746 nm,1.93835E-07,4.78321E-07,1.51425E-07,3.50091E-07,1.93835E-07,4.78321E-07,1.51425E-07,3.50091E-07
747 nm,4.00005E-07,4.46571E-07,0.00000E+00,4.37954E-07,4.00005E-07,4.46571E-07,0.00000E+00,4.37954E-07
748 nm,9.60291E-08,4.33247E-07,2.23796E-07,9.67596E-08,9.60291E-08,4.33247E-07,2.23796E-07,9.67596E-08
749 nm,2.95897E-07,5.65308E-07,5.92288E-07,6.62787E-07,2.95897E-07,5.65308E-07,5.92288E-07,6.62787E-07
750 nm,5.33276E-09,1.54193E-07,1.00541E-07,4.46754E-07,5.33276E-09,1.54193E-07,1.00541E-07,4.46754E-07
751 nm,1.43131E-07,7.85490E-07,5.65349E-09,2.86814E-07,1.43131E-07,7.85490E-07,5.65349E-09,2.86814E-07
752 nm,1.67923E-07,1.63408E-07,0.00000E+00,8.81585E-07,1.67923E-07,1.63408E-07,0.00000E+00,8.81585E-07
753 nm,1.41126E-07,1.62899E-07,1.38307E-08,5.53126E-07,1.41126E-07,1.62899E-07,1.38307E-08,5.53126E-07
754 nm,0.00000E+00,4.47344E-07,0.00000E+00,1.08240E-06,0.00000E+00,4.47344E-07,0.00000E+00,1.08240E-06
755 nm,2.66996E-07,0.00000E+00,3.25287E-07,4.53756E-07,2.66996E-07,0.00000E+00,3.25287E-07,4.53756E-07
756 nm,1.61401E-07,3.34420E-07,4.68022E-08,4.98837E-08,1.61401E-07,3.34420E-07,4.68022E-08,4.98837E-08
757 nm,1.56735E-07,6.89317E-08,1.73217E-07,1.89069E-07,1.56735E-07,6.89317E-08,1.73217E-07,1.89069E-07
758 nm,0.00000E+00,1.86956E-07,0.00000E+00,1.69005E-07,0.00000E+00,1.86956E-07,0.00000E+00,1.69005E-07
759 nm,0.00000E+00,4.60785E-07,6.69716E-08,7.15456E-09,0.00000E+00,4.60785E-07,6.69716E-08,7.15456E-09
760 nm,5.99965E-08,2.81745E-07,4.11220E-07,5.10136E-07,5.99965E-08,2.81745E-07,4.11220E-07,5.10136E-07
761 nm,1.49587E-07,3.85995E-07,0.00000E+00,9.57529E-08,1.49587E-07,3.85995E-07,0.00000E+00,9.57529E-08
762 nm,9.61124E-08,3.26063E-07,8.48041E-08,0.00000E+00,9.61124E-08,3.26063E-07,8.48041E-08,0.00000E+00
763 nm,0.00000E+00,7.49722E-07,4.73013E-07,4.97091E-07,0.00000E+00,7.49722E-07,4.73013E-07,4.97091E-07
764 nm,5.30710E-08,8.04228E-08,7.91207E-08,4.27392E-07,5.30710E-08,8.04228E-08,7.91207E-08,4.27392E-07
765 nm,1.51309E-07,9.34610E-08,1.33953E-07,4.05090E-07,1.51309E-07,9.34610E-08,1.33953E-07,4.05090E-07
766 nm,1.38770E-08,3.84448E-07,3.80050E-07,3.04922E-07,1.38770E-08,3.84448E-07,3.80050E-07,3.04922E-07
767 nm,1.42026E-10,2.03472E-08,6.24251E-08,8.52065E-07,1.42026E-10,2.03472E-08,6.24251E-08,8.52065E-07
768 nm,2.44498E-07,1.43562E-07,2.67111E-09,5.23988E-07,2.44498E-07,1.43562E-07,2.67111E-09,5.23988E-07
769 nm,2.56996E-08,2.59483E-07,0.00000E+00,6.15239E-07,2.56996E-08,2.59483E-07,0.00000E+00,6.15239E-07
770 nm,5.86384E-08,1.42025E-07,3.05154E-08,1.31521E-07,5.86384E-08,1.42025E-07,3.05154E-08,1.31521E-07
771 nm,0.00000E+00,6.54875E-08,0.00000E+00,1.08150E-07,0.00000E+00,6.54875E-08,0.00000E+00,1.08150E-07
772 nm,2.76269E-07,5.59499E-07,8.09101E-07,2.83220E-07,2.76269E-07,5.59499E-07,8.09101E-07,2.83220E-07
773 nm,3.30439E-07,3.59519E-07,0.00000E+00,2.89101E-07,3.30439E-07,3.59519E-07,0.00000E+00,2.89101E-07
774 nm,8.26232E-08,0.00000E+00,1.31747E-08,1.79528E-07,8.26232E-08,0.00000E+00,1.31747E-08,1.79528E-07
775 nm,2.14764E-08,2.70521E-07,8.76100E-08,8.89711E-08,2.14764E-08,2.70521E-07,8.76100E-08,8.89711E-08
776 nm,1.69942E-08,1.77535E-07,1.71858E-07,6.86769E-08,1.69942E-08,1.77535E-07,1.71858E-07,6.86769E-08
777 nm,3.28032E-08,0.00000E+00,0.00000E+00,1.74337E-07,3.28032E-08,0.00000E+00,0.00000E+00,1.74337E-07
778 nm,4.64929E-08,5.81323E-07,2.05501E-07,0.00000E+00,4.64929E-08,5.81323E-07,2.05501E-07,0.00000E+00
779 nm,1.29411E-09,2.26540E-07,0.00000E+00,4.65216E-07,1.29411E-09,2.26540E-07,0.00000E+00,4.65216E-07
780 nm,4.00997E-07,1.22264E-07,0.00000E+00,4.77925E-07,4.00997E-07,1.22264E-07,0.00000E+00,4.77925E-07
