,,,,,,,,,,,,
,,,,,,,,,,,,
,,,,,,,,,,,,
Name,video_G_max,video_UV_max,structuredlight_G_100,structuredlight_G_40,structuredlight_UV_100,structuredlight_UV_33,video_G_max,video_UV_max,structuredlight_G_100,structuredlight_G_40,structuredlight_UV_100,structuredlight_UV_33
Date,04/20/2015,04/20/2015,04/20/2015,04/20/2015,04/20/2015,04/20/2015,04/20/2015,04/20/2015,04/20/2015,04/20/2015,04/20/2015,04/20/2015
Time,12:40pm,12:41pm,12:43pm,12:44pm,12:48pm,12:48pm,12:40pm,12:41pm,12:43pm,12:44pm,12:48pm,12:48pm
T_int [ms],5060,5932,3613,7193,4712,14365,5060,5932,3613,7193,4712,14365
,,,,,,,,,,,,
Lv [cd/sqm],1.846E+00,3.263E-02,2.681E+00,1.300E+00,3.135E-02,3.138E-02,1.846E+00,3.263E-02,2.681E+00,1.300E+00,3.135E-02,3.138E-02
Le [W/(sr*sqm)] (380-780nm),6.030E-03,3.164E-04,8.788E-03,4.162E-03,3.751E-04,1.819E-04,6.030E-03,3.164E-04,8.788E-03,4.162E-03,3.751E-04,1.819E-04
CCT [K],7836,6013,7909,7422,6734,5501,7836,6013,7909,7422,6734,5501
DWl [nm],481.7,-569.2,481.6,484.1,433.2,-558.0,481.7,-569.2,481.6,484.1,433.2,-558.0
PE [%],14.7,6.7,15.0,12.7,11.6,4.9,14.7,6.7,15.0,12.7,11.6,4.9
,,,,,,,,,,,,
Chrom. Coord.,,,,,,,,,,,,
x,0.2966,0.3233,0.2959,0.3002,0.3140,0.3323,0.2966,0.3233,0.2959,0.3002,0.3140,0.3323
y,0.3068,0.3116,0.3060,0.3148,0.2954,0.3204,0.3068,0.3116,0.3060,0.3148,0.2954,0.3204
u',0.1949,0.2123,0.1947,0.1944,0.2123,0.2151,0.1949,0.2123,0.1947,0.1944,0.2123,0.2151
v',0.4535,0.4603,0.4530,0.4586,0.4493,0.4666,0.4535,0.4603,0.4530,0.4586,0.4493,0.4666
,,,,,,,,,,,,
CIE 13.3-1995 CRI,,,,,,,,,,,,
Ref. Illum.,Daylight >7000K,Daylight 5000-7000K,Daylight >7000K,Daylight >7000K,Daylight 5000-7000K,Daylight 5000-7000K,Daylight >7000K,Daylight 5000-7000K,Daylight >7000K,Daylight >7000K,Daylight 5000-7000K,Daylight 5000-7000K
CCT [K],7836,6013,7909,7422,6734,5501,7836,6013,7909,7422,6734,5501
R1,72.4,82.9,72.4,71.4,68.6,84.1,72.4,82.9,72.4,71.4,68.6,84.1
R2,73.1,87.5,73.2,74.1,79.6,89.3,73.1,87.5,73.2,74.1,79.6,89.3
R3,71.2,76.7,71.2,73.6,80.4,70.2,71.2,76.7,71.2,73.6,80.4,70.2
R4,74.5,91.1,74.7,74.3,81.0,92.3,74.5,91.1,74.7,74.3,81.0,92.3
R5,74.0,89.8,74.1,72.9,78.0,89.2,74.0,89.8,74.1,72.9,78.0,89.2
R6,65.0,90.7,65.0,65.8,78.7,90.8,65.0,90.7,65.0,65.8,78.7,90.8
R7,77.9,99.0,78.2,79.5,91.6,95.2,77.9,99.0,78.2,79.5,91.6,95.2
R8,64.4,92.4,64.6,63.0,79.2,92.3,64.4,92.4,64.6,63.0,79.2,92.3
R9,-23.3,89.5,-22.9,-27.5,60.9,81.0,-23.3,89.5,-22.9,-27.5,60.9,81.0
R10,33.9,90.8,34.0,36.3,81.8,83.7,33.9,90.8,34.0,36.3,81.8,83.7
R11,74.9,92.8,74.9,73.2,87.9,78.6,74.9,92.8,74.9,73.2,87.9,78.6
R12,44.9,90.2,44.9,43.3,78.8,76.3,44.9,90.2,44.9,43.3,78.8,76.3
R13,71.2,80.4,71.2,71.0,68.2,82.8,71.2,80.4,71.2,71.0,68.2,82.8
R14,83.6,82.4,83.6,85.0,83.4,77.8,83.6,82.4,83.6,85.0,83.4,77.8
R15,67.1,76.4,67.3,66.0,61.0,76.1,67.1,76.4,67.3,66.0,61.0,76.1
Ra,71.58,88.77,71.68,71.83,79.62,87.91,71.58,88.77,71.68,71.83,79.62,87.91
DC,3.2E-03,1.9E-02,3.4E-03,8.8E-04,2.0E-02,1.8E-02,3.2E-03,1.9E-02,3.4E-03,8.8E-04,2.0E-02,1.8E-02
,,,,,,,,,,,,
PAR,,,,,,,,,,,,
Begin [nm],400,400,400,400,400,400,400,400,400,400,400,400
End [nm],700,700,700,700,700,700,700,700,700,700,700,700
Ephot [umol/s sqm],0.0262,0.0005,0.0382,0.0181,0.0005,0.0005,0.0262,0.0005,0.0382,0.0181,0.0005,0.0005
,,,,,,,,,,,,
Circadian,,,,,,,,,,,,
Lec [W/sr*sqm],0.002,0.000,0.004,0.002,0.000,0.000,0.002,0.000,0.004,0.002,0.000,0.000
acv,0.907,1.023,0.918,0.874,1.180,0.881,0.907,1.023,0.918,0.874,1.180,0.881
CCT [K],7836,6013,7909,7422,6734,5501,7836,6013,7909,7422,6734,5501
,,,,,,,,,,,,
LED Values,,,,,,,,,,,,
Peak WL [nm],445.0,370.0,445.0,447.0,371.0,369.0,445.0,370.0,445.0,447.0,371.0,369.0
Peak FWHM [nm],22.9,11.3,23.9,21.6,11.4,10.9,22.9,11.3,23.9,21.6,11.4,10.9
Centroid WL [nm],527.8,371.4,527.8,530.1,372.1,372.3,527.8,371.4,527.8,530.1,372.1,372.3
,,,,,,,,,,,,
RGB Values,,,,,,,,,,,,
RGB Space,manual,manual,manual,manual,manual,manual,manual,manual,manual,manual,manual,manual
R,1.4,0.0,2.1,1.0,0.0,0.0,1.4,0.0,2.1,1.0,0.0,0.0
G,1.9,0.0,2.8,1.4,0.0,0.0,1.9,0.0,2.8,1.4,0.0,0.0
B,2.4,0.0,3.5,1.6,0.0,0.0,2.4,0.0,3.5,1.6,0.0,0.0
,,,,,,,,,,,,
,,,,,,,,,,,,
Wavelength [nm],Le [W/(sr*sqm*nm)],Le [W/(sr*sqm*nm)],Le [W/(sr*sqm*nm)],Le [W/(sr*sqm*nm)],Le [W/(sr*sqm*nm)],Le [W/(sr*sqm*nm)],Le [W/(sr*sqm*nm)],Le [W/(sr*sqm*nm)],Le [W/(sr*sqm*nm)],Le [W/(sr*sqm*nm)],Le [W/(sr*sqm*nm)],Le [W/(sr*sqm*nm)]
350 nm,0.00000E+00,3.81145E-07,0.00000E+00,3.14894E-06,6.29059E-06,6.25939E-06,0.00000E+00,3.81145E-07,0.00000E+00,3.14894E-06,6.29059E-06,6.25939E-06
351 nm,6.42839E-06,4.48538E-06,1.82195E-07,1.57879E-06,7.09892E-06,2.35125E-07,6.42839E-06,4.48538E-06,1.82195E-07,1.57879E-06,7.09892E-06,2.35125E-07
352 nm,2.58653E-07,3.48568E-06,5.67737E-07,8.12308E-07,9.48953E-06,3.68538E-06,2.58653E-07,3.48568E-06,5.67737E-07,8.12308E-07,9.48953E-06,3.68538E-06
353 nm,3.85908E-06,2.91499E-06,5.21605E-06,4.88817E-07,3.72167E-06,1.08038E-06,3.85908E-06,2.91499E-06,5.21605E-06,4.88817E-07,3.72167E-06,1.08038E-06
354 nm,0.00000E+00,3.42121E-06,0.00000E+00,7.25167E-07,5.82583E-06,1.01225E-06,0.00000E+00,3.42121E-06,0.00000E+00,7.25167E-07,5.82583E-06,1.01225E-06
355 nm,7.18366E-07,4.39500E-06,1.10515E-06,2.18669E-06,4.50589E-06,2.09869E-06,7.18366E-07,4.39500E-06,1.10515E-06,2.18669E-06,4.50589E-06,2.09869E-06
356 nm,3.23220E-06,7.36107E-07,2.47004E-06,2.86950E-07,3.83230E-06,2.65047E-06,3.23220E-06,7.36107E-07,2.47004E-06,2.86950E-07,3.83230E-06,2.65047E-06
357 nm,8.04655E-07,5.00024E-06,2.49657E-06,2.40713E-06,3.63641E-06,2.45945E-06,8.04655E-07,5.00024E-06,2.49657E-06,2.40713E-06,3.63641E-06,2.45945E-06
358 nm,5.27321E-07,8.93029E-06,1.57878E-07,2.97178E-07,6.08481E-06,1.83928E-06,5.27321E-07,8.93029E-06,1.57878E-07,2.97178E-07,6.08481E-06,1.83928E-06
359 nm,1.51119E-06,9.55497E-06,1.64377E-06,8.89573E-07,1.14045E-05,4.45341E-06,1.51119E-06,9.55497E-06,1.64377E-06,8.89573E-07,1.14045E-05,4.45341E-06
360 nm,0.00000E+00,1.40819E-05,0.00000E+00,0.00000E+00,1.85101E-05,7.07166E-06,0.00000E+00,1.40819E-05,0.00000E+00,0.00000E+00,1.85101E-05,7.07166E-06
361 nm,1.29536E-06,2.23634E-05,2.71507E-07,1.12456E-06,2.38033E-05,1.07428E-05,1.29536E-06,2.23634E-05,2.71507E-07,1.12456E-06,2.38033E-05,1.07428E-05
362 nm,2.67895E-07,3.30344E-05,0.00000E+00,1.62837E-07,3.69830E-05,1.55176E-05,2.67895E-07,3.30344E-05,0.00000E+00,1.62837E-07,3.69830E-05,1.55176E-05
363 nm,5.74891E-09,4.59430E-05,2.05833E-06,0.00000E+00,4.96980E-05,2.13809E-05,5.74891E-09,4.59430E-05,2.05833E-06,0.00000E+00,4.96980E-05,2.13809E-05
364 nm,9.06145E-08,6.23061E-05,1.89374E-06,3.89007E-07,6.60666E-05,2.87833E-05,9.06145E-08,6.23061E-05,1.89374E-06,3.89007E-07,6.60666E-05,2.87833E-05
365 nm,5.71867E-07,8.41670E-05,6.19540E-07,1.28292E-06,9.10003E-05,3.53168E-05,5.71867E-07,8.41670E-05,6.19540E-07,1.28292E-06,9.10003E-05,3.53168E-05
366 nm,9.98211E-08,1.07747E-04,1.67955E-06,0.00000E+00,1.16512E-04,4.42519E-05,9.98211E-08,1.07747E-04,1.67955E-06,0.00000E+00,1.16512E-04,4.42519E-05
367 nm,2.36440E-07,1.25291E-04,5.38848E-07,3.85994E-08,1.41117E-04,5.34363E-05,2.36440E-07,1.25291E-04,5.38848E-07,3.85994E-08,1.41117E-04,5.34363E-05
368 nm,1.69974E-07,1.48506E-04,0.00000E+00,9.33437E-08,1.67429E-04,6.14140E-05,1.69974E-07,1.48506E-04,0.00000E+00,9.33437E-08,1.67429E-04,6.14140E-05
369 nm,8.83149E-07,1.63080E-04,2.84626E-06,9.21386E-07,1.89889E-04,6.65176E-05,8.83149E-07,1.63080E-04,2.84626E-06,9.21386E-07,1.89889E-04,6.65176E-05
370 nm,1.92564E-06,1.64052E-04,0.00000E+00,1.26538E-07,1.93408E-04,6.51321E-05,1.92564E-06,1.64052E-04,0.00000E+00,1.26538E-07,1.93408E-04,6.51321E-05
371 nm,0.00000E+00,1.62829E-04,4.63182E-07,9.81070E-07,1.98115E-04,6.34987E-05,0.00000E+00,1.62829E-04,4.63182E-07,9.81070E-07,1.98115E-04,6.34987E-05
372 nm,1.92704E-07,1.52056E-04,0.00000E+00,1.88035E-07,1.90577E-04,5.79460E-05,1.92704E-07,1.52056E-04,0.00000E+00,1.88035E-07,1.90577E-04,5.79460E-05
373 nm,1.78757E-08,1.41317E-04,2.43467E-06,3.75114E-07,1.77957E-04,5.13628E-05,1.78757E-08,1.41317E-04,2.43467E-06,3.75114E-07,1.77957E-04,5.13628E-05
374 nm,0.00000E+00,1.18841E-04,6.59538E-07,2.81332E-07,1.51118E-04,4.15897E-05,0.00000E+00,1.18841E-04,6.59538E-07,2.81332E-07,1.51118E-04,4.15897E-05
375 nm,1.30147E-07,1.03445E-04,1.28230E-08,0.00000E+00,1.35980E-04,3.70096E-05,1.30147E-07,1.03445E-04,1.28230E-08,0.00000E+00,1.35980E-04,3.70096E-05
376 nm,1.16026E-06,8.49577E-05,7.33031E-08,3.04577E-07,1.12904E-04,3.09057E-05,1.16026E-06,8.49577E-05,7.33031E-08,3.04577E-07,1.12904E-04,3.09057E-05
377 nm,1.73806E-06,7.02550E-05,0.00000E+00,3.49251E-07,9.34922E-05,2.52717E-05,1.73806E-06,7.02550E-05,0.00000E+00,3.49251E-07,9.34922E-05,2.52717E-05
378 nm,8.65120E-07,5.86528E-05,4.00327E-07,0.00000E+00,7.81532E-05,2.13966E-05,8.65120E-07,5.86528E-05,4.00327E-07,0.00000E+00,7.81532E-05,2.13966E-05
379 nm,2.39698E-08,4.80496E-05,2.90126E-08,1.87266E-07,6.63566E-05,1.77083E-05,2.39698E-08,4.80496E-05,2.90126E-08,1.87266E-07,6.63566E-05,1.77083E-05
380 nm,8.63358E-08,4.04738E-05,8.63360E-09,1.54322E-07,5.38670E-05,1.49025E-05,8.63358E-08,4.04738E-05,8.63360E-09,1.54322E-07,5.38670E-05,1.49025E-05
381 nm,1.20823E-06,3.52421E-05,6.25356E-09,4.59423E-07,4.49630E-05,1.19950E-05,1.20823E-06,3.52421E-05,6.25356E-09,4.59423E-07,4.49630E-05,1.19950E-05
382 nm,4.79287E-07,2.87175E-05,0.00000E+00,2.13526E-07,3.64834E-05,9.52012E-06,4.79287E-07,2.87175E-05,0.00000E+00,2.13526E-07,3.64834E-05,9.52012E-06
383 nm,4.52064E-07,2.08569E-05,3.18540E-07,3.46331E-07,2.86864E-05,7.68484E-06,4.52064E-07,2.08569E-05,3.18540E-07,3.46331E-07,2.86864E-05,7.68484E-06
384 nm,9.92771E-08,1.86371E-05,6.07580E-08,8.67917E-07,2.37016E-05,5.69240E-06,9.92771E-08,1.86371E-05,6.07580E-08,8.67917E-07,2.37016E-05,5.69240E-06
385 nm,1.09501E-08,1.42569E-05,5.36169E-07,0.00000E+00,1.83714E-05,5.49125E-06,1.09501E-08,1.42569E-05,5.36169E-07,0.00000E+00,1.83714E-05,5.49125E-06
386 nm,1.97746E-07,1.02201E-05,1.41089E-06,4.07345E-07,1.44777E-05,3.23945E-06,1.97746E-07,1.02201E-05,1.41089E-06,4.07345E-07,1.44777E-05,3.23945E-06
387 nm,1.87933E-07,9.22065E-06,3.59947E-07,4.29774E-07,1.03467E-05,3.00473E-06,1.87933E-07,9.22065E-06,3.59947E-07,4.29774E-07,1.03467E-05,3.00473E-06
388 nm,7.61555E-07,6.31365E-06,6.08840E-07,1.36362E-07,8.33267E-06,2.32552E-06,7.61555E-07,6.31365E-06,6.08840E-07,1.36362E-07,8.33267E-06,2.32552E-06
389 nm,4.18002E-07,4.30059E-06,0.00000E+00,2.25046E-07,6.30804E-06,1.77811E-06,4.18002E-07,4.30059E-06,0.00000E+00,2.25046E-07,6.30804E-06,1.77811E-06
390 nm,9.97371E-07,2.91482E-06,4.68988E-08,8.44006E-07,4.13146E-06,8.45026E-07,9.97371E-07,2.91482E-06,4.68988E-08,8.44006E-07,4.13146E-06,8.45026E-07
391 nm,3.42416E-07,2.92115E-06,3.75889E-07,2.54165E-07,4.19035E-06,1.03486E-06,3.42416E-07,2.92115E-06,3.75889E-07,2.54165E-07,4.19035E-06,1.03486E-06
392 nm,8.53679E-09,2.35924E-06,0.00000E+00,7.21752E-07,2.84176E-06,4.46410E-07,8.53679E-09,2.35924E-06,0.00000E+00,7.21752E-07,2.84176E-06,4.46410E-07
393 nm,2.93765E-07,2.04364E-06,4.89722E-07,0.00000E+00,2.05534E-06,5.13786E-07,2.93765E-07,2.04364E-06,4.89722E-07,0.00000E+00,2.05534E-06,5.13786E-07
394 nm,3.06122E-07,1.58623E-06,1.14992E-07,8.48210E-07,1.77065E-06,5.63817E-07,3.06122E-07,1.58623E-06,1.14992E-07,8.48210E-07,1.77065E-06,5.63817E-07
395 nm,5.87065E-07,9.78263E-07,9.84344E-07,5.30286E-07,7.62535E-07,6.14647E-07,5.87065E-07,9.78263E-07,9.84344E-07,5.30286E-07,7.62535E-07,6.14647E-07
396 nm,0.00000E+00,5.03100E-07,1.19178E-06,5.31447E-07,7.61260E-07,9.61017E-07,0.00000E+00,5.03100E-07,1.19178E-06,5.31447E-07,7.61260E-07,9.61017E-07
397 nm,0.00000E+00,4.18443E-07,1.37419E-06,1.05038E-07,8.85310E-07,3.04364E-07,0.00000E+00,4.18443E-07,1.37419E-06,1.05038E-07,8.85310E-07,3.04364E-07
398 nm,6.59831E-07,4.69422E-07,1.67731E-07,2.91477E-07,1.02613E-06,3.60176E-07,6.59831E-07,4.69422E-07,1.67731E-07,2.91477E-07,1.02613E-06,3.60176E-07
399 nm,7.75592E-07,7.26588E-07,6.48500E-07,3.79624E-07,1.78677E-07,4.07832E-07,7.75592E-07,7.26588E-07,6.48500E-07,3.79624E-07,1.78677E-07,4.07832E-07
400 nm,6.20116E-07,5.51392E-07,1.28027E-06,1.44755E-08,3.74471E-07,1.00613E-07,6.20116E-07,5.51392E-07,1.28027E-06,1.44755E-08,3.74471E-07,1.00613E-07
401 nm,1.01425E-06,7.19146E-07,6.28891E-07,9.06455E-07,3.92083E-07,2.55304E-08,1.01425E-06,7.19146E-07,6.28891E-07,9.06455E-07,3.92083E-07,2.55304E-08
402 nm,5.42742E-07,4.66180E-07,1.11185E-06,5.90077E-07,8.80563E-07,1.45590E-07,5.42742E-07,4.66180E-07,1.11185E-06,5.90077E-07,8.80563E-07,1.45590E-07
403 nm,3.19155E-07,7.61391E-07,0.00000E+00,2.89403E-07,3.30334E-07,2.88606E-07,3.19155E-07,7.61391E-07,0.00000E+00,2.89403E-07,3.30334E-07,2.88606E-07
404 nm,7.25885E-07,1.63660E-07,1.60992E-06,7.09155E-07,2.05214E-07,6.37804E-07,7.25885E-07,1.63660E-07,1.60992E-06,7.09155E-07,2.05214E-07,6.37804E-07
405 nm,3.25411E-07,2.94476E-07,1.95603E-06,1.28928E-07,4.21682E-07,4.68758E-07,3.25411E-07,2.94476E-07,1.95603E-06,1.28928E-07,4.21682E-07,4.68758E-07
406 nm,1.87614E-06,3.17142E-08,1.63939E-06,8.64743E-07,3.87945E-07,3.97761E-08,1.87614E-06,3.17142E-08,1.63939E-06,8.64743E-07,3.87945E-07,3.97761E-08
407 nm,5.07685E-07,5.22993E-07,1.60978E-06,0.00000E+00,5.58077E-08,4.81324E-07,5.07685E-07,5.22993E-07,1.60978E-06,0.00000E+00,5.58077E-08,4.81324E-07
408 nm,1.27349E-06,0.00000E+00,1.69625E-06,6.25179E-07,4.68659E-07,1.24836E-07,1.27349E-06,0.00000E+00,1.69625E-06,6.25179E-07,4.68659E-07,1.24836E-07
409 nm,5.80187E-07,3.76079E-08,2.59422E-06,8.29625E-07,2.00725E-07,1.85259E-07,5.80187E-07,3.76079E-08,2.59422E-06,8.29625E-07,2.00725E-07,1.85259E-07
410 nm,1.81188E-06,3.17241E-08,2.24806E-06,4.67324E-07,0.00000E+00,4.83293E-08,1.81188E-06,3.17241E-08,2.24806E-06,4.67324E-07,0.00000E+00,4.83293E-08
411 nm,2.41158E-06,2.30404E-07,3.07652E-06,9.83567E-07,9.89161E-07,1.35356E-08,2.41158E-06,2.30404E-07,3.07652E-06,9.83567E-07,9.89161E-07,1.35356E-08
412 nm,1.47432E-06,3.54556E-07,3.05005E-06,4.34118E-07,3.56580E-07,4.07992E-08,1.47432E-06,3.54556E-07,3.05005E-06,4.34118E-07,3.56580E-07,4.07992E-08
413 nm,2.05063E-06,2.62915E-08,4.75951E-06,1.87292E-06,4.54953E-07,3.93957E-07,2.05063E-06,2.62915E-08,4.75951E-06,1.87292E-06,4.54953E-07,3.93957E-07
414 nm,2.52303E-06,3.35724E-08,4.30685E-06,1.73597E-06,7.33387E-07,3.18866E-07,2.52303E-06,3.35724E-08,4.30685E-06,1.73597E-06,7.33387E-07,3.18866E-07
415 nm,3.05081E-06,2.27933E-07,5.37115E-06,1.87290E-06,3.38767E-07,4.19899E-07,3.05081E-06,2.27933E-07,5.37115E-06,1.87290E-06,3.38767E-07,4.19899E-07
416 nm,3.55946E-06,9.85893E-07,5.84232E-06,2.29094E-06,0.00000E+00,1.57651E-07,3.55946E-06,9.85893E-07,5.84232E-06,2.29094E-06,0.00000E+00,1.57651E-07
417 nm,4.58041E-06,4.56748E-07,8.04428E-06,2.77134E-06,4.54796E-08,0.00000E+00,4.58041E-06,4.56748E-07,8.04428E-06,2.77134E-06,4.54796E-08,0.00000E+00
418 nm,5.90969E-06,8.02544E-07,8.25969E-06,3.10486E-06,9.64928E-07,1.19490E-07,5.90969E-06,8.02544E-07,8.25969E-06,3.10486E-06,9.64928E-07,1.19490E-07
419 nm,6.36091E-06,4.88893E-07,9.99337E-06,3.16452E-06,4.52269E-07,1.72202E-07,6.36091E-06,4.88893E-07,9.99337E-06,3.16452E-06,4.52269E-07,1.72202E-07
420 nm,7.28465E-06,4.12460E-07,1.17116E-05,4.03198E-06,3.65058E-08,0.00000E+00,7.28465E-06,4.12460E-07,1.17116E-05,4.03198E-06,3.65058E-08,0.00000E+00
421 nm,9.19150E-06,2.96401E-07,1.31495E-05,5.22527E-06,1.42104E-07,2.83111E-08,9.19150E-06,2.96401E-07,1.31495E-05,5.22527E-06,1.42104E-07,2.83111E-08
422 nm,1.10623E-05,1.83096E-07,1.64424E-05,4.94135E-06,3.23736E-07,7.33617E-08,1.10623E-05,1.83096E-07,1.64424E-05,4.94135E-06,3.23736E-07,7.33617E-08
423 nm,1.17216E-05,2.92630E-07,1.79768E-05,6.50004E-06,0.00000E+00,3.07076E-07,1.17216E-05,2.92630E-07,1.79768E-05,6.50004E-06,0.00000E+00,3.07076E-07
424 nm,1.39788E-05,5.04832E-08,2.09059E-05,6.91798E-06,2.59119E-09,0.00000E+00,1.39788E-05,5.04832E-08,2.09059E-05,6.91798E-06,2.59119E-09,0.00000E+00
425 nm,1.57614E-05,4.67122E-07,2.31706E-05,8.07186E-06,1.09329E-07,7.12695E-08,1.57614E-05,4.67122E-07,2.31706E-05,8.07186E-06,1.09329E-07,7.12695E-08
426 nm,1.71102E-05,3.52064E-07,2.63422E-05,8.96546E-06,9.66432E-07,9.59260E-08,1.71102E-05,3.52064E-07,2.63422E-05,8.96546E-06,9.66432E-07,9.59260E-08
427 nm,2.02048E-05,2.17599E-07,3.06664E-05,1.10269E-05,2.07377E-07,2.07698E-08,2.02048E-05,2.17599E-07,3.06664E-05,1.10269E-05,2.07377E-07,2.07698E-08
428 nm,2.21196E-05,3.77207E-07,3.26590E-05,1.16022E-05,4.44362E-07,4.52582E-07,2.21196E-05,3.77207E-07,3.26590E-05,1.16022E-05,4.44362E-07,4.52582E-07
429 nm,2.52851E-05,4.28143E-07,3.68909E-05,1.36262E-05,6.65380E-07,4.77481E-07,2.52851E-05,4.28143E-07,3.68909E-05,1.36262E-05,6.65380E-07,4.77481E-07
430 nm,2.82575E-05,2.01364E-07,4.20743E-05,1.54862E-05,0.00000E+00,1.10657E-07,2.82575E-05,2.01364E-07,4.20743E-05,1.54862E-05,0.00000E+00,1.10657E-07
431 nm,3.05291E-05,9.12308E-07,4.52711E-05,1.62271E-05,0.00000E+00,1.96012E-07,3.05291E-05,9.12308E-07,4.52711E-05,1.62271E-05,0.00000E+00,1.96012E-07
432 nm,3.39773E-05,8.61643E-09,4.92014E-05,1.83914E-05,9.51731E-07,0.00000E+00,3.39773E-05,8.61643E-09,4.92014E-05,1.83914E-05,9.51731E-07,0.00000E+00
433 nm,3.70073E-05,2.88252E-07,5.52354E-05,2.06007E-05,2.41855E-07,6.50190E-07,3.70073E-05,2.88252E-07,5.52354E-05,2.06007E-05,2.41855E-07,6.50190E-07
434 nm,4.19324E-05,7.63426E-07,6.09697E-05,2.32029E-05,7.92184E-07,5.54874E-07,4.19324E-05,7.63426E-07,6.09697E-05,2.32029E-05,7.92184E-07,5.54874E-07
435 nm,4.50146E-05,9.67522E-07,6.59585E-05,2.50553E-05,1.56141E-06,1.07069E-06,4.50146E-05,9.67522E-07,6.59585E-05,2.50553E-05,1.56141E-06,1.07069E-06
436 nm,4.94019E-05,1.11905E-06,6.99760E-05,2.79838E-05,1.35462E-06,9.71190E-07,4.94019E-05,1.11905E-06,6.99760E-05,2.79838E-05,1.35462E-06,9.71190E-07
437 nm,5.24249E-05,5.03844E-07,7.49745E-05,3.06544E-05,6.20709E-07,1.01962E-06,5.24249E-05,5.03844E-07,7.49745E-05,3.06544E-05,6.20709E-07,1.01962E-06
438 nm,5.64836E-05,2.62780E-07,8.08281E-05,3.37281E-05,6.51288E-07,8.62873E-07,5.64836E-05,2.62780E-07,8.08281E-05,3.37281E-05,6.51288E-07,8.62873E-07
439 nm,6.07504E-05,1.64625E-07,8.68592E-05,3.63104E-05,2.72222E-07,4.27909E-07,6.07504E-05,1.64625E-07,8.68592E-05,3.63104E-05,2.72222E-07,4.27909E-07
440 nm,6.40763E-05,5.13692E-07,9.22225E-05,3.96586E-05,3.98615E-07,1.20028E-07,6.40763E-05,5.13692E-07,9.22225E-05,3.96586E-05,3.98615E-07,1.20028E-07
441 nm,6.82803E-05,9.94277E-07,9.59190E-05,4.17224E-05,3.54338E-07,5.22485E-07,6.82803E-05,9.94277E-07,9.59190E-05,4.17224E-05,3.54338E-07,5.22485E-07
442 nm,7.10784E-05,2.33665E-07,9.99836E-05,4.54564E-05,2.32732E-07,4.12947E-08,7.10784E-05,2.33665E-07,9.99836E-05,4.54564E-05,2.32732E-07,4.12947E-08
443 nm,7.24022E-05,0.00000E+00,1.04044E-04,4.64696E-05,8.27873E-07,1.14789E-07,7.24022E-05,0.00000E+00,1.04044E-04,4.64696E-05,8.27873E-07,1.14789E-07
444 nm,7.44821E-05,3.74763E-08,1.05153E-04,4.89006E-05,0.00000E+00,5.54687E-07,7.44821E-05,3.74763E-08,1.05153E-04,4.89006E-05,0.00000E+00,5.54687E-07
445 nm,7.45884E-05,6.64319E-07,1.06619E-04,5.00137E-05,2.32560E-07,0.00000E+00,7.45884E-05,6.64319E-07,1.06619E-04,5.00137E-05,2.32560E-07,0.00000E+00
446 nm,7.34662E-05,3.85274E-07,1.05729E-04,5.06997E-05,2.62674E-07,5.84138E-07,7.34662E-05,3.85274E-07,1.05729E-04,5.06997E-05,2.62674E-07,5.84138E-07
447 nm,7.26083E-05,9.53809E-07,1.04451E-04,5.11815E-05,7.07823E-07,3.17847E-08,7.26083E-05,9.53809E-07,1.04451E-04,5.11815E-05,7.07823E-07,3.17847E-08
448 nm,6.96636E-05,2.57502E-07,1.00106E-04,4.91514E-05,1.80237E-07,7.61571E-08,6.96636E-05,2.57502E-07,1.00106E-04,4.91514E-05,1.80237E-07,7.61571E-08
449 nm,6.63871E-05,1.36344E-07,9.64355E-05,4.74405E-05,7.19958E-07,3.99402E-07,6.63871E-05,1.36344E-07,9.64355E-05,4.74405E-05,7.19958E-07,3.99402E-07
450 nm,6.21332E-05,5.65576E-07,9.17875E-05,4.56220E-05,7.03305E-07,4.16420E-07,6.21332E-05,5.65576E-07,9.17875E-05,4.56220E-05,7.03305E-07,4.16420E-07
451 nm,5.70325E-05,1.15672E-06,8.51787E-05,4.22856E-05,4.93375E-07,5.39666E-07,5.70325E-05,1.15672E-06,8.51787E-05,4.22856E-05,4.93375E-07,5.39666E-07
452 nm,5.40748E-05,4.46810E-07,8.01865E-05,3.88372E-05,5.34287E-07,5.37513E-07,5.40748E-05,4.46810E-07,8.01865E-05,3.88372E-05,5.34287E-07,5.37513E-07
453 nm,4.90603E-05,6.18815E-07,7.24999E-05,3.58484E-05,3.80889E-08,2.69449E-07,4.90603E-05,6.18815E-07,7.24999E-05,3.58484E-05,3.80889E-08,2.69449E-07
454 nm,4.45409E-05,3.10307E-07,6.61453E-05,3.33535E-05,9.74391E-07,3.88691E-07,4.45409E-05,3.10307E-07,6.61453E-05,3.33535E-05,9.74391E-07,3.88691E-07
455 nm,4.08610E-05,5.94213E-07,6.07754E-05,3.03286E-05,7.14290E-07,3.76489E-07,4.08610E-05,5.94213E-07,6.07754E-05,3.03286E-05,7.14290E-07,3.76489E-07
456 nm,3.72717E-05,5.75745E-07,5.58610E-05,2.77391E-05,1.90361E-08,4.27420E-07,3.72717E-05,5.75745E-07,5.58610E-05,2.77391E-05,1.90361E-08,4.27420E-07
457 nm,3.37158E-05,3.42082E-07,5.15493E-05,2.51185E-05,6.68697E-07,3.11449E-07,3.37158E-05,3.42082E-07,5.15493E-05,2.51185E-05,6.68697E-07,3.11449E-07
458 nm,3.14195E-05,6.15705E-07,4.69549E-05,2.27386E-05,2.24090E-07,2.97248E-07,3.14195E-05,6.15705E-07,4.69549E-05,2.27386E-05,2.24090E-07,2.97248E-07
459 nm,2.87015E-05,7.78601E-07,4.31844E-05,2.09770E-05,9.86143E-07,5.14897E-07,2.87015E-05,7.78601E-07,4.31844E-05,2.09770E-05,9.86143E-07,5.14897E-07
460 nm,2.57561E-05,7.46163E-07,3.91427E-05,1.93270E-05,8.69268E-07,9.46284E-07,2.57561E-05,7.46163E-07,3.91427E-05,1.93270E-05,8.69268E-07,9.46284E-07
461 nm,2.38525E-05,5.81024E-07,3.55899E-05,1.75024E-05,1.01475E-07,8.49559E-07,2.38525E-05,5.81024E-07,3.55899E-05,1.75024E-05,1.01475E-07,8.49559E-07
462 nm,2.25626E-05,3.44123E-07,3.40092E-05,1.67830E-05,1.54070E-06,9.47476E-07,2.25626E-05,3.44123E-07,3.40092E-05,1.67830E-05,1.54070E-06,9.47476E-07
463 nm,2.11747E-05,8.55589E-07,3.22826E-05,1.56224E-05,5.19345E-07,6.96254E-07,2.11747E-05,8.55589E-07,3.22826E-05,1.56224E-05,5.19345E-07,6.96254E-07
464 nm,1.92848E-05,5.66515E-07,2.97528E-05,1.45594E-05,8.57326E-07,8.58809E-07,1.92848E-05,5.66515E-07,2.97528E-05,1.45594E-05,8.57326E-07,8.58809E-07
465 nm,1.79745E-05,3.76047E-07,2.77875E-05,1.34865E-05,8.38347E-07,9.62388E-07,1.79745E-05,3.76047E-07,2.77875E-05,1.34865E-05,8.38347E-07,9.62388E-07
466 nm,1.73293E-05,9.29167E-07,2.45244E-05,1.25206E-05,8.62800E-07,7.71794E-07,1.73293E-05,9.29167E-07,2.45244E-05,1.25206E-05,8.62800E-07,7.71794E-07
467 nm,1.55234E-05,7.73079E-07,2.44579E-05,1.18729E-05,7.05425E-07,6.95465E-07,1.55234E-05,7.73079E-07,2.44579E-05,1.18729E-05,7.05425E-07,6.95465E-07
468 nm,1.41990E-05,7.20605E-07,2.18498E-05,1.08253E-05,1.16698E-06,1.02307E-06,1.41990E-05,7.20605E-07,2.18498E-05,1.08253E-05,1.16698E-06,1.02307E-06
469 nm,1.41408E-05,1.71642E-07,2.00806E-05,1.00831E-05,4.88451E-09,8.22112E-07,1.41408E-05,1.71642E-07,2.00806E-05,1.00831E-05,4.88451E-09,8.22112E-07
470 nm,1.25264E-05,6.95424E-07,1.95584E-05,9.64503E-06,6.94236E-07,8.63320E-07,1.25264E-05,6.95424E-07,1.95584E-05,9.64503E-06,6.94236E-07,8.63320E-07
471 nm,1.17712E-05,7.86999E-07,1.76787E-05,8.91044E-06,1.07106E-06,7.59791E-07,1.17712E-05,7.86999E-07,1.76787E-05,8.91044E-06,1.07106E-06,7.59791E-07
472 nm,1.12396E-05,1.13027E-06,1.67621E-05,7.92745E-06,7.50518E-07,7.59526E-07,1.12396E-05,1.13027E-06,1.67621E-05,7.92745E-06,7.50518E-07,7.59526E-07
473 nm,1.02779E-05,8.67274E-07,1.58166E-05,7.44134E-06,7.25517E-07,2.70538E-07,1.02779E-05,8.67274E-07,1.58166E-05,7.44134E-06,7.25517E-07,2.70538E-07
474 nm,1.04457E-05,3.40103E-07,1.49643E-05,7.71191E-06,1.10205E-06,7.57891E-07,1.04457E-05,3.40103E-07,1.49643E-05,7.71191E-06,1.10205E-06,7.57891E-07
475 nm,9.46688E-06,7.22107E-07,1.42816E-05,7.08482E-06,1.24777E-06,6.02409E-07,9.46688E-06,7.22107E-07,1.42816E-05,7.08482E-06,1.24777E-06,6.02409E-07
476 nm,8.93496E-06,9.88816E-07,1.30218E-05,6.95336E-06,7.61522E-07,3.18860E-07,8.93496E-06,9.88816E-07,1.30218E-05,6.95336E-06,7.61522E-07,3.18860E-07
477 nm,8.92221E-06,2.21872E-07,1.32288E-05,6.37402E-06,1.04964E-07,5.57168E-07,8.92221E-06,2.21872E-07,1.32288E-05,6.37402E-06,1.04964E-07,5.57168E-07
478 nm,8.47218E-06,8.73161E-07,1.20228E-05,6.28438E-06,8.10222E-07,2.53045E-07,8.47218E-06,8.73161E-07,1.20228E-05,6.28438E-06,8.10222E-07,2.53045E-07
479 nm,8.06682E-06,1.46964E-07,1.21260E-05,5.81771E-06,2.76536E-07,6.26001E-07,8.06682E-06,1.46964E-07,1.21260E-05,5.81771E-06,2.76536E-07,6.26001E-07
480 nm,8.18069E-06,6.10010E-07,1.19825E-05,5.32217E-06,5.99445E-07,4.75250E-07,8.18069E-06,6.10010E-07,1.19825E-05,5.32217E-06,5.99445E-07,4.75250E-07
481 nm,7.94543E-06,5.21345E-07,1.19050E-05,5.60774E-06,5.78984E-07,4.91036E-07,7.94543E-06,5.21345E-07,1.19050E-05,5.60774E-06,5.78984E-07,4.91036E-07
482 nm,7.82723E-06,7.58575E-08,1.12616E-05,5.64827E-06,4.04490E-07,4.29912E-07,7.82723E-06,7.58575E-08,1.12616E-05,5.64827E-06,4.04490E-07,4.29912E-07
483 nm,7.48385E-06,2.65036E-07,1.10207E-05,5.64017E-06,3.29062E-08,6.49447E-07,7.48385E-06,2.65036E-07,1.10207E-05,5.64017E-06,3.29062E-08,6.49447E-07
484 nm,7.08591E-06,4.34445E-07,1.11047E-05,5.90178E-06,2.83189E-07,4.69605E-07,7.08591E-06,4.34445E-07,1.11047E-05,5.90178E-06,2.83189E-07,4.69605E-07
485 nm,7.09300E-06,8.43688E-07,1.05784E-05,5.50001E-06,8.08274E-07,7.66866E-07,7.09300E-06,8.43688E-07,1.05784E-05,5.50001E-06,8.08274E-07,7.66866E-07
486 nm,7.82412E-06,7.96690E-07,1.11215E-05,5.45828E-06,7.63554E-07,7.52774E-07,7.82412E-06,7.96690E-07,1.11215E-05,5.45828E-06,7.63554E-07,7.52774E-07
487 nm,7.58592E-06,7.52844E-07,1.22782E-05,5.72100E-06,5.60086E-07,7.75419E-07,7.58592E-06,7.52844E-07,1.22782E-05,5.72100E-06,5.60086E-07,7.75419E-07
488 nm,7.82146E-06,8.84224E-07,1.20402E-05,5.58313E-06,8.44997E-07,3.80684E-07,7.82146E-06,8.84224E-07,1.20402E-05,5.58313E-06,8.44997E-07,3.80684E-07
489 nm,7.83420E-06,4.73103E-07,1.18248E-05,6.02001E-06,6.98418E-07,7.00386E-07,7.83420E-06,4.73103E-07,1.18248E-05,6.02001E-06,6.98418E-07,7.00386E-07
490 nm,7.93728E-06,4.40885E-07,1.23267E-05,5.73638E-06,6.52854E-07,5.16521E-07,7.93728E-06,4.40885E-07,1.23267E-05,5.73638E-06,6.52854E-07,5.16521E-07
491 nm,8.63131E-06,4.07402E-07,1.35332E-05,6.42749E-06,4.10176E-07,6.02586E-07,8.63131E-06,4.07402E-07,1.35332E-05,6.42749E-06,4.10176E-07,6.02586E-07
492 nm,8.62408E-06,6.07336E-07,1.31128E-05,6.20346E-06,2.09217E-07,3.21926E-07,8.62408E-06,6.07336E-07,1.31128E-05,6.20346E-06,2.09217E-07,3.21926E-07
493 nm,9.44124E-06,4.64728E-07,1.37181E-05,6.45263E-06,9.07133E-07,6.92065E-07,9.44124E-06,4.64728E-07,1.37181E-05,6.45263E-06,9.07133E-07,6.92065E-07
494 nm,9.66737E-06,7.97015E-07,1.48772E-05,6.89298E-06,4.49301E-07,2.85839E-07,9.66737E-06,7.97015E-07,1.48772E-05,6.89298E-06,4.49301E-07,2.85839E-07
495 nm,1.03815E-05,4.89350E-07,1.51612E-05,7.16697E-06,2.43950E-07,3.32863E-07,1.03815E-05,4.89350E-07,1.51612E-05,7.16697E-06,2.43950E-07,3.32863E-07
496 nm,1.11570E-05,1.25057E-07,1.51329E-05,7.65818E-06,3.29841E-07,2.63150E-07,1.11570E-05,1.25057E-07,1.51329E-05,7.65818E-06,3.29841E-07,2.63150E-07
497 nm,1.12958E-05,3.23385E-07,1.65681E-05,8.05941E-06,3.47223E-07,2.11134E-07,1.12958E-05,3.23385E-07,1.65681E-05,8.05941E-06,3.47223E-07,2.11134E-07
498 nm,1.18989E-05,4.77282E-07,1.73420E-05,8.40799E-06,8.16209E-08,1.43379E-07,1.18989E-05,4.77282E-07,1.73420E-05,8.40799E-06,8.16209E-08,1.43379E-07
499 nm,1.20245E-05,2.73598E-08,1.83556E-05,9.19938E-06,2.01591E-07,2.85223E-07,1.20245E-05,2.73598E-08,1.83556E-05,9.19938E-06,2.01591E-07,2.85223E-07
500 nm,1.34009E-05,4.05734E-07,1.86527E-05,9.30725E-06,4.84506E-07,2.20073E-07,1.34009E-05,4.05734E-07,1.86527E-05,9.30725E-06,4.84506E-07,2.20073E-07
501 nm,1.36145E-05,3.10983E-07,2.03589E-05,1.00681E-05,1.11084E-06,1.39775E-07,1.36145E-05,3.10983E-07,2.03589E-05,1.00681E-05,1.11084E-06,1.39775E-07
502 nm,1.42747E-05,1.21968E-07,2.11811E-05,1.00748E-05,6.42926E-10,9.01249E-08,1.42747E-05,1.21968E-07,2.11811E-05,1.00748E-05,6.42926E-10,9.01249E-08
503 nm,1.54184E-05,7.89389E-08,2.22754E-05,1.10807E-05,3.73456E-07,1.80827E-07,1.54184E-05,7.89389E-08,2.22754E-05,1.10807E-05,3.73456E-07,1.80827E-07
504 nm,1.59635E-05,3.95924E-08,2.33843E-05,1.13031E-05,2.77279E-07,1.67790E-07,1.59635E-05,3.95924E-08,2.33843E-05,1.13031E-05,2.77279E-07,1.67790E-07
505 nm,1.63994E-05,2.68528E-07,2.41068E-05,1.24509E-05,4.44748E-07,4.51875E-09,1.63994E-05,2.68528E-07,2.41068E-05,1.24509E-05,4.44748E-07,4.51875E-09
506 nm,1.77548E-05,1.55927E-09,2.56081E-05,1.21907E-05,2.04707E-07,3.03686E-08,1.77548E-05,1.55927E-09,2.56081E-05,1.21907E-05,2.04707E-07,3.03686E-08
507 nm,1.89191E-05,2.60804E-07,2.63314E-05,1.27065E-05,4.74182E-07,4.54575E-08,1.89191E-05,2.60804E-07,2.63314E-05,1.27065E-05,4.74182E-07,4.54575E-08
508 nm,1.90184E-05,0.00000E+00,2.87618E-05,1.39965E-05,0.00000E+00,2.96979E-07,1.90184E-05,0.00000E+00,2.87618E-05,1.39965E-05,0.00000E+00,2.96979E-07
509 nm,2.03157E-05,1.62221E-07,2.92411E-05,1.40508E-05,0.00000E+00,4.33496E-08,2.03157E-05,1.62221E-07,2.92411E-05,1.40508E-05,0.00000E+00,4.33496E-08
510 nm,2.06239E-05,2.37745E-07,3.03155E-05,1.44169E-05,3.95848E-07,7.75129E-08,2.06239E-05,2.37745E-07,3.03155E-05,1.44169E-05,3.95848E-07,7.75129E-08
511 nm,2.15574E-05,2.77371E-07,3.13144E-05,1.51166E-05,0.00000E+00,4.32341E-08,2.15574E-05,2.77371E-07,3.13144E-05,1.51166E-05,0.00000E+00,4.32341E-08
512 nm,2.16942E-05,4.97277E-09,3.19411E-05,1.56970E-05,1.26970E-07,1.28639E-08,2.16942E-05,4.97277E-09,3.19411E-05,1.56970E-05,1.26970E-07,1.28639E-08
513 nm,2.25238E-05,2.25513E-07,3.38736E-05,1.58056E-05,4.28410E-07,1.41213E-07,2.25238E-05,2.25513E-07,3.38736E-05,1.58056E-05,4.28410E-07,1.41213E-07
514 nm,2.38475E-05,2.99939E-07,3.38810E-05,1.61775E-05,1.79787E-07,1.20495E-07,2.38475E-05,2.99939E-07,3.38810E-05,1.61775E-05,1.79787E-07,1.20495E-07
515 nm,2.43746E-05,2.92393E-08,3.45572E-05,1.68374E-05,0.00000E+00,1.20164E-07,2.43746E-05,2.92393E-08,3.45572E-05,1.68374E-05,0.00000E+00,1.20164E-07
516 nm,2.52496E-05,0.00000E+00,3.60948E-05,1.76285E-05,3.94649E-07,9.26735E-08,2.52496E-05,0.00000E+00,3.60948E-05,1.76285E-05,3.94649E-07,9.26735E-08
517 nm,2.53885E-05,9.20370E-08,3.72077E-05,1.79292E-05,0.00000E+00,3.23590E-08,2.53885E-05,9.20370E-08,3.72077E-05,1.79292E-05,0.00000E+00,3.23590E-08
518 nm,2.60926E-05,1.14511E-07,3.76990E-05,1.81310E-05,2.25956E-07,2.13812E-07,2.60926E-05,1.14511E-07,3.76990E-05,1.81310E-05,2.25956E-07,2.13812E-07
519 nm,2.58529E-05,3.47271E-07,3.90289E-05,1.86394E-05,2.68798E-07,2.27316E-07,2.58529E-05,3.47271E-07,3.90289E-05,1.86394E-05,2.68798E-07,2.27316E-07
520 nm,2.73526E-05,1.01362E-07,3.94765E-05,1.85984E-05,1.88795E-07,1.56465E-07,2.73526E-05,1.01362E-07,3.94765E-05,1.85984E-05,1.88795E-07,1.56465E-07
521 nm,2.74830E-05,1.97167E-07,4.02387E-05,1.95305E-05,2.79887E-07,1.95071E-07,2.74830E-05,1.97167E-07,4.02387E-05,1.95305E-05,2.79887E-07,1.95071E-07
522 nm,2.77762E-05,6.20576E-08,4.01422E-05,1.91501E-05,2.21911E-07,8.64927E-08,2.77762E-05,6.20576E-08,4.01422E-05,1.91501E-05,2.21911E-07,8.64927E-08
523 nm,2.81966E-05,3.72175E-07,3.97683E-05,1.95670E-05,2.13962E-07,1.81051E-07,2.81966E-05,3.72175E-07,3.97683E-05,1.95670E-05,2.13962E-07,1.81051E-07
524 nm,2.86728E-05,5.02675E-07,4.15240E-05,2.00211E-05,0.00000E+00,1.27254E-07,2.86728E-05,5.02675E-07,4.15240E-05,2.00211E-05,0.00000E+00,1.27254E-07
525 nm,2.83270E-05,8.76096E-08,4.15601E-05,2.01555E-05,2.43885E-07,4.41730E-09,2.83270E-05,8.76096E-08,4.15601E-05,2.01555E-05,2.43885E-07,4.41730E-09
526 nm,2.93375E-05,1.28492E-07,4.25901E-05,2.02648E-05,0.00000E+00,7.36737E-08,2.93375E-05,1.28492E-07,4.25901E-05,2.02648E-05,0.00000E+00,7.36737E-08
527 nm,2.94883E-05,1.47699E-08,4.31692E-05,2.04359E-05,0.00000E+00,1.32983E-07,2.94883E-05,1.47699E-08,4.31692E-05,2.04359E-05,0.00000E+00,1.32983E-07
528 nm,2.96607E-05,6.18025E-08,4.34369E-05,2.09813E-05,8.29289E-08,0.00000E+00,2.96607E-05,6.18025E-08,4.34369E-05,2.09813E-05,8.29289E-08,0.00000E+00
529 nm,2.97312E-05,1.22377E-08,4.35240E-05,2.06995E-05,5.84037E-08,2.41543E-07,2.97312E-05,1.22377E-08,4.35240E-05,2.06995E-05,5.84037E-08,2.41543E-07
530 nm,2.98444E-05,5.80855E-07,4.38181E-05,2.10489E-05,4.57214E-07,1.08519E-07,2.98444E-05,5.80855E-07,4.38181E-05,2.10489E-05,4.57214E-07,1.08519E-07
531 nm,3.05014E-05,7.64288E-08,4.35819E-05,2.14134E-05,3.59924E-07,0.00000E+00,3.05014E-05,7.64288E-08,4.35819E-05,2.14134E-05,3.59924E-07,0.00000E+00
532 nm,3.06433E-05,3.53322E-07,4.44785E-05,2.12232E-05,2.72945E-07,0.00000E+00,3.06433E-05,3.53322E-07,4.44785E-05,2.12232E-05,2.72945E-07,0.00000E+00
533 nm,3.06674E-05,2.20649E-07,4.50598E-05,2.10447E-05,1.51181E-07,5.45112E-08,3.06674E-05,2.20649E-07,4.50598E-05,2.10447E-05,1.51181E-07,5.45112E-08
534 nm,3.12402E-05,3.48492E-07,4.53262E-05,2.15822E-05,3.14790E-08,1.41839E-07,3.12402E-05,3.48492E-07,4.53262E-05,2.15822E-05,3.14790E-08,1.41839E-07
535 nm,3.02228E-05,1.44431E-07,4.41899E-05,2.09893E-05,2.08144E-08,2.50641E-07,3.02228E-05,1.44431E-07,4.41899E-05,2.09893E-05,2.08144E-08,2.50641E-07
536 nm,3.11549E-05,3.35702E-07,4.40536E-05,2.17124E-05,2.09122E-07,1.49922E-07,3.11549E-05,3.35702E-07,4.40536E-05,2.17124E-05,2.09122E-07,1.49922E-07
537 nm,3.09936E-05,2.37366E-07,4.53277E-05,2.14871E-05,3.96213E-07,4.10638E-07,3.09936E-05,2.37366E-07,4.53277E-05,2.14871E-05,3.96213E-07,4.10638E-07
538 nm,3.11867E-05,6.34529E-07,4.54488E-05,2.18786E-05,1.25132E-07,3.94460E-07,3.11867E-05,6.34529E-07,4.54488E-05,2.18786E-05,1.25132E-07,3.94460E-07
539 nm,3.14451E-05,4.00177E-07,4.59935E-05,2.16245E-05,6.07237E-07,8.86159E-07,3.14451E-05,4.00177E-07,4.59935E-05,2.16245E-05,6.07237E-07,8.86159E-07
540 nm,3.13549E-05,8.72582E-07,4.58879E-05,2.33109E-05,1.20149E-06,1.07263E-06,3.13549E-05,8.72582E-07,4.58879E-05,2.33109E-05,1.20149E-06,1.07263E-06
541 nm,3.23300E-05,1.21220E-06,4.63598E-05,2.27856E-05,1.34523E-06,1.31024E-06,3.23300E-05,1.21220E-06,4.63598E-05,2.27856E-05,1.34523E-06,1.31024E-06
542 nm,3.25297E-05,1.84412E-06,4.64751E-05,2.29149E-05,1.57835E-06,1.86388E-06,3.25297E-05,1.84412E-06,4.64751E-05,2.29149E-05,1.57835E-06,1.86388E-06
543 nm,3.27938E-05,2.38583E-06,4.79213E-05,2.35024E-05,1.97329E-06,1.95415E-06,3.27938E-05,2.38583E-06,4.79213E-05,2.35024E-05,1.97329E-06,1.95415E-06
544 nm,3.33369E-05,2.08201E-06,4.70069E-05,2.37585E-05,1.74518E-06,2.23709E-06,3.33369E-05,2.08201E-06,4.70069E-05,2.37585E-05,1.74518E-06,2.23709E-06
545 nm,3.25912E-05,2.09947E-06,4.62631E-05,2.35761E-05,1.53033E-06,1.83336E-06,3.25912E-05,2.09947E-06,4.62631E-05,2.35761E-05,1.53033E-06,1.83336E-06
546 nm,3.20017E-05,2.10762E-06,4.67101E-05,2.34280E-05,1.91717E-06,1.80474E-06,3.20017E-05,2.10762E-06,4.67101E-05,2.34280E-05,1.91717E-06,1.80474E-06
547 nm,3.18911E-05,1.60219E-06,4.67664E-05,2.34380E-05,1.27139E-06,1.65942E-06,3.18911E-05,1.60219E-06,4.67664E-05,2.34380E-05,1.27139E-06,1.65942E-06
548 nm,3.20091E-05,1.02706E-06,4.58795E-05,2.27536E-05,9.91923E-07,1.08566E-06,3.20091E-05,1.02706E-06,4.58795E-05,2.27536E-05,9.91923E-07,1.08566E-06
549 nm,3.18670E-05,9.98465E-07,4.49528E-05,2.17279E-05,5.06436E-07,9.63598E-07,3.18670E-05,9.98465E-07,4.49528E-05,2.17279E-05,5.06436E-07,9.63598E-07
550 nm,3.12707E-05,4.96274E-07,4.53303E-05,2.22783E-05,9.97635E-07,9.14103E-07,3.12707E-05,4.96274E-07,4.53303E-05,2.22783E-05,9.97635E-07,9.14103E-07
551 nm,3.10403E-05,4.47759E-07,4.55107E-05,2.21789E-05,8.59165E-07,7.61602E-07,3.10403E-05,4.47759E-07,4.55107E-05,2.21789E-05,8.59165E-07,7.61602E-07
552 nm,3.09687E-05,7.33034E-07,4.48280E-05,2.13074E-05,1.61936E-07,4.04423E-07,3.09687E-05,7.33034E-07,4.48280E-05,2.13074E-05,1.61936E-07,4.04423E-07
553 nm,3.07949E-05,1.23629E-07,4.49269E-05,2.15549E-05,5.41647E-07,2.89264E-07,3.07949E-05,1.23629E-07,4.49269E-05,2.15549E-05,5.41647E-07,2.89264E-07
554 nm,3.13053E-05,2.53871E-07,4.39142E-05,2.20658E-05,4.55719E-07,4.00336E-07,3.13053E-05,2.53871E-07,4.39142E-05,2.20658E-05,4.55719E-07,4.00336E-07
555 nm,3.05981E-05,2.54415E-07,4.47997E-05,2.10825E-05,9.35087E-08,1.45041E-07,3.05981E-05,2.54415E-07,4.47997E-05,2.10825E-05,9.35087E-08,1.45041E-07
556 nm,3.06305E-05,1.03528E-07,4.44882E-05,2.16045E-05,4.04751E-07,6.62109E-08,3.06305E-05,1.03528E-07,4.44882E-05,2.16045E-05,4.04751E-07,6.62109E-08
557 nm,2.99956E-05,9.00571E-08,4.41664E-05,2.09413E-05,3.23758E-07,0.00000E+00,2.99956E-05,9.00571E-08,4.41664E-05,2.09413E-05,3.23758E-07,0.00000E+00
558 nm,3.05845E-05,0.00000E+00,4.43306E-05,2.07882E-05,3.31960E-07,2.64186E-07,3.05845E-05,0.00000E+00,4.43306E-05,2.07882E-05,3.31960E-07,2.64186E-07
559 nm,3.02734E-05,2.32821E-08,4.42763E-05,2.11280E-05,0.00000E+00,4.15038E-07,3.02734E-05,2.32821E-08,4.42763E-05,2.11280E-05,0.00000E+00,4.15038E-07
560 nm,2.97023E-05,4.02067E-07,4.44802E-05,2.12092E-05,3.47743E-07,2.26269E-07,2.97023E-05,4.02067E-07,4.44802E-05,2.12092E-05,3.47743E-07,2.26269E-07
561 nm,3.00875E-05,1.62763E-07,4.29579E-05,2.10564E-05,2.46319E-07,1.25993E-07,3.00875E-05,1.62763E-07,4.29579E-05,2.10564E-05,2.46319E-07,1.25993E-07
562 nm,3.00198E-05,5.08994E-08,4.44311E-05,2.09277E-05,1.74248E-07,1.96619E-08,3.00198E-05,5.08994E-08,4.44311E-05,2.09277E-05,1.74248E-07,1.96619E-08
563 nm,2.95156E-05,0.00000E+00,4.26752E-05,2.12147E-05,7.39546E-08,4.63016E-09,2.95156E-05,0.00000E+00,4.26752E-05,2.12147E-05,7.39546E-08,4.63016E-09
564 nm,2.99102E-05,1.03816E-08,4.31862E-05,2.10538E-05,8.07585E-08,2.16511E-08,2.99102E-05,1.03816E-08,4.31862E-05,2.10538E-05,8.07585E-08,2.16511E-08
565 nm,2.93624E-05,0.00000E+00,4.37266E-05,2.05825E-05,1.99957E-07,2.96186E-07,2.93624E-05,0.00000E+00,4.37266E-05,2.05825E-05,1.99957E-07,2.96186E-07
566 nm,2.94314E-05,2.52654E-07,4.29274E-05,2.06444E-05,4.83368E-07,1.08719E-07,2.94314E-05,2.52654E-07,4.29274E-05,2.06444E-05,4.83368E-07,1.08719E-07
567 nm,2.96424E-05,0.00000E+00,4.27051E-05,2.04369E-05,8.85605E-08,0.00000E+00,2.96424E-05,0.00000E+00,4.27051E-05,2.04369E-05,8.85605E-08,0.00000E+00
568 nm,2.92422E-05,3.19807E-07,4.18063E-05,2.04075E-05,2.58383E-08,1.86329E-08,2.92422E-05,3.19807E-07,4.18063E-05,2.04075E-05,2.58383E-08,1.86329E-08
569 nm,2.88262E-05,0.00000E+00,4.23924E-05,2.05828E-05,5.50037E-08,4.57917E-08,2.88262E-05,0.00000E+00,4.23924E-05,2.05828E-05,5.50037E-08,4.57917E-08
570 nm,2.90405E-05,7.82901E-09,4.25891E-05,2.04495E-05,7.31301E-08,1.07982E-07,2.90405E-05,7.82901E-09,4.25891E-05,2.04495E-05,7.31301E-08,1.07982E-07
571 nm,2.87513E-05,3.40705E-07,4.14820E-05,2.05663E-05,0.00000E+00,0.00000E+00,2.87513E-05,3.40705E-07,4.14820E-05,2.05663E-05,0.00000E+00,0.00000E+00
572 nm,2.89506E-05,3.77175E-07,4.14360E-05,2.02264E-05,2.46789E-07,2.23409E-07,2.89506E-05,3.77175E-07,4.14360E-05,2.02264E-05,2.46789E-07,2.23409E-07
573 nm,2.91226E-05,9.96398E-08,4.27149E-05,2.05974E-05,3.49426E-08,9.72623E-08,2.91226E-05,9.96398E-08,4.27149E-05,2.05974E-05,3.49426E-08,9.72623E-08
574 nm,2.85639E-05,2.44780E-07,4.12460E-05,1.97128E-05,3.55657E-07,2.39892E-07,2.85639E-05,2.44780E-07,4.12460E-05,1.97128E-05,3.55657E-07,2.39892E-07
575 nm,2.84924E-05,3.97592E-07,4.16295E-05,1.99039E-05,2.12603E-08,2.34141E-07,2.84924E-05,3.97592E-07,4.16295E-05,1.99039E-05,2.12603E-08,2.34141E-07
576 nm,2.90004E-05,4.05662E-07,4.09421E-05,2.03814E-05,3.36573E-07,4.68040E-07,2.90004E-05,4.05662E-07,4.09421E-05,2.03814E-05,3.36573E-07,4.68040E-07
577 nm,2.83944E-05,6.72064E-07,4.08338E-05,1.94841E-05,1.97751E-07,3.26466E-07,2.83944E-05,6.72064E-07,4.08338E-05,1.94841E-05,1.97751E-07,3.26466E-07
578 nm,2.84402E-05,2.98532E-07,4.12745E-05,2.03162E-05,3.46743E-08,5.34263E-07,2.84402E-05,2.98532E-07,4.12745E-05,2.03162E-05,3.46743E-08,5.34263E-07
579 nm,2.78843E-05,3.46377E-07,4.12455E-05,1.96495E-05,4.60002E-09,6.39789E-07,2.78843E-05,3.46377E-07,4.12455E-05,1.96495E-05,4.60002E-09,6.39789E-07
580 nm,2.75447E-05,2.61975E-07,4.03155E-05,1.97535E-05,4.42717E-07,5.46499E-07,2.75447E-05,2.61975E-07,4.03155E-05,1.97535E-05,4.42717E-07,5.46499E-07
581 nm,2.78076E-05,4.03390E-08,4.02321E-05,1.93504E-05,4.40510E-07,2.63109E-08,2.78076E-05,4.03390E-08,4.02321E-05,1.93504E-05,4.40510E-07,2.63109E-08
582 nm,2.74385E-05,3.28069E-07,4.02130E-05,1.89925E-05,1.32492E-07,5.33231E-07,2.74385E-05,3.28069E-07,4.02130E-05,1.89925E-05,1.32492E-07,5.33231E-07
583 nm,2.75451E-05,5.78912E-07,4.02614E-05,1.93812E-05,4.75842E-07,4.04224E-07,2.75451E-05,5.78912E-07,4.02614E-05,1.93812E-05,4.75842E-07,4.04224E-07
584 nm,2.74627E-05,3.91559E-07,3.96630E-05,1.90268E-05,5.39872E-07,3.55387E-07,2.74627E-05,3.91559E-07,3.96630E-05,1.90268E-05,5.39872E-07,3.55387E-07
585 nm,2.72191E-05,7.63220E-07,3.96683E-05,1.90063E-05,5.32847E-07,5.44060E-07,2.72191E-05,7.63220E-07,3.96683E-05,1.90063E-05,5.32847E-07,5.44060E-07
586 nm,2.67115E-05,4.86340E-07,3.84910E-05,1.89504E-05,4.04305E-07,6.02543E-07,2.67115E-05,4.86340E-07,3.84910E-05,1.89504E-05,4.04305E-07,6.02543E-07
587 nm,2.69165E-05,8.54398E-07,3.84010E-05,1.86929E-05,4.52531E-07,6.99606E-07,2.69165E-05,8.54398E-07,3.84010E-05,1.86929E-05,4.52531E-07,6.99606E-07
588 nm,2.61764E-05,3.99857E-07,3.79592E-05,1.83330E-05,3.65298E-07,4.86084E-07,2.61764E-05,3.99857E-07,3.79592E-05,1.83330E-05,3.65298E-07,4.86084E-07
589 nm,2.56669E-05,2.21339E-07,3.73861E-05,1.81856E-05,3.52653E-07,4.72567E-07,2.56669E-05,2.21339E-07,3.73861E-05,1.81856E-05,3.52653E-07,4.72567E-07
590 nm,2.53696E-05,5.83309E-07,3.74967E-05,1.79455E-05,6.51735E-07,3.74549E-07,2.53696E-05,5.83309E-07,3.74967E-05,1.79455E-05,6.51735E-07,3.74549E-07
591 nm,2.54915E-05,7.53638E-07,3.74004E-05,1.73489E-05,3.25289E-07,2.88956E-07,2.54915E-05,7.53638E-07,3.74004E-05,1.73489E-05,3.25289E-07,2.88956E-07
592 nm,2.54432E-05,2.40063E-07,3.59240E-05,1.81140E-05,5.58338E-07,1.51441E-07,2.54432E-05,2.40063E-07,3.59240E-05,1.81140E-05,5.58338E-07,1.51441E-07
593 nm,2.47467E-05,2.52332E-07,3.58555E-05,1.73595E-05,0.00000E+00,4.47199E-07,2.47467E-05,2.52332E-07,3.58555E-05,1.73595E-05,0.00000E+00,4.47199E-07
594 nm,2.44107E-05,1.53253E-07,3.55268E-05,1.75696E-05,2.75397E-07,5.20838E-07,2.44107E-05,1.53253E-07,3.55268E-05,1.75696E-05,2.75397E-07,5.20838E-07
595 nm,2.43341E-05,3.78833E-07,3.41878E-05,1.71263E-05,1.55682E-07,2.25731E-07,2.43341E-05,3.78833E-07,3.41878E-05,1.71263E-05,1.55682E-07,2.25731E-07
596 nm,2.36894E-05,3.82224E-07,3.48584E-05,1.69334E-05,1.45987E-07,2.09042E-07,2.36894E-05,3.82224E-07,3.48584E-05,1.69334E-05,1.45987E-07,2.09042E-07
597 nm,2.30077E-05,0.00000E+00,3.41053E-05,1.65030E-05,9.15590E-08,1.82540E-07,2.30077E-05,0.00000E+00,3.41053E-05,1.65030E-05,9.15590E-08,1.82540E-07
598 nm,2.25720E-05,1.28746E-07,3.34602E-05,1.60573E-05,1.66815E-07,5.46434E-08,2.25720E-05,1.28746E-07,3.34602E-05,1.60573E-05,1.66815E-07,5.46434E-08
599 nm,2.34758E-05,1.44457E-07,3.31272E-05,1.62263E-05,3.71893E-07,0.00000E+00,2.34758E-05,1.44457E-07,3.31272E-05,1.62263E-05,3.71893E-07,0.00000E+00
600 nm,2.22975E-05,4.73955E-08,3.35531E-05,1.60248E-05,8.77720E-08,2.95223E-07,2.22975E-05,4.73955E-08,3.35531E-05,1.60248E-05,8.77720E-08,2.95223E-07
601 nm,2.28759E-05,4.49990E-07,3.20795E-05,1.58257E-05,0.00000E+00,1.85236E-07,2.28759E-05,4.49990E-07,3.20795E-05,1.58257E-05,0.00000E+00,1.85236E-07
602 nm,2.20106E-05,3.76498E-07,3.25624E-05,1.54969E-05,9.84882E-08,1.35651E-08,2.20106E-05,3.76498E-07,3.25624E-05,1.54969E-05,9.84882E-08,1.35651E-08
603 nm,2.20282E-05,3.16294E-07,3.16836E-05,1.51280E-05,2.88911E-08,0.00000E+00,2.20282E-05,3.16294E-07,3.16836E-05,1.51280E-05,2.88911E-08,0.00000E+00
604 nm,2.16435E-05,0.00000E+00,3.08898E-05,1.53262E-05,5.19286E-08,1.31350E-07,2.16435E-05,0.00000E+00,3.08898E-05,1.53262E-05,5.19286E-08,1.31350E-07
605 nm,2.11927E-05,5.77086E-08,3.10396E-05,1.47034E-05,2.61687E-07,3.48104E-07,2.11927E-05,5.77086E-08,3.10396E-05,1.47034E-05,2.61687E-07,3.48104E-07
606 nm,2.14384E-05,2.98937E-07,3.00213E-05,1.48464E-05,1.47520E-07,4.62661E-07,2.14384E-05,2.98937E-07,3.00213E-05,1.48464E-05,1.47520E-07,4.62661E-07
607 nm,2.03818E-05,1.05998E-07,3.01868E-05,1.45420E-05,2.51858E-07,4.67999E-07,2.03818E-05,1.05998E-07,3.01868E-05,1.45420E-05,2.51858E-07,4.67999E-07
608 nm,2.02872E-05,5.51702E-07,2.97049E-05,1.50869E-05,2.09563E-07,8.33719E-07,2.02872E-05,5.51702E-07,2.97049E-05,1.50869E-05,2.09563E-07,8.33719E-07
609 nm,2.11520E-05,1.55511E-06,2.96288E-05,1.46771E-05,1.65489E-06,1.27477E-06,2.11520E-05,1.55511E-06,2.96288E-05,1.46771E-05,1.65489E-06,1.27477E-06
610 nm,2.05636E-05,1.72914E-06,3.02860E-05,1.52271E-05,1.82709E-06,1.93446E-06,2.05636E-05,1.72914E-06,3.02860E-05,1.52271E-05,1.82709E-06,1.93446E-06
611 nm,2.10579E-05,2.22144E-06,2.99011E-05,1.56360E-05,1.96665E-06,2.29575E-06,2.10579E-05,2.22144E-06,2.99011E-05,1.56360E-05,1.96665E-06,2.29575E-06
612 nm,2.04850E-05,1.96357E-06,2.90460E-05,1.50794E-05,1.91077E-06,2.01431E-06,2.04850E-05,1.96357E-06,2.90460E-05,1.50794E-05,1.91077E-06,2.01431E-06
613 nm,1.99095E-05,2.03401E-06,2.82237E-05,1.45103E-05,2.06450E-06,1.69329E-06,1.99095E-05,2.03401E-06,2.82237E-05,1.45103E-05,2.06450E-06,1.69329E-06
614 nm,1.98199E-05,1.08001E-06,2.76146E-05,1.38620E-05,1.73898E-06,1.32079E-06,1.98199E-05,1.08001E-06,2.76146E-05,1.38620E-05,1.73898E-06,1.32079E-06
615 nm,1.86359E-05,9.26040E-07,2.67098E-05,1.36548E-05,1.10537E-06,8.12689E-07,1.86359E-05,9.26040E-07,2.67098E-05,1.36548E-05,1.10537E-06,8.12689E-07
616 nm,1.80638E-05,8.57747E-07,2.61997E-05,1.27574E-05,6.06374E-07,6.79421E-07,1.80638E-05,8.57747E-07,2.61997E-05,1.27574E-05,6.06374E-07,6.79421E-07
617 nm,1.67273E-05,9.77147E-09,2.62033E-05,1.23171E-05,3.81847E-07,6.10228E-07,1.67273E-05,9.77147E-09,2.62033E-05,1.23171E-05,3.81847E-07,6.10228E-07
618 nm,1.69614E-05,7.60472E-07,2.42169E-05,1.24949E-05,5.05023E-07,4.97411E-07,1.69614E-05,7.60472E-07,2.42169E-05,1.24949E-05,5.05023E-07,4.97411E-07
619 nm,1.71138E-05,6.22255E-07,2.43187E-05,1.17201E-05,5.21577E-07,3.19275E-07,1.71138E-05,6.22255E-07,2.43187E-05,1.17201E-05,5.21577E-07,3.19275E-07
620 nm,1.66917E-05,6.37289E-07,2.37210E-05,1.16335E-05,1.12443E-06,3.67932E-07,1.66917E-05,6.37289E-07,2.37210E-05,1.16335E-05,1.12443E-06,3.67932E-07
621 nm,1.60843E-05,3.56692E-07,2.34880E-05,1.14517E-05,3.43236E-07,4.35238E-07,1.60843E-05,3.56692E-07,2.34880E-05,1.14517E-05,3.43236E-07,4.35238E-07
622 nm,1.57833E-05,7.75787E-07,2.26807E-05,1.13501E-05,3.91805E-07,2.31376E-07,1.57833E-05,7.75787E-07,2.26807E-05,1.13501E-05,3.91805E-07,2.31376E-07
623 nm,1.55615E-05,4.53868E-07,2.26860E-05,1.08449E-05,3.38276E-07,2.77266E-07,1.55615E-05,4.53868E-07,2.26860E-05,1.08449E-05,3.38276E-07,2.77266E-07
624 nm,1.53498E-05,6.67503E-07,2.16061E-05,1.08830E-05,3.39157E-07,2.97152E-07,1.53498E-05,6.67503E-07,2.16061E-05,1.08830E-05,3.39157E-07,2.97152E-07
625 nm,1.48211E-05,3.82447E-07,2.12726E-05,1.04273E-05,3.75975E-07,5.94597E-07,1.48211E-05,3.82447E-07,2.12726E-05,1.04273E-05,3.75975E-07,5.94597E-07
626 nm,1.41372E-05,5.56864E-07,2.11505E-05,1.04971E-05,2.42168E-07,2.45134E-07,1.41372E-05,5.56864E-07,2.11505E-05,1.04971E-05,2.42168E-07,2.45134E-07
627 nm,1.39402E-05,2.37497E-07,2.07750E-05,9.91080E-06,5.96536E-07,4.32818E-07,1.39402E-05,2.37497E-07,2.07750E-05,9.91080E-06,5.96536E-07,4.32818E-07
628 nm,1.36919E-05,1.66967E-07,1.98105E-05,9.25648E-06,4.01893E-07,3.10499E-07,1.36919E-05,1.66967E-07,1.98105E-05,9.25648E-06,4.01893E-07,3.10499E-07
629 nm,1.41222E-05,8.24259E-08,1.97338E-05,9.86762E-06,7.39978E-07,3.41210E-07,1.41222E-05,8.24259E-08,1.97338E-05,9.86762E-06,7.39978E-07,3.41210E-07
630 nm,1.31873E-05,9.28605E-08,1.96548E-05,9.51048E-06,3.92341E-07,7.37397E-07,1.31873E-05,9.28605E-08,1.96548E-05,9.51048E-06,3.92341E-07,7.37397E-07
631 nm,1.30464E-05,5.24870E-07,1.85754E-05,9.03970E-06,3.05197E-07,1.54923E-07,1.30464E-05,5.24870E-07,1.85754E-05,9.03970E-06,3.05197E-07,1.54923E-07
632 nm,1.25495E-05,3.70360E-07,1.87492E-05,8.55932E-06,2.76397E-07,3.97048E-07,1.25495E-05,3.70360E-07,1.87492E-05,8.55932E-06,2.76397E-07,3.97048E-07
633 nm,1.24837E-05,1.52882E-07,1.82513E-05,8.67987E-06,7.96994E-08,2.86038E-07,1.24837E-05,1.52882E-07,1.82513E-05,8.67987E-06,7.96994E-08,2.86038E-07
634 nm,1.20586E-05,0.00000E+00,1.70789E-05,8.36872E-06,2.28688E-07,3.56238E-07,1.20586E-05,0.00000E+00,1.70789E-05,8.36872E-06,2.28688E-07,3.56238E-07
635 nm,1.15105E-05,4.51566E-07,1.76006E-05,8.39732E-06,0.00000E+00,1.92421E-07,1.15105E-05,4.51566E-07,1.76006E-05,8.39732E-06,0.00000E+00,1.92421E-07
636 nm,1.15055E-05,0.00000E+00,1.67427E-05,7.71898E-06,6.91601E-07,1.91643E-07,1.15055E-05,0.00000E+00,1.67427E-05,7.71898E-06,6.91601E-07,1.91643E-07
637 nm,1.12865E-05,5.64696E-08,1.61603E-05,7.90685E-06,9.76470E-08,4.78224E-08,1.12865E-05,5.64696E-08,1.61603E-05,7.90685E-06,9.76470E-08,4.78224E-08
638 nm,1.04461E-05,1.24438E-07,1.54861E-05,7.41898E-06,4.48218E-07,3.57075E-08,1.04461E-05,1.24438E-07,1.54861E-05,7.41898E-06,4.48218E-07,3.57075E-08
639 nm,1.08216E-05,0.00000E+00,1.54750E-05,7.69382E-06,3.53167E-07,1.14316E-07,1.08216E-05,0.00000E+00,1.54750E-05,7.69382E-06,3.53167E-07,1.14316E-07
640 nm,9.90989E-06,4.88198E-07,1.48059E-05,6.93997E-06,0.00000E+00,0.00000E+00,9.90989E-06,4.88198E-07,1.48059E-05,6.93997E-06,0.00000E+00,0.00000E+00
641 nm,1.01826E-05,6.12598E-08,1.45793E-05,7.23935E-06,1.29973E-07,7.08634E-08,1.01826E-05,6.12598E-08,1.45793E-05,7.23935E-06,1.29973E-07,7.08634E-08
642 nm,9.50525E-06,1.98091E-07,1.44508E-05,7.26627E-06,5.46195E-07,3.28486E-07,9.50525E-06,1.98091E-07,1.44508E-05,7.26627E-06,5.46195E-07,3.28486E-07
643 nm,9.40448E-06,1.87698E-07,1.41671E-05,6.51343E-06,8.61669E-08,1.20547E-07,9.40448E-06,1.87698E-07,1.41671E-05,6.51343E-06,8.61669E-08,1.20547E-07
644 nm,9.24517E-06,9.03791E-08,1.36380E-05,6.60161E-06,3.91022E-08,2.28481E-07,9.24517E-06,9.03791E-08,1.36380E-05,6.60161E-06,3.91022E-08,2.28481E-07
645 nm,8.93126E-06,1.37147E-08,1.26180E-05,6.30308E-06,1.83934E-07,1.74040E-07,8.93126E-06,1.37147E-08,1.26180E-05,6.30308E-06,1.83934E-07,1.74040E-07
646 nm,8.88296E-06,0.00000E+00,1.25714E-05,6.15184E-06,3.96764E-08,2.48006E-07,8.88296E-06,0.00000E+00,1.25714E-05,6.15184E-06,3.96764E-08,2.48006E-07
647 nm,8.49577E-06,1.80408E-07,1.23073E-05,6.14860E-06,4.69395E-07,1.70046E-07,8.49577E-06,1.80408E-07,1.23073E-05,6.14860E-06,4.69395E-07,1.70046E-07
648 nm,8.12312E-06,0.00000E+00,1.30686E-05,5.44841E-06,5.10746E-08,2.75040E-07,8.12312E-06,0.00000E+00,1.30686E-05,5.44841E-06,5.10746E-08,2.75040E-07
649 nm,8.01911E-06,3.50251E-07,1.21780E-05,5.80103E-06,4.02268E-07,6.13261E-08,8.01911E-06,3.50251E-07,1.21780E-05,5.80103E-06,4.02268E-07,6.13261E-08
650 nm,8.59296E-06,3.12750E-07,1.19300E-05,5.66529E-06,2.45625E-07,2.12186E-08,8.59296E-06,3.12750E-07,1.19300E-05,5.66529E-06,2.45625E-07,2.12186E-08
651 nm,8.01161E-06,1.83115E-07,1.22541E-05,5.93646E-06,6.11667E-08,2.24009E-07,8.01161E-06,1.83115E-07,1.22541E-05,5.93646E-06,6.11667E-08,2.24009E-07
652 nm,7.60356E-06,3.36839E-07,1.12257E-05,5.45105E-06,4.91907E-08,1.27475E-07,7.60356E-06,3.36839E-07,1.12257E-05,5.45105E-06,4.91907E-08,1.27475E-07
653 nm,7.40724E-06,6.62527E-08,1.04719E-05,5.37297E-06,5.46637E-09,2.63038E-09,7.40724E-06,6.62527E-08,1.04719E-05,5.37297E-06,5.46637E-09,2.63038E-09
654 nm,7.12523E-06,5.23830E-09,1.10685E-05,5.02070E-06,3.85279E-07,1.88618E-07,7.12523E-06,5.23830E-09,1.10685E-05,5.02070E-06,3.85279E-07,1.88618E-07
655 nm,7.23768E-06,3.30440E-09,9.80788E-06,5.01066E-06,3.85180E-08,1.51950E-07,7.23768E-06,3.30440E-09,9.80788E-06,5.01066E-06,3.85180E-08,1.51950E-07
656 nm,6.86410E-06,0.00000E+00,1.01756E-05,5.22438E-06,3.94952E-08,6.88063E-08,6.86410E-06,0.00000E+00,1.01756E-05,5.22438E-06,3.94952E-08,6.88063E-08
657 nm,6.71694E-06,1.43297E-07,9.91594E-06,4.46903E-06,6.07111E-08,2.31287E-10,6.71694E-06,1.43297E-07,9.91594E-06,4.46903E-06,6.07111E-08,2.31287E-10
658 nm,6.50441E-06,2.56206E-08,9.21967E-06,4.87006E-06,1.88038E-07,6.19014E-08,6.50441E-06,2.56206E-08,9.21967E-06,4.87006E-06,1.88038E-07,6.19014E-08
659 nm,6.02673E-06,2.80593E-07,9.17197E-06,4.32458E-06,6.38724E-08,4.35523E-07,6.02673E-06,2.80593E-07,9.17197E-06,4.32458E-06,6.38724E-08,4.35523E-07
660 nm,6.01915E-06,1.37185E-07,9.61677E-06,4.36814E-06,2.60505E-07,8.83028E-08,6.01915E-06,1.37185E-07,9.61677E-06,4.36814E-06,2.60505E-07,8.83028E-08
661 nm,6.54331E-06,0.00000E+00,9.08102E-06,3.95805E-06,2.95296E-08,0.00000E+00,6.54331E-06,0.00000E+00,9.08102E-06,3.95805E-06,2.95296E-08,0.00000E+00
662 nm,5.52425E-06,1.28522E-07,8.79717E-06,3.80065E-06,1.61526E-07,1.49610E-08,5.52425E-06,1.28522E-07,8.79717E-06,3.80065E-06,1.61526E-07,1.49610E-08
663 nm,6.05643E-06,1.72659E-07,8.38736E-06,4.10714E-06,0.00000E+00,2.42690E-07,6.05643E-06,1.72659E-07,8.38736E-06,4.10714E-06,0.00000E+00,2.42690E-07
664 nm,5.41658E-06,6.28849E-08,7.75246E-06,4.40503E-06,1.29486E-08,4.96401E-08,5.41658E-06,6.28849E-08,7.75246E-06,4.40503E-06,1.29486E-08,4.96401E-08
665 nm,5.43353E-06,2.87925E-07,8.31627E-06,3.95616E-06,8.23890E-08,1.34653E-08,5.43353E-06,2.87925E-07,8.31627E-06,3.95616E-06,8.23890E-08,1.34653E-08
666 nm,5.68280E-06,1.21802E-07,7.04795E-06,3.82772E-06,9.70404E-08,1.02958E-07,5.68280E-06,1.21802E-07,7.04795E-06,3.82772E-06,9.70404E-08,1.02958E-07
667 nm,5.01159E-06,0.00000E+00,7.67423E-06,3.36648E-06,5.53507E-07,0.00000E+00,5.01159E-06,0.00000E+00,7.67423E-06,3.36648E-06,5.53507E-07,0.00000E+00
668 nm,4.77840E-06,8.13768E-09,7.35982E-06,3.58321E-06,3.57333E-07,3.35671E-09,4.77840E-06,8.13768E-09,7.35982E-06,3.58321E-06,3.57333E-07,3.35671E-09
669 nm,5.31798E-06,0.00000E+00,7.03575E-06,3.59633E-06,0.00000E+00,2.62187E-09,5.31798E-06,0.00000E+00,7.03575E-06,3.59633E-06,0.00000E+00,2.62187E-09
670 nm,4.71308E-06,2.41141E-07,6.31807E-06,3.25369E-06,3.62739E-07,0.00000E+00,4.71308E-06,2.41141E-07,6.31807E-06,3.25369E-06,3.62739E-07,0.00000E+00
671 nm,4.71539E-06,3.32910E-07,6.29976E-06,3.13882E-06,6.21906E-08,8.73700E-08,4.71539E-06,3.32910E-07,6.29976E-06,3.13882E-06,6.21906E-08,8.73700E-08
672 nm,3.95443E-06,2.66317E-07,6.88052E-06,3.05957E-06,3.94418E-07,0.00000E+00,3.95443E-06,2.66317E-07,6.88052E-06,3.05957E-06,3.94418E-07,0.00000E+00
673 nm,4.32874E-06,2.13800E-07,6.12606E-06,3.07747E-06,4.37538E-08,0.00000E+00,4.32874E-06,2.13800E-07,6.12606E-06,3.07747E-06,4.37538E-08,0.00000E+00
674 nm,4.30867E-06,0.00000E+00,6.36443E-06,2.94003E-06,1.47929E-07,2.82316E-08,4.30867E-06,0.00000E+00,6.36443E-06,2.94003E-06,1.47929E-07,2.82316E-08
675 nm,3.81891E-06,8.74035E-08,6.25078E-06,2.91329E-06,2.83832E-07,4.99311E-10,3.81891E-06,8.74035E-08,6.25078E-06,2.91329E-06,2.83832E-07,4.99311E-10
676 nm,4.39989E-06,5.08702E-08,5.55621E-06,2.68950E-06,3.14394E-07,5.10220E-08,4.39989E-06,5.08702E-08,5.55621E-06,2.68950E-06,3.14394E-07,5.10220E-08
677 nm,3.97402E-06,1.41764E-07,5.93705E-06,2.47458E-06,9.66447E-08,4.36300E-08,3.97402E-06,1.41764E-07,5.93705E-06,2.47458E-06,9.66447E-08,4.36300E-08
678 nm,3.83402E-06,0.00000E+00,5.48038E-06,2.61496E-06,5.87698E-08,0.00000E+00,3.83402E-06,0.00000E+00,5.48038E-06,2.61496E-06,5.87698E-08,0.00000E+00
679 nm,3.88846E-06,3.92832E-07,4.81185E-06,2.80106E-06,7.62662E-08,1.22259E-07,3.88846E-06,3.92832E-07,4.81185E-06,2.80106E-06,7.62662E-08,1.22259E-07
680 nm,3.70386E-06,1.20891E-07,4.87866E-06,2.49283E-06,9.12099E-08,8.68608E-09,3.70386E-06,1.20891E-07,4.87866E-06,2.49283E-06,9.12099E-08,8.68608E-09
681 nm,3.42677E-06,1.94691E-07,4.89715E-06,2.60276E-06,3.35720E-07,1.22391E-07,3.42677E-06,1.94691E-07,4.89715E-06,2.60276E-06,3.35720E-07,1.22391E-07
682 nm,3.23063E-06,5.12784E-07,4.93951E-06,2.26949E-06,1.29041E-08,2.38634E-07,3.23063E-06,5.12784E-07,4.93951E-06,2.26949E-06,1.29041E-08,2.38634E-07
683 nm,3.24923E-06,3.56271E-07,5.25752E-06,2.29644E-06,1.26421E-07,7.85588E-08,3.24923E-06,3.56271E-07,5.25752E-06,2.29644E-06,1.26421E-07,7.85588E-08
684 nm,2.68882E-06,1.89814E-08,4.81976E-06,1.99962E-06,2.42720E-07,1.15525E-07,2.68882E-06,1.89814E-08,4.81976E-06,1.99962E-06,2.42720E-07,1.15525E-07
685 nm,3.24570E-06,3.86200E-07,4.69358E-06,2.25781E-06,4.86384E-07,1.34616E-07,3.24570E-06,3.86200E-07,4.69358E-06,2.25781E-06,4.86384E-07,1.34616E-07
686 nm,3.10772E-06,2.29347E-07,4.29142E-06,2.18899E-06,1.40493E-07,7.75189E-08,3.10772E-06,2.29347E-07,4.29142E-06,2.18899E-06,1.40493E-07,7.75189E-08
687 nm,3.15455E-06,2.87252E-08,4.14431E-06,2.24501E-06,1.32644E-08,0.00000E+00,3.15455E-06,2.87252E-08,4.14431E-06,2.24501E-06,1.32644E-08,0.00000E+00
688 nm,3.57724E-06,1.07199E-07,4.13943E-06,2.05489E-06,4.66365E-09,5.47952E-07,3.57724E-06,1.07199E-07,4.13943E-06,2.05489E-06,4.66365E-09,5.47952E-07
689 nm,2.88561E-06,4.66752E-07,3.70127E-06,2.28990E-06,8.88646E-08,6.16116E-08,2.88561E-06,4.66752E-07,3.70127E-06,2.28990E-06,8.88646E-08,6.16116E-08
690 nm,2.33578E-06,1.99188E-07,3.80720E-06,2.17131E-06,0.00000E+00,3.56651E-07,2.33578E-06,1.99188E-07,3.80720E-06,2.17131E-06,0.00000E+00,3.56651E-07
691 nm,2.52572E-06,0.00000E+00,2.94177E-06,1.65740E-06,4.25649E-07,2.34103E-07,2.52572E-06,0.00000E+00,2.94177E-06,1.65740E-06,4.25649E-07,2.34103E-07
692 nm,2.93044E-06,3.32672E-10,3.75034E-06,1.88312E-06,6.82458E-08,1.28090E-07,2.93044E-06,3.32672E-10,3.75034E-06,1.88312E-06,6.82458E-08,1.28090E-07
693 nm,1.98224E-06,0.00000E+00,3.62091E-06,2.07527E-06,1.70214E-08,9.74174E-08,1.98224E-06,0.00000E+00,3.62091E-06,2.07527E-06,1.70214E-08,9.74174E-08
694 nm,2.49912E-06,3.65650E-07,3.54124E-06,1.51965E-06,0.00000E+00,1.94793E-07,2.49912E-06,3.65650E-07,3.54124E-06,1.51965E-06,0.00000E+00,1.94793E-07
695 nm,2.77557E-06,5.49828E-07,3.88889E-06,2.06796E-06,4.40546E-07,3.37889E-07,2.77557E-06,5.49828E-07,3.88889E-06,2.06796E-06,4.40546E-07,3.37889E-07
696 nm,3.07679E-06,3.86958E-07,4.23531E-06,1.48814E-06,1.25231E-10,2.54887E-08,3.07679E-06,3.86958E-07,4.23531E-06,1.48814E-06,1.25231E-10,2.54887E-08
697 nm,2.35753E-06,3.41294E-07,3.47563E-06,1.85887E-06,6.51494E-07,0.00000E+00,2.35753E-06,3.41294E-07,3.47563E-06,1.85887E-06,6.51494E-07,0.00000E+00
698 nm,2.20386E-06,2.87845E-07,3.73336E-06,1.50537E-06,0.00000E+00,1.27433E-07,2.20386E-06,2.87845E-07,3.73336E-06,1.50537E-06,0.00000E+00,1.27433E-07
699 nm,1.72893E-06,5.61915E-07,2.49210E-06,1.51281E-06,8.70342E-08,1.22672E-07,1.72893E-06,5.61915E-07,2.49210E-06,1.51281E-06,8.70342E-08,1.22672E-07
700 nm,2.23481E-06,8.69106E-08,2.50919E-06,1.58825E-06,0.00000E+00,6.85750E-08,2.23481E-06,8.69106E-08,2.50919E-06,1.58825E-06,0.00000E+00,6.85750E-08
701 nm,1.96447E-06,5.16332E-09,2.79210E-06,9.08098E-07,2.71816E-07,1.37387E-07,1.96447E-06,5.16332E-09,2.79210E-06,9.08098E-07,2.71816E-07,1.37387E-07
702 nm,1.67978E-06,9.46252E-08,3.04071E-06,1.07176E-06,0.00000E+00,1.94615E-07,1.67978E-06,9.46252E-08,3.04071E-06,1.07176E-06,0.00000E+00,1.94615E-07
703 nm,1.84250E-06,0.00000E+00,2.34210E-06,1.45081E-06,9.52867E-09,2.31907E-07,1.84250E-06,0.00000E+00,2.34210E-06,1.45081E-06,9.52867E-09,2.31907E-07
704 nm,1.58331E-06,1.01391E-09,2.89183E-06,1.26815E-06,0.00000E+00,0.00000E+00,1.58331E-06,1.01391E-09,2.89183E-06,1.26815E-06,0.00000E+00,0.00000E+00
705 nm,2.33436E-06,0.00000E+00,2.66154E-06,9.77527E-07,0.00000E+00,2.68147E-07,2.33436E-06,0.00000E+00,2.66154E-06,9.77527E-07,0.00000E+00,2.68147E-07
706 nm,1.69982E-06,3.69698E-08,2.29953E-06,1.45651E-06,5.53525E-08,3.11972E-07,1.69982E-06,3.69698E-08,2.29953E-06,1.45651E-06,5.53525E-08,3.11972E-07
707 nm,1.99770E-06,4.69379E-08,2.58516E-06,1.27438E-06,3.32521E-07,3.25707E-07,1.99770E-06,4.69379E-08,2.58516E-06,1.27438E-06,3.32521E-07,3.25707E-07
708 nm,1.55188E-06,3.50891E-07,2.74245E-06,1.41883E-06,1.88512E-07,5.73209E-07,1.55188E-06,3.50891E-07,2.74245E-06,1.41883E-06,1.88512E-07,5.73209E-07
709 nm,1.81122E-06,2.49304E-09,2.35991E-06,1.39433E-06,1.81541E-09,5.07261E-07,1.81122E-06,2.49304E-09,2.35991E-06,1.39433E-06,1.81541E-09,5.07261E-07
710 nm,1.16992E-06,6.35291E-07,2.79018E-06,1.06581E-06,0.00000E+00,4.06553E-07,1.16992E-06,6.35291E-07,2.79018E-06,1.06581E-06,0.00000E+00,4.06553E-07
711 nm,1.75558E-06,3.44572E-07,2.45843E-06,1.02457E-06,1.20193E-07,0.00000E+00,1.75558E-06,3.44572E-07,2.45843E-06,1.02457E-06,1.20193E-07,0.00000E+00
712 nm,1.81431E-06,1.85686E-07,2.58867E-06,9.43415E-07,2.40285E-07,1.49021E-08,1.81431E-06,1.85686E-07,2.58867E-06,9.43415E-07,2.40285E-07,1.49021E-08
713 nm,1.89466E-06,2.35543E-07,2.60589E-06,9.94171E-07,4.31009E-09,1.70677E-07,1.89466E-06,2.35543E-07,2.60589E-06,9.94171E-07,4.31009E-09,1.70677E-07
714 nm,1.24246E-06,2.60475E-08,2.17297E-06,8.87293E-07,1.20242E-07,2.65950E-08,1.24246E-06,2.60475E-08,2.17297E-06,8.87293E-07,1.20242E-07,2.65950E-08
715 nm,1.31951E-06,6.41546E-08,2.30305E-06,6.05203E-07,8.81550E-08,3.11224E-07,1.31951E-06,6.41546E-08,2.30305E-06,6.05203E-07,8.81550E-08,3.11224E-07
716 nm,1.26602E-06,5.69164E-07,1.94313E-06,1.33881E-06,0.00000E+00,3.40220E-08,1.26602E-06,5.69164E-07,1.94313E-06,1.33881E-06,0.00000E+00,3.40220E-08
717 nm,1.67417E-06,1.83386E-07,1.91021E-06,8.09897E-07,5.75155E-08,4.35903E-08,1.67417E-06,1.83386E-07,1.91021E-06,8.09897E-07,5.75155E-08,4.35903E-08
718 nm,1.58885E-06,3.64745E-08,1.75456E-06,8.85742E-07,6.63799E-08,8.21970E-08,1.58885E-06,3.64745E-08,1.75456E-06,8.85742E-07,6.63799E-08,8.21970E-08
719 nm,1.19725E-06,5.29371E-07,2.10373E-06,6.44920E-07,5.61348E-07,0.00000E+00,1.19725E-06,5.29371E-07,2.10373E-06,6.44920E-07,5.61348E-07,0.00000E+00
720 nm,9.47089E-07,2.08852E-07,9.05155E-07,8.12139E-07,1.48470E-07,9.84916E-10,9.47089E-07,2.08852E-07,9.05155E-07,8.12139E-07,1.48470E-07,9.84916E-10
721 nm,1.13352E-06,1.65976E-08,1.35395E-06,2.99905E-07,0.00000E+00,2.26635E-08,1.13352E-06,1.65976E-08,1.35395E-06,2.99905E-07,0.00000E+00,2.26635E-08
722 nm,9.30322E-07,1.24437E-07,2.28292E-06,4.49759E-07,0.00000E+00,8.71702E-08,9.30322E-07,1.24437E-07,2.28292E-06,4.49759E-07,0.00000E+00,8.71702E-08
723 nm,5.25510E-07,4.41872E-08,1.80028E-06,7.69366E-07,3.57154E-08,1.36898E-09,5.25510E-07,4.41872E-08,1.80028E-06,7.69366E-07,3.57154E-08,1.36898E-09
724 nm,8.23248E-07,7.66104E-09,1.02902E-06,4.74656E-07,5.95167E-08,7.92054E-08,8.23248E-07,7.66104E-09,1.02902E-06,4.74656E-07,5.95167E-08,7.92054E-08
725 nm,9.11607E-07,0.00000E+00,1.84313E-06,6.32564E-07,0.00000E+00,1.52852E-08,9.11607E-07,0.00000E+00,1.84313E-06,6.32564E-07,0.00000E+00,1.52852E-08
726 nm,5.10955E-07,3.65216E-07,1.51386E-06,4.20551E-07,1.65594E-08,3.14061E-10,5.10955E-07,3.65216E-07,1.51386E-06,4.20551E-07,1.65594E-08,3.14061E-10
727 nm,7.25243E-07,0.00000E+00,9.13943E-07,8.71169E-07,3.75969E-07,3.83916E-08,7.25243E-07,0.00000E+00,9.13943E-07,8.71169E-07,3.75969E-07,3.83916E-08
728 nm,6.95272E-07,1.46722E-07,1.74167E-06,9.32265E-07,4.32365E-07,1.99457E-07,6.95272E-07,1.46722E-07,1.74167E-06,9.32265E-07,4.32365E-07,1.99457E-07
729 nm,5.94955E-07,3.27337E-07,8.92306E-07,7.88496E-07,1.45046E-07,8.79071E-08,5.94955E-07,3.27337E-07,8.92306E-07,7.88496E-07,1.45046E-07,8.79071E-08
730 nm,6.73727E-07,1.92966E-09,6.89771E-07,9.18812E-07,0.00000E+00,0.00000E+00,6.73727E-07,1.92966E-09,6.89771E-07,9.18812E-07,0.00000E+00,0.00000E+00
731 nm,7.52758E-07,1.58781E-07,1.07295E-06,2.26110E-07,7.50003E-07,0.00000E+00,7.52758E-07,1.58781E-07,1.07295E-06,2.26110E-07,7.50003E-07,0.00000E+00
732 nm,5.08102E-07,0.00000E+00,1.37557E-06,3.34445E-07,4.13630E-07,7.62694E-08,5.08102E-07,0.00000E+00,1.37557E-06,3.34445E-07,4.13630E-07,7.62694E-08
733 nm,8.64576E-07,3.19011E-07,1.31194E-06,6.51195E-07,5.65626E-07,1.48858E-07,8.64576E-07,3.19011E-07,1.31194E-06,6.51195E-07,5.65626E-07,1.48858E-07
734 nm,7.41231E-07,0.00000E+00,8.45832E-07,3.28167E-07,4.77828E-07,2.26992E-08,7.41231E-07,0.00000E+00,8.45832E-07,3.28167E-07,4.77828E-07,2.26992E-08
735 nm,4.05975E-07,5.92244E-07,7.00405E-07,3.21710E-07,3.20594E-08,2.00989E-09,4.05975E-07,5.92244E-07,7.00405E-07,3.21710E-07,3.20594E-08,2.00989E-09
736 nm,8.89359E-07,1.81140E-07,3.07974E-07,4.75469E-07,2.13452E-07,0.00000E+00,8.89359E-07,1.81140E-07,3.07974E-07,4.75469E-07,2.13452E-07,0.00000E+00
737 nm,8.12407E-07,2.99249E-07,3.63143E-07,5.26996E-07,4.26718E-07,1.56183E-07,8.12407E-07,2.99249E-07,3.63143E-07,5.26996E-07,4.26718E-07,1.56183E-07
738 nm,4.52430E-07,3.03263E-07,1.16889E-06,4.10007E-07,1.33296E-08,3.84235E-07,4.52430E-07,3.03263E-07,1.16889E-06,4.10007E-07,1.33296E-08,3.84235E-07
739 nm,5.41836E-07,3.39373E-08,1.09463E-06,8.81077E-07,0.00000E+00,8.53266E-09,5.41836E-07,3.39373E-08,1.09463E-06,8.81077E-07,0.00000E+00,8.53266E-09
740 nm,4.66383E-07,7.64160E-07,7.57641E-07,8.72141E-07,1.83919E-07,1.88512E-07,4.66383E-07,7.64160E-07,7.57641E-07,8.72141E-07,1.83919E-07,1.88512E-07
741 nm,1.72264E-07,2.36579E-07,9.06130E-07,2.33445E-07,1.69313E-07,1.02291E-07,1.72264E-07,2.36579E-07,9.06130E-07,2.33445E-07,1.69313E-07,1.02291E-07
742 nm,1.03318E-06,0.00000E+00,1.40110E-07,4.95835E-07,1.01444E-07,3.18507E-09,1.03318E-06,0.00000E+00,1.40110E-07,4.95835E-07,1.01444E-07,3.18507E-09
743 nm,7.59581E-07,4.53275E-07,1.07843E-06,0.00000E+00,1.68391E-08,2.04801E-07,7.59581E-07,4.53275E-07,1.07843E-06,0.00000E+00,1.68391E-08,2.04801E-07
744 nm,4.00258E-07,0.00000E+00,9.87432E-07,3.52936E-07,2.06185E-07,6.57050E-08,4.00258E-07,0.00000E+00,9.87432E-07,3.52936E-07,2.06185E-07,6.57050E-08
745 nm,6.35804E-07,1.66530E-07,8.07246E-07,2.71530E-07,8.81334E-08,1.55128E-07,6.35804E-07,1.66530E-07,8.07246E-07,2.71530E-07,8.81334E-08,1.55128E-07
746 nm,8.95690E-07,1.46857E-09,4.68691E-07,6.68885E-07,7.45029E-07,0.00000E+00,8.95690E-07,1.46857E-09,4.68691E-07,6.68885E-07,7.45029E-07,0.00000E+00
747 nm,5.36235E-07,4.47096E-07,1.56609E-07,4.66759E-07,3.96220E-07,6.52339E-09,5.36235E-07,4.47096E-07,1.56609E-07,4.66759E-07,3.96220E-07,6.52339E-09
748 nm,5.09631E-07,6.53198E-09,1.62626E-06,7.79464E-07,2.61164E-07,1.22930E-07,5.09631E-07,6.53198E-09,1.62626E-06,7.79464E-07,2.61164E-07,1.22930E-07
749 nm,4.16057E-07,3.45476E-07,4.25945E-07,4.69442E-07,5.31514E-07,1.82392E-07,4.16057E-07,3.45476E-07,4.25945E-07,4.69442E-07,5.31514E-07,1.82392E-07
750 nm,6.48787E-07,1.76671E-07,2.84632E-07,3.77511E-07,0.00000E+00,3.76898E-08,6.48787E-07,1.76671E-07,2.84632E-07,3.77511E-07,0.00000E+00,3.76898E-08
751 nm,5.64821E-07,0.00000E+00,3.89305E-07,3.85802E-07,0.00000E+00,9.94971E-08,5.64821E-07,0.00000E+00,3.89305E-07,3.85802E-07,0.00000E+00,9.94971E-08
752 nm,3.01560E-07,6.31264E-09,5.09706E-07,3.67795E-07,2.83355E-08,2.63817E-07,3.01560E-07,6.31264E-09,5.09706E-07,3.67795E-07,2.83355E-08,2.63817E-07
753 nm,2.73452E-07,1.70459E-07,3.66375E-07,2.27822E-07,3.58943E-07,1.99363E-07,2.73452E-07,1.70459E-07,3.66375E-07,2.27822E-07,3.58943E-07,1.99363E-07
754 nm,0.00000E+00,2.97330E-07,6.65137E-07,2.85269E-07,2.82710E-09,8.75156E-08,0.00000E+00,2.97330E-07,6.65137E-07,2.85269E-07,2.82710E-09,8.75156E-08
755 nm,6.17482E-07,0.00000E+00,2.62816E-07,5.45564E-08,5.94601E-07,3.12892E-09,6.17482E-07,0.00000E+00,2.62816E-07,5.45564E-08,5.94601E-07,3.12892E-09
756 nm,1.88659E-07,8.36246E-08,1.10397E-06,3.01146E-07,0.00000E+00,2.56970E-08,1.88659E-07,8.36246E-08,1.10397E-06,3.01146E-07,0.00000E+00,2.56970E-08
757 nm,1.45217E-07,2.09728E-07,5.07117E-07,3.48911E-07,0.00000E+00,2.11402E-07,1.45217E-07,2.09728E-07,5.07117E-07,3.48911E-07,0.00000E+00,2.11402E-07
758 nm,4.45178E-07,1.95924E-07,6.56895E-07,6.18357E-08,7.37241E-07,0.00000E+00,4.45178E-07,1.95924E-07,6.56895E-07,6.18357E-08,7.37241E-07,0.00000E+00
759 nm,4.22819E-07,5.97657E-07,3.78406E-08,0.00000E+00,5.02417E-08,6.51524E-07,4.22819E-07,5.97657E-07,3.78406E-08,0.00000E+00,5.02417E-08,6.51524E-07
760 nm,5.32658E-07,6.84451E-07,1.30771E-07,1.00991E-07,3.70113E-08,9.09123E-09,5.32658E-07,6.84451E-07,1.30771E-07,1.00991E-07,3.70113E-08,9.09123E-09
761 nm,0.00000E+00,0.00000E+00,3.44219E-07,0.00000E+00,0.00000E+00,2.18775E-07,0.00000E+00,0.00000E+00,3.44219E-07,0.00000E+00,0.00000E+00,2.18775E-07
762 nm,5.67395E-07,7.92682E-07,3.98645E-07,3.56393E-07,6.94747E-07,1.85622E-07,5.67395E-07,7.92682E-07,3.98645E-07,3.56393E-07,6.94747E-07,1.85622E-07
763 nm,5.75331E-07,0.00000E+00,1.51469E-07,4.72622E-07,1.78345E-09,5.63935E-10,5.75331E-07,0.00000E+00,1.51469E-07,4.72622E-07,1.78345E-09,5.63935E-10
764 nm,1.10071E-07,2.76388E-08,3.86505E-07,3.66531E-07,8.74370E-07,3.18039E-07,1.10071E-07,2.76388E-08,3.86505E-07,3.66531E-07,8.74370E-07,3.18039E-07
765 nm,0.00000E+00,4.05780E-09,2.46231E-07,5.30046E-07,0.00000E+00,6.97423E-08,0.00000E+00,4.05780E-09,2.46231E-07,5.30046E-07,0.00000E+00,6.97423E-08
766 nm,4.34396E-07,0.00000E+00,5.55295E-07,1.23144E-07,3.36009E-08,3.71012E-08,4.34396E-07,0.00000E+00,5.55295E-07,1.23144E-07,3.36009E-08,3.71012E-08
767 nm,4.73151E-10,4.57750E-07,5.42096E-10,4.56651E-07,4.17918E-08,1.55011E-10,4.73151E-10,4.57750E-07,5.42096E-10,4.56651E-07,4.17918E-08,1.55011E-10
768 nm,2.32661E-07,9.78700E-08,1.33451E-06,4.08075E-07,7.59312E-07,3.76250E-09,2.32661E-07,9.78700E-08,1.33451E-06,4.08075E-07,7.59312E-07,3.76250E-09
769 nm,5.00817E-07,0.00000E+00,3.46872E-07,7.77740E-07,1.21247E-06,0.00000E+00,5.00817E-07,0.00000E+00,3.46872E-07,7.77740E-07,1.21247E-06,0.00000E+00
770 nm,0.00000E+00,1.81757E-09,2.79408E-07,4.44279E-08,5.97278E-07,1.11780E-07,0.00000E+00,1.81757E-09,2.79408E-07,4.44279E-08,5.97278E-07,1.11780E-07
771 nm,3.30868E-07,3.40181E-10,5.91118E-10,4.37366E-10,8.54441E-08,8.23195E-10,3.30868E-07,3.40181E-10,5.91118E-10,4.37366E-10,8.54441E-08,8.23195E-10
772 nm,4.72119E-08,0.00000E+00,0.00000E+00,9.70790E-08,1.29608E-07,1.58108E-07,4.72119E-08,0.00000E+00,0.00000E+00,9.70790E-08,1.29608E-07,1.58108E-07
773 nm,2.30925E-07,1.21420E-07,4.49549E-07,2.49355E-07,4.07006E-07,3.02882E-07,2.30925E-07,1.21420E-07,4.49549E-07,2.49355E-07,4.07006E-07,3.02882E-07
774 nm,0.00000E+00,5.12089E-08,4.16247E-07,0.00000E+00,7.55518E-08,2.05727E-07,0.00000E+00,5.12089E-08,4.16247E-07,0.00000E+00,7.55518E-08,2.05727E-07
775 nm,5.89652E-07,4.62184E-10,4.44320E-08,7.72249E-07,0.00000E+00,3.20071E-10,5.89652E-07,4.62184E-10,4.44320E-08,7.72249E-07,0.00000E+00,3.20071E-10
776 nm,2.77041E-07,1.28712E-07,1.90945E-07,4.19056E-07,4.65775E-07,3.60620E-07,2.77041E-07,1.28712E-07,1.90945E-07,4.19056E-07,4.65775E-07,3.60620E-07
777 nm,5.07804E-07,6.19024E-07,6.27355E-07,1.08793E-08,1.08039E-07,1.75592E-07,5.07804E-07,6.19024E-07,6.27355E-07,1.08793E-08,1.08039E-07,1.75592E-07
778 nm,5.61496E-08,7.22278E-08,9.75333E-07,7.55151E-07,9.12540E-08,5.29169E-07,5.61496E-08,7.22278E-08,9.75333E-07,7.55151E-07,9.12540E-08,5.29169E-07
779 nm,1.39442E-07,2.46516E-10,7.18870E-07,6.28433E-07,1.00111E-09,0.00000E+00,1.39442E-07,2.46516E-10,7.18870E-07,6.28433E-07,1.00111E-09,0.00000E+00
780 nm,1.85617E-07,1.14217E-07,1.30986E-06,4.31688E-07,2.55484E-07,2.01570E-07,1.85617E-07,1.14217E-07,1.30986E-06,4.31688E-07,2.55484E-07,2.01570E-07
