,,,,,,,,,,,,,,,
,,,,,,,,,,,,,,,
,,,,,,,,,,,,,,,
Name,BG_staticGird_StructuredLight_100_afterMirror,BG_staticGird_StructuredLight_100_offDome,BG_staticGird_StructuredLight_100_beforeMirror,BG_staticGird_StructuredLight_100_afterMirror,BG_staticGird_StructuredLight_100_offDome,BG_staticGird_StructuredLight_100_beforeMirror,BG_staticGird_StructuredLight_100_afterMirror,BG_staticGird_StructuredLight,RB_staticGird_StructuredLight,RG_staticGird_StructuredLight,B_staticGird_StructuredLight_100,G_staticGird_StructuredLight_100,BG_staticGird_StructuredLight_100_offDome,BG_staticGird_StructuredLight_100_beforeMirror,BG_staticGird_StructuredLight_100_afterMirror
Date,10/28/2014,10/28/2014,10/28/2014,10/28/2014,10/28/2014,10/28/2014,10/28/2014,10/28/2014,10/28/2014,10/28/2014,10/28/2014,10/28/2014,10/28/2014,10/28/2014,10/28/2014
Time,15:18pm,15:12pm,15:16pm,15:18pm,15:12pm,15:16pm,15:18pm,14:47pm,14:53pm,14:59pm,15:08pm,15:11pm,15:12pm,15:16pm,15:18pm
T_int [ms],6913,6515,24,6913,6515,24,6913,10293,16749,11365,8916,6340,6515,24,6913
,,,,,,,,,,,,,,,
Lv [cd/sqm],1.743E+00,1.676E+00,2.546E+02,1.743E+00,1.676E+00,2.546E+02,1.743E+00,1.028E+00,8.801E-02,8.504E-01,7.612E-03,1.693E+00,1.676E+00,2.546E+02,1.743E+00
Le [W/(sr*sqm)] (380-780nm),5.631E-03,5.522E-03,9.828E-01,5.631E-03,5.522E-03,9.828E-01,5.631E-03,3.291E-03,3.315E-04,2.687E-03,1.960E-04,5.419E-03,5.522E-03,9.828E-01,5.631E-03
CCT [K],6726,7316,9704,6726,7316,9704,6726,6841,3845,7049,0,7293,7316,9704,6726
DWl [nm],486.1,483.8,470.9,486.1,483.8,470.9,486.1,486.6,581.5,485.0,465.3,483.9,483.8,470.9,486.1
PE [%],8.8,12.2,20.9,8.8,12.2,20.9,8.8,9.5,26.9,10.7,44.5,12.1,12.2,20.9,8.8
,,,,,,,,,,,,,,,
Chrom. Coord.,,,,,,,,,,,,,,,
x,0.3095,0.3017,0.2891,0.3095,0.3017,0.2891,0.3095,0.3075,0.3841,0.3049,0.2451,0.3020,0.3017,0.2891,0.3095
y,0.3232,0.3150,0.2765,0.3232,0.3150,0.2765,0.3232,0.3234,0.3720,0.3191,0.2033,0.3153,0.3150,0.2765,0.3232
u',0.1978,0.1954,0.2014,0.1978,0.1954,0.2014,0.1978,0.1963,0.2295,0.1961,0.1981,0.1955,0.1954,0.2014,0.1978
v',0.4647,0.4590,0.4335,0.4647,0.4590,0.4335,0.4647,0.4645,0.5000,0.4618,0.3696,0.4592,0.4590,0.4335,0.4647
,,,,,,,,,,,,,,,
CIE 13.3-1995 CRI,,,,,,,,,,,,,,,
Ref. Illum.,Daylight 5000-7000K,Daylight >7000K,Daylight >7000K,Daylight 5000-7000K,Daylight >7000K,Daylight >7000K,Daylight 5000-7000K,Daylight 5000-7000K,Planckian radiator,Daylight >7000K,CRI not calculated!,Daylight >7000K,Daylight >7000K,Daylight >7000K,Daylight 5000-7000K
CCT [K],6726,7316,9704,6726,7316,9704,6726,6841,3845,7049,0,7293,7316,9704,6726
R1,72.1,70.2,82.4,72.1,70.2,82.4,72.1,69.5,99.4,70.5,0.0,70.4,70.2,82.4,72.1
R2,74.9,72.8,75.3,74.9,72.8,75.3,74.9,73.5,95.6,73.6,0.0,73.0,72.8,75.3,74.9
R3,75.5,73.1,65.3,75.5,73.1,65.3,75.5,75.2,56.8,74.1,0.0,73.1,73.1,65.3,75.5
R4,74.9,73.2,80.2,74.9,73.2,80.2,74.9,72.8,90.3,73.6,0.0,73.3,73.2,80.2,74.9
R5,73.6,72.1,82.9,73.6,72.1,82.9,73.6,71.3,89.9,72.1,0.0,72.2,72.1,82.9,73.6
R6,67.1,64.8,66.6,67.1,64.8,66.6,67.1,65.3,83.7,65.1,0.0,64.7,64.8,66.6,67.1
R7,79.7,78.4,77.8,79.7,78.4,77.8,79.7,78.8,91.0,78.9,0.0,78.3,78.4,77.8,79.7
R8,63.3,62.3,76.1,63.3,62.3,76.1,63.3,60.1,77.4,61.9,0.0,62.0,62.3,76.1,63.3
R9,-22.4,-29.5,19.2,-22.4,-29.5,19.2,-22.4,-34.6,20.7,-29.4,0.0,-30.0,-29.5,19.2,-22.4
R10,39.1,34.1,37.1,39.1,34.1,37.1,39.1,36.1,55.6,35.7,0.0,34.3,34.1,37.1,39.1
R11,74.2,72.6,85.2,74.2,72.6,85.2,74.2,71.7,75.9,72.5,0.0,72.7,72.6,85.2,74.2
R12,46.0,43.7,49.7,46.0,43.7,49.7,46.0,42.4,61.4,42.4,0.0,43.8,43.7,49.7,46.0
R13,71.6,69.5,78.0,71.6,69.5,78.0,71.6,69.3,96.0,70.0,0.0,69.7,69.5,78.0,71.6
R14,86.1,84.7,79.9,86.1,84.7,79.9,86.1,86.1,70.4,85.3,0.0,84.7,84.7,79.9,86.1
R15,66.4,64.4,81.1,66.4,64.4,81.1,66.4,63.1,96.3,64.8,0.0,64.6,64.4,81.1,66.4
Ra,72.64,70.85,75.83,72.64,70.85,75.83,72.64,70.81,85.52,71.21,0.00,70.87,70.85,75.83,72.64
DC,1.4E-03,1.1E-03,1.5E-02,1.4E-03,1.1E-03,1.5E-02,1.4E-03,5.0E-04,2.8E-03,1.2E-03,0.0E+00,1.4E-03,1.1E-03,1.5E-02,1.4E-03
,,,,,,,,,,,,,,,
PAR,,,,,,,,,,,,,,,
Begin [nm],400,400,400,400,400,400,400,400,400,400,400,400,400,400,400
End [nm],700,700,700,700,700,700,700,700,700,700,700,700,700,700,700
Ephot [umol/s sqm],0.0242,0.0234,3.9403,0.0242,0.0234,3.9403,0.0242,0.0141,0.0012,0.0118,0.0002,0.0236,0.0234,3.9403,0.0242
,,,,,,,,,,,,,,,
Circadian,,,,,,,,,,,,,,,
Lec [W/sr*sqm],0.002,0.002,0.396,0.002,0.002,0.396,0.002,0.001,0.000,0.001,0.000,0.002,0.002,0.396,0.002
acv,0.819,0.865,1.061,0.819,0.865,1.061,0.819,0.821,0.538,0.841,1.769,0.863,0.865,1.061,0.819
CCT [K],6726,7316,9704,6726,7316,9704,6726,6841,3845,7049,0,7293,7316,9704,6726
,,,,,,,,,,,,,,,
LED Values,,,,,,,,,,,,,,,
Peak WL [nm],372.0,371.0,371.0,372.0,371.0,371.0,372.0,369.0,369.0,447.0,371.0,445.0,371.0,371.0,372.0
Peak FWHM [nm],11.6,11.2,11.6,11.6,11.2,11.6,11.6,11.0,11.1,21.2,11.4,23.1,11.2,11.6,11.6
Centroid WL [nm],510.2,497.1,465.0,510.2,497.1,465.0,510.2,498.0,379.4,532.4,372.9,530.2,497.1,465.0,510.2
,,,,,,,,,,,,,,,
RGB Values,,,,,,,,,,,,,,,
RGB Space,manual,manual,manual,manual,manual,manual,manual,manual,manual,manual,manual,manual,manual,manual,manual
R,1.5,1.3,213.6,1.5,1.3,213.6,1.5,0.8,0.1,0.7,0.0,1.4,1.3,213.6,1.5
G,1.8,1.7,261.5,1.8,1.7,261.5,1.8,1.1,0.1,0.9,0.0,1.8,1.7,261.5,1.8
B,2.0,2.0,401.3,2.0,2.0,401.3,2.0,1.2,0.1,1.0,0.0,2.1,2.0,401.3,2.0
,,,,,,,,,,,,,,,
,,,,,,,,,,,,,,,
Wavelength [nm],Le [W/(sr*sqm*nm)],Le [W/(sr*sqm*nm)],Le [W/(sr*sqm*nm)],Le [W/(sr*sqm*nm)],Le [W/(sr*sqm*nm)],Le [W/(sr*sqm*nm)],Le [W/(sr*sqm*nm)],Le [W/(sr*sqm*nm)],Le [W/(sr*sqm*nm)],Le [W/(sr*sqm*nm)],Le [W/(sr*sqm*nm)],Le [W/(sr*sqm*nm)],Le [W/(sr*sqm*nm)],Le [W/(sr*sqm*nm)],Le [W/(sr*sqm*nm)]
300 nm,,,,,,,,,,,,,,,
301 nm,,,,,,,,,,,,,,,
302 nm,,,,,,,,,,,,,,,
303 nm,,,,,,,,,,,,,,,
304 nm,,,,,,,,,,,,,,,
305 nm,,,,,,,,,,,,,,,
306 nm,,,,,,,,,,,,,,,
307 nm,,,,,,,,,,,,,,,
308 nm,,,,,,,,,,,,,,,
309 nm,,,,,,,,,,,,,,,
310 nm,,,,,,,,,,,,,,,
311 nm,,,,,,,,,,,,,,,
312 nm,,,,,,,,,,,,,,,
313 nm,,,,,,,,,,,,,,,
314 nm,,,,,,,,,,,,,,,
315 nm,,,,,,,,,,,,,,,
316 nm,,,,,,,,,,,,,,,
317 nm,,,,,,,,,,,,,,,
318 nm,,,,,,,,,,,,,,,
319 nm,,,,,,,,,,,,,,,
320 nm,,,,,,,,,,,,,,,
321 nm,,,,,,,,,,,,,,,
322 nm,,,,,,,,,,,,,,,
323 nm,,,,,,,,,,,,,,,
324 nm,,,,,,,,,,,,,,,
325 nm,,,,,,,,,,,,,,,
326 nm,,,,,,,,,,,,,,,
327 nm,,,,,,,,,,,,,,,
328 nm,,,,,,,,,,,,,,,
329 nm,,,,,,,,,,,,,,,
330 nm,,,,,,,,,,,,,,,
331 nm,,,,,,,,,,,,,,,
332 nm,,,,,,,,,,,,,,,
333 nm,,,,,,,,,,,,,,,
334 nm,,,,,,,,,,,,,,,
335 nm,,,,,,,,,,,,,,,
336 nm,,,,,,,,,,,,,,,
337 nm,,,,,,,,,,,,,,,
338 nm,,,,,,,,,,,,,,,
339 nm,,,,,,,,,,,,,,,
340 nm,,,,,,,,,,,,,,,
341 nm,,,,,,,,,,,,,,,
342 nm,,,,,,,,,,,,,,,
343 nm,,,,,,,,,,,,,,,
344 nm,,,,,,,,,,,,,,,
345 nm,,,,,,,,,,,,,,,
346 nm,,,,,,,,,,,,,,,
347 nm,,,,,,,,,,,,,,,
348 nm,,,,,,,,,,,,,,,
349 nm,,,,,,,,,,,,,,,
350 nm,1.63711E-06,3.18173E-06,2.32722E-03,1.63711E-06,3.18173E-06,2.32722E-03,1.63711E-06,6.12715E-06,3.39708E-06,0.00000E+00,6.95420E-06,1.05369E-06,3.18173E-06,2.32722E-03,1.63711E-06
351 nm,4.27946E-06,3.40214E-06,1.88788E-03,4.27946E-06,3.40214E-06,1.88788E-03,4.27946E-06,1.41529E-06,3.19024E-07,5.11742E-07,3.62021E-07,0.00000E+00,3.40214E-06,1.88788E-03,4.27946E-06
352 nm,4.01300E-06,4.28398E-06,1.59704E-03,4.01300E-06,4.28398E-06,1.59704E-03,4.01300E-06,1.82350E-06,3.82063E-06,2.01758E-07,2.84069E-07,1.90991E-06,4.28398E-06,1.59704E-03,4.01300E-06
353 nm,2.57591E-06,3.56938E-06,1.28526E-03,2.57591E-06,3.56938E-06,1.28526E-03,2.57591E-06,3.04227E-06,8.10774E-08,2.09677E-06,1.94987E-06,0.00000E+00,3.56938E-06,1.28526E-03,2.57591E-06
354 nm,4.84547E-08,0.00000E+00,1.33619E-03,4.84547E-08,0.00000E+00,1.33619E-03,4.84547E-08,2.49183E-06,2.84018E-06,0.00000E+00,4.39882E-07,0.00000E+00,0.00000E+00,1.33619E-03,4.84547E-08
355 nm,1.56811E-06,0.00000E+00,1.11795E-03,1.56811E-06,0.00000E+00,1.11795E-03,1.56811E-06,1.05476E-06,1.38278E-06,5.63972E-07,3.27627E-06,1.81333E-06,0.00000E+00,1.11795E-03,1.56811E-06
356 nm,1.68369E-06,2.84507E-06,1.26580E-03,1.68369E-06,2.84507E-06,1.26580E-03,1.68369E-06,1.87244E-06,1.17109E-06,3.22974E-07,3.03560E-06,2.05310E-06,2.84507E-06,1.26580E-03,1.68369E-06
357 nm,2.82987E-06,2.32849E-06,1.19388E-03,2.82987E-06,2.32849E-06,1.19388E-03,2.82987E-06,1.47907E-06,1.80309E-06,1.37695E-08,2.39643E-06,1.10393E-08,2.32849E-06,1.19388E-03,2.82987E-06
358 nm,2.14765E-06,3.37722E-06,1.36076E-03,2.14765E-06,3.37722E-06,1.36076E-03,2.14765E-06,2.20457E-06,1.48393E-06,2.15435E-07,3.05979E-06,4.76844E-07,3.37722E-06,1.36076E-03,2.14765E-06
359 nm,2.17645E-06,5.30088E-06,1.95642E-03,2.17645E-06,5.30088E-06,1.95642E-03,2.17645E-06,3.63175E-06,3.46867E-06,1.08869E-06,4.74705E-06,6.85127E-08,5.30088E-06,1.95642E-03,2.17645E-06
360 nm,4.92157E-06,7.26012E-06,2.89632E-03,4.92157E-06,7.26012E-06,2.89632E-03,4.92157E-06,6.06291E-06,5.54921E-06,0.00000E+00,8.26114E-06,0.00000E+00,7.26012E-06,2.89632E-03,4.92157E-06
361 nm,7.41334E-06,1.03344E-05,4.39386E-03,7.41334E-06,1.03344E-05,4.39386E-03,7.41334E-06,1.00435E-05,8.77068E-06,7.54436E-08,1.23350E-05,0.00000E+00,1.03344E-05,4.39386E-03,7.41334E-06
362 nm,1.09099E-05,1.81432E-05,6.44635E-03,1.09099E-05,1.81432E-05,6.44635E-03,1.09099E-05,1.43593E-05,1.23209E-05,0.00000E+00,1.61872E-05,2.24666E-08,1.81432E-05,6.44635E-03,1.09099E-05
363 nm,1.32840E-05,2.42979E-05,9.18119E-03,1.32840E-05,2.42979E-05,9.18119E-03,1.32840E-05,2.01652E-05,1.68804E-05,5.31366E-07,2.59716E-05,2.69314E-08,2.42979E-05,9.18119E-03,1.32840E-05
364 nm,1.95737E-05,3.60936E-05,1.29959E-02,1.95737E-05,3.60936E-05,1.29959E-02,1.95737E-05,2.88317E-05,2.38814E-05,0.00000E+00,3.47979E-05,1.39311E-06,3.60936E-05,1.29959E-02,1.95737E-05
365 nm,2.85836E-05,4.53226E-05,1.72193E-02,2.85836E-05,4.53226E-05,1.72193E-02,2.85836E-05,3.60072E-05,3.04376E-05,5.16048E-07,4.63207E-05,1.04397E-06,4.53226E-05,1.72193E-02,2.85836E-05
366 nm,3.69564E-05,6.09776E-05,2.27104E-02,3.69564E-05,6.09776E-05,2.27104E-02,3.69564E-05,4.57292E-05,3.94476E-05,5.41830E-07,6.10104E-05,2.04844E-06,6.09776E-05,2.27104E-02,3.69564E-05
367 nm,4.66656E-05,7.41503E-05,2.82656E-02,4.66656E-05,7.41503E-05,2.82656E-02,4.66656E-05,5.42830E-05,4.60054E-05,0.00000E+00,7.25292E-05,5.45617E-07,7.41503E-05,2.82656E-02,4.66656E-05
368 nm,5.64493E-05,8.81441E-05,3.43089E-02,5.64493E-05,8.81441E-05,3.43089E-02,5.64493E-05,6.24218E-05,5.37318E-05,3.52669E-07,8.69600E-05,1.60136E-07,8.81441E-05,3.43089E-02,5.64493E-05
369 nm,6.49973E-05,1.02839E-04,3.98816E-02,6.49973E-05,1.02839E-04,3.98816E-02,6.49973E-05,6.90124E-05,5.99743E-05,0.00000E+00,1.01214E-04,0.00000E+00,1.02839E-04,3.98816E-02,6.49973E-05
370 nm,6.73589E-05,1.05065E-04,4.19699E-02,6.73589E-05,1.05065E-04,4.19699E-02,6.73589E-05,6.82930E-05,5.88476E-05,1.08448E-07,1.03866E-04,3.33517E-07,1.05065E-04,4.19699E-02,6.73589E-05
371 nm,7.14025E-05,1.10736E-04,4.43647E-02,7.14025E-05,1.10736E-04,4.43647E-02,7.14025E-05,6.81218E-05,5.78076E-05,9.33694E-08,1.08087E-04,6.40291E-07,1.10736E-04,4.43647E-02,7.14025E-05
372 nm,7.18507E-05,1.06940E-04,4.40316E-02,7.18507E-05,1.06940E-04,4.40316E-02,7.18507E-05,6.12130E-05,5.41726E-05,5.34528E-07,1.04683E-04,0.00000E+00,1.06940E-04,4.40316E-02,7.18507E-05
373 nm,6.83532E-05,9.85090E-05,4.23198E-02,6.83532E-05,9.85090E-05,4.23198E-02,6.83532E-05,5.54727E-05,4.86013E-05,8.90744E-08,9.84089E-05,7.18009E-07,9.85090E-05,4.23198E-02,6.83532E-05
374 nm,6.05000E-05,8.54245E-05,3.69671E-02,6.05000E-05,8.54245E-05,3.69671E-02,6.05000E-05,4.62619E-05,3.98246E-05,3.71910E-07,8.57901E-05,0.00000E+00,8.54245E-05,3.69671E-02,6.05000E-05
375 nm,5.42740E-05,7.78262E-05,3.40945E-02,5.42740E-05,7.78262E-05,3.40945E-02,5.42740E-05,3.96808E-05,3.58769E-05,6.60453E-08,7.68377E-05,5.34690E-08,7.78262E-05,3.40945E-02,5.42740E-05
376 nm,4.59678E-05,6.58093E-05,2.89697E-02,4.59678E-05,6.58093E-05,2.89697E-02,4.59678E-05,3.28986E-05,2.98918E-05,4.49520E-08,6.48300E-05,8.64422E-09,6.58093E-05,2.89697E-02,4.59678E-05
377 nm,3.84232E-05,5.38856E-05,2.43578E-02,3.84232E-05,5.38856E-05,2.43578E-02,3.84232E-05,2.75168E-05,2.39803E-05,2.55386E-07,5.33732E-05,1.54805E-08,5.38856E-05,2.43578E-02,3.84232E-05
378 nm,3.28588E-05,4.48025E-05,2.03723E-02,3.28588E-05,4.48025E-05,2.03723E-02,3.28588E-05,2.30917E-05,2.03486E-05,5.50224E-07,4.55388E-05,2.06920E-07,4.48025E-05,2.03723E-02,3.28588E-05
379 nm,2.75193E-05,3.81058E-05,1.74565E-02,2.75193E-05,3.81058E-05,1.74565E-02,2.75193E-05,1.99931E-05,1.77055E-05,5.55571E-07,3.77120E-05,1.56061E-08,3.81058E-05,1.74565E-02,2.75193E-05
380 nm,2.25258E-05,3.36019E-05,1.43672E-02,2.25258E-05,3.36019E-05,1.43672E-02,2.25258E-05,1.64088E-05,1.40624E-05,3.22772E-07,3.15613E-05,4.06403E-07,3.36019E-05,1.43672E-02,2.25258E-05
381 nm,1.94427E-05,2.70845E-05,1.20216E-02,1.94427E-05,2.70845E-05,1.20216E-02,1.94427E-05,1.38112E-05,1.24064E-05,7.84553E-07,2.73869E-05,1.00337E-06,2.70845E-05,1.20216E-02,1.94427E-05
382 nm,1.55053E-05,2.27768E-05,9.82339E-03,1.55053E-05,2.27768E-05,9.82339E-03,1.55053E-05,1.14766E-05,9.80245E-06,0.00000E+00,2.16728E-05,4.18152E-07,2.27768E-05,9.82339E-03,1.55053E-05
383 nm,1.33514E-05,1.73932E-05,7.94125E-03,1.33514E-05,1.73932E-05,7.94125E-03,1.33514E-05,8.81487E-06,8.03186E-06,4.75998E-07,1.68306E-05,4.78672E-07,1.73932E-05,7.94125E-03,1.33514E-05
384 nm,1.10179E-05,1.46775E-05,6.60583E-03,1.10179E-05,1.46775E-05,6.60583E-03,1.10179E-05,7.30371E-06,6.79714E-06,1.85297E-08,1.43509E-05,1.15931E-07,1.46775E-05,6.60583E-03,1.10179E-05
385 nm,7.96260E-06,1.17467E-05,5.26145E-03,7.96260E-06,1.17467E-05,5.26145E-03,7.96260E-06,6.05648E-06,5.32199E-06,4.53922E-07,1.17792E-05,3.77952E-10,1.17467E-05,5.26145E-03,7.96260E-06
386 nm,7.02720E-06,9.36850E-06,4.14112E-03,7.02720E-06,9.36850E-06,4.14112E-03,7.02720E-06,4.40520E-06,3.73467E-06,0.00000E+00,9.10757E-06,2.93219E-07,9.36850E-06,4.14112E-03,7.02720E-06
387 nm,5.00659E-06,7.04642E-06,3.22754E-03,5.00659E-06,7.04642E-06,3.22754E-03,5.00659E-06,3.92876E-06,2.91161E-06,1.57680E-07,7.23519E-06,7.06396E-07,7.04642E-06,3.22754E-03,5.00659E-06
388 nm,3.82878E-06,5.67855E-06,2.58754E-03,3.82878E-06,5.67855E-06,2.58754E-03,3.82878E-06,3.18965E-06,2.70007E-06,3.14548E-07,5.65557E-06,3.97896E-07,5.67855E-06,2.58754E-03,3.82878E-06
389 nm,3.16646E-06,4.58867E-06,1.94007E-03,3.16646E-06,4.58867E-06,1.94007E-03,3.16646E-06,2.51707E-06,1.96699E-06,1.55176E-07,3.78374E-06,0.00000E+00,4.58867E-06,1.94007E-03,3.16646E-06
390 nm,2.25541E-06,2.93910E-06,1.41745E-03,2.25541E-06,2.93910E-06,1.41745E-03,2.25541E-06,1.44552E-06,1.33451E-06,0.00000E+00,3.00677E-06,5.47918E-07,2.93910E-06,1.41745E-03,2.25541E-06
391 nm,1.79669E-06,2.34988E-06,1.14986E-03,1.79669E-06,2.34988E-06,1.14986E-03,1.79669E-06,1.56572E-06,1.06565E-06,1.62026E-07,2.11468E-06,5.63363E-08,2.34988E-06,1.14986E-03,1.79669E-06
392 nm,1.34594E-06,2.13771E-06,8.79209E-04,1.34594E-06,2.13771E-06,8.79209E-04,1.34594E-06,1.17304E-06,7.32411E-07,9.39107E-08,1.75124E-06,5.53294E-07,2.13771E-06,8.79209E-04,1.34594E-06
393 nm,1.42044E-06,1.74018E-06,6.49586E-04,1.42044E-06,1.74018E-06,6.49586E-04,1.42044E-06,8.47926E-07,5.24252E-07,1.33794E-07,1.62179E-06,2.46846E-07,1.74018E-06,6.49586E-04,1.42044E-06
394 nm,1.21525E-06,1.32763E-06,4.82691E-04,1.21525E-06,1.32763E-06,4.82691E-04,1.21525E-06,6.72408E-07,3.15730E-07,3.42175E-07,8.24202E-07,7.06754E-07,1.32763E-06,4.82691E-04,1.21525E-06
395 nm,4.94591E-07,8.32228E-07,4.28180E-04,4.94591E-07,8.32228E-07,4.28180E-04,4.94591E-07,6.13093E-07,4.95268E-07,1.55805E-07,7.40868E-07,1.04502E-06,8.32228E-07,4.28180E-04,4.94591E-07
396 nm,9.96662E-07,1.05161E-06,2.72275E-04,9.96662E-07,1.05161E-06,2.72275E-04,9.96662E-07,9.83562E-07,4.75761E-07,2.16172E-08,9.19116E-07,6.72163E-07,1.05161E-06,2.72275E-04,9.96662E-07
397 nm,5.23209E-07,8.56858E-07,2.79736E-04,5.23209E-07,8.56858E-07,2.79736E-04,5.23209E-07,5.53701E-07,2.17777E-07,2.79637E-07,4.31383E-07,6.68395E-08,8.56858E-07,2.79736E-04,5.23209E-07
398 nm,6.09318E-07,6.67363E-07,2.16848E-04,6.09318E-07,6.67363E-07,2.16848E-04,6.09318E-07,2.31703E-07,5.55832E-07,6.94443E-09,4.67514E-07,6.37311E-07,6.67363E-07,2.16848E-04,6.09318E-07
399 nm,1.11149E-06,6.88454E-07,2.15007E-04,1.11149E-06,6.88454E-07,2.15007E-04,1.11149E-06,7.45365E-07,2.16072E-07,7.02847E-08,3.57813E-07,3.38360E-07,6.88454E-07,2.15007E-04,1.11149E-06
400 nm,5.84442E-07,1.29655E-06,2.10834E-04,5.84442E-07,1.29655E-06,2.10834E-04,5.84442E-07,2.02770E-07,2.95759E-07,0.00000E+00,2.15831E-07,9.56288E-10,1.29655E-06,2.10834E-04,5.84442E-07
401 nm,1.42471E-07,4.61157E-07,2.08518E-04,1.42471E-07,4.61157E-07,2.08518E-04,1.42471E-07,2.28003E-07,4.09696E-07,9.72132E-08,0.00000E+00,2.19180E-07,4.61157E-07,2.08518E-04,1.42471E-07
402 nm,4.16582E-07,1.21608E-06,2.11532E-04,4.16582E-07,1.21608E-06,2.11532E-04,4.16582E-07,4.98348E-07,2.18515E-07,9.74565E-08,1.53355E-07,1.47159E-07,1.21608E-06,2.11532E-04,4.16582E-07
403 nm,8.14457E-07,7.39197E-07,1.84047E-04,8.14457E-07,7.39197E-07,1.84047E-04,8.14457E-07,3.89950E-07,3.63449E-07,6.10526E-08,6.55738E-07,6.24346E-07,7.39197E-07,1.84047E-04,8.14457E-07
404 nm,2.19162E-07,6.29107E-07,2.02836E-04,2.19162E-07,6.29107E-07,2.02836E-04,2.19162E-07,8.52621E-07,4.60822E-07,0.00000E+00,2.99813E-07,7.65539E-07,6.29107E-07,2.02836E-04,2.19162E-07
405 nm,1.11048E-06,9.05011E-07,2.05300E-04,1.11048E-06,9.05011E-07,2.05300E-04,1.11048E-06,5.77105E-07,3.97689E-07,8.50280E-08,5.19563E-08,4.93283E-07,9.05011E-07,2.05300E-04,1.11048E-06
406 nm,5.57130E-07,5.85119E-07,2.33916E-04,5.57130E-07,5.85119E-07,2.33916E-04,5.57130E-07,4.95878E-07,5.18345E-07,2.11259E-07,9.04428E-08,3.50412E-07,5.85119E-07,2.33916E-04,5.57130E-07
407 nm,7.40528E-07,9.96442E-07,2.47914E-04,7.40528E-07,9.96442E-07,2.47914E-04,7.40528E-07,3.24044E-07,4.78721E-07,1.34475E-07,0.00000E+00,7.34521E-07,9.96442E-07,2.47914E-04,7.40528E-07
408 nm,8.84126E-07,7.90621E-07,2.86195E-04,8.84126E-07,7.90621E-07,2.86195E-04,8.84126E-07,5.27667E-07,3.33092E-07,3.33741E-07,3.11462E-08,1.31398E-06,7.90621E-07,2.86195E-04,8.84126E-07
409 nm,1.04234E-06,1.83883E-06,3.15031E-04,1.04234E-06,1.83883E-06,3.15031E-04,1.04234E-06,9.00352E-07,4.33750E-08,4.42993E-07,2.47788E-07,1.17627E-06,1.83883E-06,3.15031E-04,1.04234E-06
410 nm,6.62434E-07,1.22974E-06,3.75589E-04,6.62434E-07,1.22974E-06,3.75589E-04,6.62434E-07,5.61427E-07,3.45435E-07,6.65495E-07,7.53111E-07,1.22206E-06,1.22974E-06,3.75589E-04,6.62434E-07
411 nm,1.85056E-06,1.41519E-06,4.20610E-04,1.85056E-06,1.41519E-06,4.20610E-04,1.85056E-06,6.46605E-07,1.72885E-07,7.89548E-07,4.38680E-08,8.60439E-07,1.41519E-06,4.20610E-04,1.85056E-06
412 nm,1.69096E-06,1.17507E-06,4.94659E-04,1.69096E-06,1.17507E-06,4.94659E-04,1.69096E-06,7.36454E-07,1.83081E-07,7.63244E-07,1.37730E-07,2.06288E-06,1.17507E-06,4.94659E-04,1.69096E-06
413 nm,1.93536E-06,2.05537E-06,5.45746E-04,1.93536E-06,2.05537E-06,5.45746E-04,1.93536E-06,1.09795E-06,9.04230E-08,6.12619E-07,4.07259E-07,2.43898E-06,2.05537E-06,5.45746E-04,1.93536E-06
414 nm,2.04838E-06,2.67311E-06,6.49065E-04,2.04838E-06,2.67311E-06,6.49065E-04,2.04838E-06,1.19935E-06,2.01771E-07,8.24347E-07,3.60530E-08,2.62800E-06,2.67311E-06,6.49065E-04,2.04838E-06
415 nm,2.67732E-06,2.99913E-06,7.48977E-04,2.67732E-06,2.99913E-06,7.48977E-04,2.67732E-06,1.18806E-06,3.25259E-08,8.78674E-07,2.63780E-07,2.64812E-06,2.99913E-06,7.48977E-04,2.67732E-06
416 nm,3.70454E-06,3.62052E-06,9.11940E-04,3.70454E-06,3.62052E-06,9.11940E-04,3.70454E-06,1.29699E-06,2.39336E-07,1.41045E-06,5.27496E-07,3.53470E-06,3.62052E-06,9.11940E-04,3.70454E-06
417 nm,3.80448E-06,4.14510E-06,1.04169E-03,3.80448E-06,4.14510E-06,1.04169E-03,3.80448E-06,1.61957E-06,1.46331E-07,1.44827E-06,1.98717E-08,4.07432E-06,4.14510E-06,1.04169E-03,3.80448E-06
418 nm,4.20525E-06,4.50834E-06,1.25638E-03,4.20525E-06,4.50834E-06,1.25638E-03,4.20525E-06,2.07767E-06,1.13592E-07,1.57710E-06,5.18307E-07,4.26813E-06,4.50834E-06,1.25638E-03,4.20525E-06
419 nm,5.34719E-06,5.57233E-06,1.42789E-03,5.34719E-06,5.57233E-06,1.42789E-03,5.34719E-06,2.23439E-06,1.23107E-07,1.82990E-06,4.38226E-07,5.23108E-06,5.57233E-06,1.42789E-03,5.34719E-06
420 nm,6.04055E-06,6.85249E-06,1.62003E-03,6.04055E-06,6.85249E-06,1.62003E-03,6.04055E-06,2.71943E-06,2.20731E-07,2.44977E-06,2.83862E-07,6.12700E-06,6.85249E-06,1.62003E-03,6.04055E-06
421 nm,7.09992E-06,7.95537E-06,1.88434E-03,7.09992E-06,7.95537E-06,1.88434E-03,7.09992E-06,2.78270E-06,1.86821E-07,2.86505E-06,0.00000E+00,7.38457E-06,7.95537E-06,1.88434E-03,7.09992E-06
422 nm,8.30528E-06,9.01780E-06,2.14895E-03,8.30528E-06,9.01780E-06,2.14895E-03,8.30528E-06,3.66237E-06,4.57876E-07,2.48679E-06,2.22931E-07,8.40540E-06,9.01780E-06,2.14895E-03,8.30528E-06
423 nm,9.80099E-06,1.02946E-05,2.49918E-03,9.80099E-06,1.02946E-05,2.49918E-03,9.80099E-06,4.08605E-06,2.95342E-07,3.60100E-06,4.96034E-07,9.88744E-06,1.02946E-05,2.49918E-03,9.80099E-06
424 nm,1.07594E-05,1.16517E-05,2.81496E-03,1.07594E-05,1.16517E-05,2.81496E-03,1.07594E-05,4.67441E-06,5.15762E-07,3.80262E-06,1.80484E-07,1.12429E-05,1.16517E-05,2.81496E-03,1.07594E-05
425 nm,1.18808E-05,1.29945E-05,3.10449E-03,1.18808E-05,1.29945E-05,3.10449E-03,1.18808E-05,5.62100E-06,1.61088E-07,4.83733E-06,9.82698E-08,1.32195E-05,1.29945E-05,3.10449E-03,1.18808E-05
426 nm,1.36340E-05,1.52446E-05,3.47100E-03,1.36340E-05,1.52446E-05,3.47100E-03,1.36340E-05,6.86753E-06,3.56071E-07,5.60497E-06,1.74861E-07,1.51516E-05,1.52446E-05,3.47100E-03,1.36340E-05
427 nm,1.51923E-05,1.69523E-05,3.93637E-03,1.51923E-05,1.69523E-05,3.93637E-03,1.51923E-05,7.67215E-06,1.17786E-07,6.34609E-06,1.60176E-08,1.68650E-05,1.69523E-05,3.93637E-03,1.51923E-05
428 nm,1.64947E-05,1.91146E-05,4.44584E-03,1.64947E-05,1.91146E-05,4.44584E-03,1.64947E-05,8.19090E-06,5.09433E-07,7.20558E-06,2.15701E-07,1.84263E-05,1.91146E-05,4.44584E-03,1.64947E-05
429 nm,1.86765E-05,2.12995E-05,4.82578E-03,1.86765E-05,2.12995E-05,4.82578E-03,1.86765E-05,9.72211E-06,4.08408E-07,8.68200E-06,5.29247E-07,2.06636E-05,2.12995E-05,4.82578E-03,1.86765E-05
430 nm,2.11215E-05,2.32882E-05,5.28114E-03,2.11215E-05,2.32882E-05,5.28114E-03,2.11215E-05,1.07682E-05,3.40275E-07,9.54060E-06,8.08083E-08,2.34511E-05,2.32882E-05,5.28114E-03,2.11215E-05
431 nm,2.33865E-05,2.50540E-05,5.76145E-03,2.33865E-05,2.50540E-05,5.76145E-03,2.33865E-05,1.18244E-05,2.80197E-07,1.02316E-05,0.00000E+00,2.55440E-05,2.50540E-05,5.76145E-03,2.33865E-05
432 nm,2.52268E-05,2.77873E-05,6.30624E-03,2.52268E-05,2.77873E-05,6.30624E-03,2.52268E-05,1.33741E-05,7.24056E-07,1.16880E-05,9.20902E-08,2.81976E-05,2.77873E-05,6.30624E-03,2.52268E-05
433 nm,2.83460E-05,3.11837E-05,6.85748E-03,2.83460E-05,3.11837E-05,6.85748E-03,2.83460E-05,1.51008E-05,9.84344E-07,1.28218E-05,3.29542E-07,3.10271E-05,3.11837E-05,6.85748E-03,2.83460E-05
434 nm,3.10161E-05,3.32773E-05,7.43922E-03,3.10161E-05,3.32773E-05,7.43922E-03,3.10161E-05,1.66859E-05,2.33468E-06,1.40098E-05,1.20734E-07,3.39021E-05,3.32773E-05,7.43922E-03,3.10161E-05
435 nm,3.43291E-05,3.61401E-05,7.94417E-03,3.43291E-05,3.61401E-05,7.94417E-03,3.43291E-05,1.86287E-05,3.05525E-06,1.58708E-05,3.88718E-07,3.71809E-05,3.61401E-05,7.94417E-03,3.43291E-05
436 nm,3.70560E-05,3.98244E-05,8.63727E-03,3.70560E-05,3.98244E-05,8.63727E-03,3.70560E-05,2.05481E-05,3.24673E-06,1.77980E-05,4.41153E-07,4.03902E-05,3.98244E-05,8.63727E-03,3.70560E-05
437 nm,3.98369E-05,4.23939E-05,9.16402E-03,3.98369E-05,4.23939E-05,9.16402E-03,3.98369E-05,2.26760E-05,2.31926E-06,1.93427E-05,4.25281E-09,4.34586E-05,4.23939E-05,9.16402E-03,3.98369E-05
438 nm,4.26108E-05,4.60817E-05,9.66208E-03,4.26108E-05,4.60817E-05,9.66208E-03,4.26108E-05,2.49113E-05,1.91403E-06,2.13297E-05,1.32519E-09,4.65657E-05,4.60817E-05,9.66208E-03,4.26108E-05
439 nm,4.56728E-05,4.99242E-05,1.03789E-02,4.56728E-05,4.99242E-05,1.03789E-02,4.56728E-05,2.72026E-05,1.22175E-06,2.34893E-05,2.63951E-08,5.04344E-05,4.99242E-05,1.03789E-02,4.56728E-05
440 nm,4.94616E-05,5.32971E-05,1.08817E-02,4.94616E-05,5.32971E-05,1.08817E-02,4.94616E-05,2.99493E-05,9.04864E-07,2.56787E-05,5.38883E-08,5.34522E-05,5.32971E-05,1.08817E-02,4.94616E-05
441 nm,5.19260E-05,5.60926E-05,1.13184E-02,5.19260E-05,5.60926E-05,1.13184E-02,5.19260E-05,3.20054E-05,5.80111E-07,2.71193E-05,0.00000E+00,5.66523E-05,5.60926E-05,1.13184E-02,5.19260E-05
442 nm,5.45199E-05,5.77425E-05,1.18991E-02,5.45199E-05,5.77425E-05,1.18991E-02,5.45199E-05,3.40366E-05,7.39972E-07,2.89550E-05,4.90586E-07,5.91748E-05,5.77425E-05,1.18991E-02,5.45199E-05
443 nm,5.58681E-05,6.01569E-05,1.20506E-02,5.58681E-05,6.01569E-05,1.20506E-02,5.58681E-05,3.60302E-05,6.56032E-07,3.04878E-05,3.55305E-07,6.15271E-05,6.01569E-05,1.20506E-02,5.58681E-05
444 nm,5.82519E-05,6.12397E-05,1.22230E-02,5.82519E-05,6.12397E-05,1.22230E-02,5.82519E-05,3.74148E-05,5.30580E-07,3.19325E-05,4.51268E-07,6.28589E-05,6.12397E-05,1.22230E-02,5.82519E-05
445 nm,5.95379E-05,6.18546E-05,1.22803E-02,5.95379E-05,6.18546E-05,1.22803E-02,5.95379E-05,3.83510E-05,6.09474E-07,3.24312E-05,3.55393E-07,6.38942E-05,6.18546E-05,1.22803E-02,5.95379E-05
446 nm,5.95274E-05,6.19779E-05,1.21427E-02,5.95274E-05,6.19779E-05,1.21427E-02,5.95274E-05,3.86057E-05,7.56786E-07,3.26719E-05,4.57878E-07,6.33592E-05,6.19779E-05,1.21427E-02,5.95274E-05
447 nm,5.88449E-05,6.10671E-05,1.19146E-02,5.88449E-05,6.10671E-05,1.19146E-02,5.88449E-05,3.78147E-05,6.82851E-07,3.26872E-05,4.99396E-07,6.30654E-05,6.10671E-05,1.19146E-02,5.88449E-05
448 nm,5.77318E-05,5.99372E-05,1.14022E-02,5.77318E-05,5.99372E-05,1.14022E-02,5.77318E-05,3.70637E-05,8.65827E-07,3.16588E-05,3.75235E-07,6.00681E-05,5.99372E-05,1.14022E-02,5.77318E-05
449 nm,5.55809E-05,5.68917E-05,1.09619E-02,5.55809E-05,5.68917E-05,1.09619E-02,5.55809E-05,3.54349E-05,6.00357E-07,3.05880E-05,4.99306E-07,5.75320E-05,5.68917E-05,1.09619E-02,5.55809E-05
450 nm,5.23903E-05,5.42019E-05,1.02541E-02,5.23903E-05,5.42019E-05,1.02541E-02,5.23903E-05,3.39848E-05,5.87124E-07,2.88350E-05,1.01112E-07,5.42494E-05,5.42019E-05,1.02541E-02,5.23903E-05
451 nm,4.98737E-05,5.14957E-05,9.71480E-03,4.98737E-05,5.14957E-05,9.71480E-03,4.98737E-05,3.13985E-05,7.31588E-07,2.67617E-05,8.81998E-08,5.10188E-05,5.14957E-05,9.71480E-03,4.98737E-05
452 nm,4.60602E-05,4.75089E-05,8.84238E-03,4.60602E-05,4.75089E-05,8.84238E-03,4.60602E-05,2.93692E-05,5.81944E-07,2.52166E-05,6.41504E-07,4.83301E-05,4.75089E-05,8.84238E-03,4.60602E-05
453 nm,4.32778E-05,4.28333E-05,8.11378E-03,4.32778E-05,4.28333E-05,8.11378E-03,4.32778E-05,2.62070E-05,8.64947E-07,2.23404E-05,4.00872E-07,4.37963E-05,4.28333E-05,8.11378E-03,4.32778E-05
454 nm,3.99746E-05,4.04288E-05,7.43451E-03,3.99746E-05,4.04288E-05,7.43451E-03,3.99746E-05,2.39135E-05,3.00298E-07,2.08240E-05,0.00000E+00,4.00575E-05,4.04288E-05,7.43451E-03,3.99746E-05
455 nm,3.64788E-05,3.64178E-05,6.74915E-03,3.64788E-05,3.64178E-05,6.74915E-03,3.64788E-05,2.19139E-05,6.44571E-07,1.85933E-05,8.85166E-08,3.67680E-05,3.64178E-05,6.74915E-03,3.64788E-05
456 nm,3.40239E-05,3.37305E-05,6.24040E-03,3.40239E-05,3.37305E-05,6.24040E-03,3.40239E-05,2.00891E-05,6.66153E-07,1.68090E-05,2.06859E-07,3.32638E-05,3.37305E-05,6.24040E-03,3.40239E-05
457 nm,3.04225E-05,3.08675E-05,5.63800E-03,3.04225E-05,3.08675E-05,5.63800E-03,3.04225E-05,1.82603E-05,8.95064E-07,1.56493E-05,5.80616E-07,3.02851E-05,3.08675E-05,5.63800E-03,3.04225E-05
458 nm,2.87160E-05,2.76106E-05,5.13697E-03,2.87160E-05,2.76106E-05,5.13697E-03,2.87160E-05,1.64386E-05,9.25217E-07,1.44321E-05,3.53586E-08,2.74930E-05,2.76106E-05,5.13697E-03,2.87160E-05
459 nm,2.63049E-05,2.56526E-05,4.68293E-03,2.63049E-05,2.56526E-05,4.68293E-03,2.63049E-05,1.51110E-05,5.60922E-07,1.30960E-05,2.95320E-07,2.60327E-05,2.56526E-05,4.68293E-03,2.63049E-05
460 nm,2.42520E-05,2.32829E-05,4.26473E-03,2.42520E-05,2.32829E-05,4.26473E-03,2.42520E-05,1.37072E-05,6.73875E-07,1.18689E-05,4.42844E-07,2.32309E-05,2.32829E-05,4.26473E-03,2.42520E-05
461 nm,2.26531E-05,2.16451E-05,3.88634E-03,2.26531E-05,2.16451E-05,3.88634E-03,2.26531E-05,1.27975E-05,7.24211E-07,1.09263E-05,6.05627E-07,2.18245E-05,2.16451E-05,3.88634E-03,2.26531E-05
462 nm,2.08941E-05,2.04069E-05,3.61376E-03,2.08941E-05,2.04069E-05,3.61376E-03,2.08941E-05,1.18560E-05,6.92173E-07,1.01816E-05,4.07969E-07,1.99550E-05,2.04069E-05,3.61376E-03,2.08941E-05
463 nm,1.99460E-05,1.89216E-05,3.39530E-03,1.99460E-05,1.89216E-05,3.39530E-03,1.99460E-05,1.06699E-05,4.96751E-07,9.13265E-06,6.65066E-07,1.85111E-05,1.89216E-05,3.39530E-03,1.99460E-05
464 nm,1.85269E-05,1.74798E-05,3.07551E-03,1.85269E-05,1.74798E-05,3.07551E-03,1.85269E-05,1.02832E-05,8.39116E-07,8.99763E-06,4.44727E-07,1.75944E-05,1.74798E-05,3.07551E-03,1.85269E-05
465 nm,1.70891E-05,1.61180E-05,2.85312E-03,1.70891E-05,1.61180E-05,2.85312E-03,1.70891E-05,9.59261E-06,6.50960E-07,8.10936E-06,2.18886E-07,1.62551E-05,1.61180E-05,2.85312E-03,1.70891E-05
466 nm,1.61972E-05,1.52825E-05,2.63737E-03,1.61972E-05,1.52825E-05,2.63737E-03,1.61972E-05,8.74169E-06,9.01629E-07,7.46936E-06,3.33867E-07,1.53165E-05,1.52825E-05,2.63737E-03,1.61972E-05
467 nm,1.49786E-05,1.40176E-05,2.42907E-03,1.49786E-05,1.40176E-05,2.42907E-03,1.49786E-05,8.09502E-06,5.93560E-07,7.37080E-06,1.70042E-07,1.41775E-05,1.40176E-05,2.42907E-03,1.49786E-05
468 nm,1.46588E-05,1.28027E-05,2.23617E-03,1.46588E-05,1.28027E-05,2.23617E-03,1.46588E-05,7.78858E-06,7.86900E-07,6.54557E-06,6.43276E-07,1.32579E-05,1.28027E-05,2.23617E-03,1.46588E-05
469 nm,1.32908E-05,1.23443E-05,2.10962E-03,1.32908E-05,1.23443E-05,2.10962E-03,1.32908E-05,7.04789E-06,6.92567E-07,6.10152E-06,4.85868E-07,1.20236E-05,1.23443E-05,2.10962E-03,1.32908E-05
470 nm,1.21654E-05,1.14710E-05,1.93147E-03,1.21654E-05,1.14710E-05,1.93147E-03,1.21654E-05,6.75604E-06,7.59983E-07,5.93903E-06,5.05596E-07,1.14309E-05,1.14710E-05,1.93147E-03,1.21654E-05
471 nm,1.11723E-05,1.06173E-05,1.82615E-03,1.11723E-05,1.06173E-05,1.82615E-03,1.11723E-05,6.30353E-06,5.97749E-07,5.28693E-06,4.37993E-07,1.05751E-05,1.06173E-05,1.82615E-03,1.11723E-05
472 nm,1.08772E-05,1.00371E-05,1.64282E-03,1.08772E-05,1.00371E-05,1.64282E-03,1.08772E-05,5.81410E-06,6.29937E-07,5.10864E-06,5.96834E-07,1.01435E-05,1.00371E-05,1.64282E-03,1.08772E-05
473 nm,1.04391E-05,9.07697E-06,1.61036E-03,1.04391E-05,9.07697E-06,1.61036E-03,1.04391E-05,5.52657E-06,6.11053E-07,4.77190E-06,5.92223E-07,9.07638E-06,9.07697E-06,1.61036E-03,1.04391E-05
474 nm,9.59508E-06,9.24182E-06,1.52031E-03,9.59508E-06,9.24182E-06,1.52031E-03,9.59508E-06,5.20143E-06,6.06200E-07,4.31865E-06,1.07361E-07,8.82719E-06,9.24182E-06,1.52031E-03,9.59508E-06
475 nm,9.15275E-06,8.59523E-06,1.41049E-03,9.15275E-06,8.59523E-06,1.41049E-03,9.15275E-06,4.90544E-06,6.67391E-07,4.16285E-06,8.60029E-09,8.43550E-06,8.59523E-06,1.41049E-03,9.15275E-06
476 nm,8.41945E-06,8.49347E-06,1.34294E-03,8.41945E-06,8.49347E-06,1.34294E-03,8.41945E-06,4.93432E-06,3.57129E-07,3.93998E-06,5.79643E-08,7.99313E-06,8.49347E-06,1.34294E-03,8.41945E-06
477 nm,8.37586E-06,7.74128E-06,1.27762E-03,8.37586E-06,7.74128E-06,1.27762E-03,8.37586E-06,4.39910E-06,4.92128E-07,4.09258E-06,1.74009E-07,7.76246E-06,7.74128E-06,1.27762E-03,8.37586E-06
478 nm,8.25994E-06,7.51020E-06,1.26223E-03,8.25994E-06,7.51020E-06,1.26223E-03,8.25994E-06,4.39176E-06,5.77665E-07,3.82070E-06,2.29587E-07,7.33063E-06,7.51020E-06,1.26223E-03,8.25994E-06
479 nm,7.95864E-06,7.65268E-06,1.21622E-03,7.95864E-06,7.65268E-06,1.21622E-03,7.95864E-06,4.10260E-06,4.58462E-07,3.77064E-06,1.21314E-07,7.23305E-06,7.65268E-06,1.21622E-03,7.95864E-06
480 nm,7.22289E-06,7.07412E-06,1.18344E-03,7.22289E-06,7.07412E-06,1.18344E-03,7.22289E-06,3.95195E-06,3.86718E-07,3.54615E-06,3.19989E-07,7.26413E-06,7.07412E-06,1.18344E-03,7.22289E-06
481 nm,7.26693E-06,6.61791E-06,1.16481E-03,7.26693E-06,6.61791E-06,1.16481E-03,7.26693E-06,4.16394E-06,6.28562E-07,3.24729E-06,2.38639E-07,6.49483E-06,6.61791E-06,1.16481E-03,7.26693E-06
482 nm,7.54114E-06,7.04929E-06,1.13108E-03,7.54114E-06,7.04929E-06,1.13108E-03,7.54114E-06,3.72949E-06,3.67138E-07,3.00415E-06,1.75055E-08,6.81646E-06,7.04929E-06,1.13108E-03,7.54114E-06
483 nm,7.22578E-06,6.57465E-06,1.10852E-03,7.22578E-06,6.57465E-06,1.10852E-03,7.22578E-06,3.75634E-06,9.05563E-07,3.38121E-06,4.40990E-07,6.39924E-06,6.57465E-06,1.10852E-03,7.22578E-06
484 nm,7.11504E-06,6.65398E-06,1.06612E-03,7.11504E-06,6.65398E-06,1.06612E-03,7.11504E-06,3.67319E-06,9.06374E-07,3.15970E-06,3.50621E-08,6.61557E-06,6.65398E-06,1.06612E-03,7.11504E-06
485 nm,6.74238E-06,6.56360E-06,1.05673E-03,6.74238E-06,6.56360E-06,1.05673E-03,6.74238E-06,3.57788E-06,1.16256E-06,2.96228E-06,3.29021E-07,6.60126E-06,6.56360E-06,1.05673E-03,6.74238E-06
486 nm,7.32033E-06,6.47589E-06,1.08752E-03,7.32033E-06,6.47589E-06,1.08752E-03,7.32033E-06,3.83285E-06,1.46600E-06,3.20790E-06,1.13238E-07,6.69537E-06,6.47589E-06,1.08752E-03,7.32033E-06
487 nm,7.01654E-06,6.48852E-06,1.11560E-03,7.01654E-06,6.48852E-06,1.11560E-03,7.01654E-06,3.86540E-06,1.23226E-06,3.30398E-06,1.64723E-07,6.70189E-06,6.48852E-06,1.11560E-03,7.01654E-06
488 nm,7.30211E-06,6.54524E-06,1.07768E-03,7.30211E-06,6.54524E-06,1.07768E-03,7.30211E-06,3.77069E-06,1.47713E-06,3.34357E-06,1.29719E-07,6.77597E-06,6.54524E-06,1.07768E-03,7.30211E-06
489 nm,7.30522E-06,6.92101E-06,1.14401E-03,7.30522E-06,6.92101E-06,1.14401E-03,7.30522E-06,3.88643E-06,1.38183E-06,3.22532E-06,6.23008E-09,6.94627E-06,6.92101E-06,1.14401E-03,7.30522E-06
490 nm,7.75421E-06,7.47671E-06,1.14285E-03,7.75421E-06,7.47671E-06,1.14285E-03,7.75421E-06,4.02631E-06,1.32215E-06,3.61047E-06,2.76940E-08,7.24741E-06,7.47671E-06,1.14285E-03,7.75421E-06
491 nm,7.72188E-06,7.49607E-06,1.17415E-03,7.72188E-06,7.49607E-06,1.17415E-03,7.72188E-06,4.52030E-06,1.30839E-06,3.62414E-06,0.00000E+00,6.97139E-06,7.49607E-06,1.17415E-03,7.72188E-06
492 nm,8.25467E-06,7.78477E-06,1.19085E-03,8.25467E-06,7.78477E-06,1.19085E-03,8.25467E-06,4.34582E-06,1.30281E-06,3.54654E-06,1.69006E-07,7.88252E-06,7.78477E-06,1.19085E-03,8.25467E-06
493 nm,8.49081E-06,7.94275E-06,1.26621E-03,8.49081E-06,7.94275E-06,1.26621E-03,8.49081E-06,4.89633E-06,1.12355E-06,3.93040E-06,5.07551E-09,7.51153E-06,7.94275E-06,1.26621E-03,8.49081E-06
494 nm,8.81263E-06,8.34008E-06,1.37362E-03,8.81263E-06,8.34008E-06,1.37362E-03,8.81263E-06,4.93396E-06,9.12771E-07,4.15781E-06,7.25481E-08,8.30984E-06,8.34008E-06,1.37362E-03,8.81263E-06
495 nm,9.30257E-06,8.77962E-06,1.44532E-03,9.30257E-06,8.77962E-06,1.44532E-03,9.30257E-06,5.22253E-06,8.50676E-07,4.38112E-06,0.00000E+00,8.96487E-06,8.77962E-06,1.44532E-03,9.30257E-06
496 nm,1.01577E-05,9.54014E-06,1.46584E-03,1.01577E-05,9.54014E-06,1.46584E-03,1.01577E-05,5.56072E-06,8.80866E-07,4.55474E-06,3.25744E-07,8.68360E-06,9.54014E-06,1.46584E-03,1.01577E-05
497 nm,1.04383E-05,9.74783E-06,1.54471E-03,1.04383E-05,9.74783E-06,1.54471E-03,1.04383E-05,5.76074E-06,7.95696E-07,4.68205E-06,2.72105E-07,1.02714E-05,9.74783E-06,1.54471E-03,1.04383E-05
498 nm,1.05056E-05,1.05043E-05,1.64597E-03,1.05056E-05,1.05043E-05,1.64597E-03,1.05056E-05,6.27249E-06,8.99845E-07,4.90098E-06,4.28320E-08,1.02563E-05,1.05043E-05,1.64597E-03,1.05056E-05
499 nm,1.13932E-05,1.10456E-05,1.72544E-03,1.13932E-05,1.10456E-05,1.72544E-03,1.13932E-05,6.50230E-06,6.94267E-07,5.40550E-06,1.13697E-07,1.10695E-05,1.10456E-05,1.72544E-03,1.13932E-05
500 nm,1.17792E-05,1.15363E-05,1.78837E-03,1.17792E-05,1.15363E-05,1.78837E-03,1.17792E-05,6.93054E-06,4.98259E-07,5.52831E-06,2.86911E-08,1.17504E-05,1.15363E-05,1.78837E-03,1.17792E-05
501 nm,1.25034E-05,1.23797E-05,1.93073E-03,1.25034E-05,1.23797E-05,1.93073E-03,1.25034E-05,7.34755E-06,3.41088E-07,6.15697E-06,0.00000E+00,1.23537E-05,1.23797E-05,1.93073E-03,1.25034E-05
502 nm,1.31158E-05,1.27116E-05,1.98107E-03,1.31158E-05,1.27116E-05,1.98107E-03,1.31158E-05,8.23801E-06,3.12309E-07,6.35980E-06,2.02478E-07,1.33162E-05,1.27116E-05,1.98107E-03,1.31158E-05
503 nm,1.39829E-05,1.37568E-05,2.09715E-03,1.39829E-05,1.37568E-05,2.09715E-03,1.39829E-05,8.25152E-06,4.57102E-07,6.64119E-06,1.21905E-07,1.37167E-05,1.37568E-05,2.09715E-03,1.39829E-05
504 nm,1.51235E-05,1.39347E-05,2.18947E-03,1.51235E-05,1.39347E-05,2.18947E-03,1.51235E-05,8.69496E-06,2.50362E-07,7.13889E-06,2.53489E-08,1.39343E-05,1.39347E-05,2.18947E-03,1.51235E-05
505 nm,1.55327E-05,1.48973E-05,2.33193E-03,1.55327E-05,1.48973E-05,2.33193E-03,1.55327E-05,9.15830E-06,6.54834E-08,7.26943E-06,2.29434E-07,1.51242E-05,1.48973E-05,2.33193E-03,1.55327E-05
506 nm,1.60224E-05,1.56749E-05,2.40538E-03,1.60224E-05,1.56749E-05,2.40538E-03,1.60224E-05,9.48135E-06,0.00000E+00,7.93666E-06,2.77782E-07,1.60285E-05,1.56749E-05,2.40538E-03,1.60224E-05
507 nm,1.68790E-05,1.63123E-05,2.53006E-03,1.68790E-05,1.63123E-05,2.53006E-03,1.68790E-05,9.96619E-06,3.02560E-07,8.23124E-06,4.86173E-08,1.66705E-05,1.63123E-05,2.53006E-03,1.68790E-05
508 nm,1.74582E-05,1.71220E-05,2.58830E-03,1.74582E-05,1.71220E-05,2.58830E-03,1.74582E-05,1.03518E-05,1.98750E-07,8.59542E-06,2.68347E-07,1.71757E-05,1.71220E-05,2.58830E-03,1.74582E-05
509 nm,1.78602E-05,1.79424E-05,2.74630E-03,1.78602E-05,1.79424E-05,2.74630E-03,1.78602E-05,1.08757E-05,9.47344E-08,9.01213E-06,0.00000E+00,1.79236E-05,1.79424E-05,2.74630E-03,1.78602E-05
510 nm,1.92869E-05,1.84740E-05,2.85146E-03,1.92869E-05,1.84740E-05,2.85146E-03,1.92869E-05,1.12535E-05,3.02221E-07,9.48545E-06,0.00000E+00,1.83068E-05,1.84740E-05,2.85146E-03,1.92869E-05
511 nm,1.92845E-05,1.90223E-05,2.88158E-03,1.92845E-05,1.90223E-05,2.88158E-03,1.92845E-05,1.18500E-05,1.04173E-07,9.75302E-06,2.87221E-07,1.95310E-05,1.90223E-05,2.88158E-03,1.92845E-05
512 nm,2.06377E-05,2.01003E-05,3.00699E-03,2.06377E-05,2.01003E-05,3.00699E-03,2.06377E-05,1.20051E-05,3.25881E-07,1.03354E-05,2.26554E-07,1.99231E-05,2.01003E-05,3.00699E-03,2.06377E-05
513 nm,2.04982E-05,2.04758E-05,3.05198E-03,2.04982E-05,2.04758E-05,3.05198E-03,2.04982E-05,1.27054E-05,1.44524E-07,1.05691E-05,2.43321E-08,2.08248E-05,2.04758E-05,3.05198E-03,2.04982E-05
514 nm,2.18859E-05,2.10096E-05,3.17209E-03,2.18859E-05,2.10096E-05,3.17209E-03,2.18859E-05,1.28522E-05,1.78633E-07,1.05751E-05,6.42976E-09,2.11002E-05,2.10096E-05,3.17209E-03,2.18859E-05
515 nm,2.22898E-05,2.19085E-05,3.25384E-03,2.22898E-05,2.19085E-05,3.25384E-03,2.22898E-05,1.33737E-05,1.39567E-07,1.08279E-05,2.46030E-07,2.22270E-05,2.19085E-05,3.25384E-03,2.22898E-05
516 nm,2.29095E-05,2.23067E-05,3.33022E-03,2.29095E-05,2.23067E-05,3.33022E-03,2.29095E-05,1.37548E-05,1.04652E-07,1.16422E-05,8.34634E-08,2.22134E-05,2.23067E-05,3.33022E-03,2.29095E-05
517 nm,2.31753E-05,2.27007E-05,3.39977E-03,2.31753E-05,2.27007E-05,3.39977E-03,2.31753E-05,1.41704E-05,2.84693E-07,1.14305E-05,3.01156E-07,2.26725E-05,2.27007E-05,3.39977E-03,2.31753E-05
518 nm,2.36628E-05,2.29000E-05,3.46440E-03,2.36628E-05,2.29000E-05,3.46440E-03,2.36628E-05,1.43622E-05,2.37792E-07,1.15993E-05,1.75301E-07,2.37766E-05,2.29000E-05,3.46440E-03,2.36628E-05
519 nm,2.41816E-05,2.38338E-05,3.48015E-03,2.41816E-05,2.38338E-05,3.48015E-03,2.41816E-05,1.48031E-05,1.08247E-07,1.21110E-05,0.00000E+00,2.38706E-05,2.38338E-05,3.48015E-03,2.41816E-05
520 nm,2.50679E-05,2.43127E-05,3.56045E-03,2.50679E-05,2.43127E-05,3.56045E-03,2.50679E-05,1.49511E-05,3.14794E-07,1.22699E-05,4.27931E-07,2.43651E-05,2.43127E-05,3.56045E-03,2.50679E-05
521 nm,2.54646E-05,2.47732E-05,3.63694E-03,2.54646E-05,2.47732E-05,3.63694E-03,2.54646E-05,1.49533E-05,4.36035E-08,1.24459E-05,2.46918E-07,2.53322E-05,2.47732E-05,3.63694E-03,2.54646E-05
522 nm,2.57554E-05,2.51842E-05,3.71299E-03,2.57554E-05,2.51842E-05,3.71299E-03,2.57554E-05,1.51946E-05,1.23211E-07,1.27244E-05,0.00000E+00,2.53524E-05,2.51842E-05,3.71299E-03,2.57554E-05
523 nm,2.59846E-05,2.52532E-05,3.74915E-03,2.59846E-05,2.52532E-05,3.74915E-03,2.59846E-05,1.54672E-05,1.16477E-07,1.29995E-05,7.04949E-08,2.60255E-05,2.52532E-05,3.74915E-03,2.59846E-05
524 nm,2.63483E-05,2.53570E-05,3.74670E-03,2.63483E-05,2.53570E-05,3.74670E-03,2.63483E-05,1.57813E-05,8.03032E-08,1.30542E-05,2.92155E-08,2.58762E-05,2.53570E-05,3.74670E-03,2.63483E-05
525 nm,2.66188E-05,2.61289E-05,3.81622E-03,2.66188E-05,2.61289E-05,3.81622E-03,2.66188E-05,1.58753E-05,0.00000E+00,1.29765E-05,0.00000E+00,2.62148E-05,2.61289E-05,3.81622E-03,2.66188E-05
526 nm,2.72121E-05,2.67220E-05,3.87491E-03,2.72121E-05,2.67220E-05,3.87491E-03,2.72121E-05,1.61671E-05,2.12233E-07,1.31120E-05,9.20760E-08,2.66825E-05,2.67220E-05,3.87491E-03,2.72121E-05
527 nm,2.71965E-05,2.66808E-05,3.87066E-03,2.71965E-05,2.66808E-05,3.87066E-03,2.71965E-05,1.63754E-05,0.00000E+00,1.36270E-05,2.84219E-08,2.69825E-05,2.66808E-05,3.87066E-03,2.71965E-05
528 nm,2.77333E-05,2.65719E-05,3.91868E-03,2.77333E-05,2.65719E-05,3.91868E-03,2.77333E-05,1.64401E-05,8.29978E-08,1.35567E-05,0.00000E+00,2.69349E-05,2.65719E-05,3.91868E-03,2.77333E-05
529 nm,2.82823E-05,2.70911E-05,4.00800E-03,2.82823E-05,2.70911E-05,4.00800E-03,2.82823E-05,1.66461E-05,6.01511E-08,1.37260E-05,2.45583E-07,2.71000E-05,2.70911E-05,4.00800E-03,2.82823E-05
530 nm,2.80234E-05,2.73705E-05,3.91507E-03,2.80234E-05,2.73705E-05,3.91507E-03,2.80234E-05,1.66373E-05,2.69336E-07,1.40137E-05,2.11364E-07,2.74196E-05,2.73705E-05,3.91507E-03,2.80234E-05
531 nm,2.84232E-05,2.71693E-05,3.97185E-03,2.84232E-05,2.71693E-05,3.97185E-03,2.84232E-05,1.72232E-05,4.14145E-08,1.39357E-05,2.52372E-07,2.75372E-05,2.71693E-05,3.97185E-03,2.84232E-05
532 nm,2.86640E-05,2.75029E-05,4.03147E-03,2.86640E-05,2.75029E-05,4.03147E-03,2.86640E-05,1.64858E-05,2.10171E-07,1.38655E-05,1.23710E-07,2.82770E-05,2.75029E-05,4.03147E-03,2.86640E-05
533 nm,2.88069E-05,2.74829E-05,4.03348E-03,2.88069E-05,2.74829E-05,4.03348E-03,2.88069E-05,1.69158E-05,1.38981E-07,1.39511E-05,0.00000E+00,2.83719E-05,2.74829E-05,4.03348E-03,2.88069E-05
534 nm,2.81514E-05,2.77125E-05,4.01287E-03,2.81514E-05,2.77125E-05,4.01287E-03,2.81514E-05,1.67586E-05,2.63695E-07,1.39472E-05,1.17168E-07,2.82575E-05,2.77125E-05,4.01287E-03,2.81514E-05
535 nm,2.87602E-05,2.80280E-05,4.04275E-03,2.87602E-05,2.80280E-05,4.04275E-03,2.87602E-05,1.67850E-05,2.75588E-07,1.42127E-05,3.49828E-07,2.87575E-05,2.80280E-05,4.04275E-03,2.87602E-05
536 nm,2.89404E-05,2.80213E-05,4.05204E-03,2.89404E-05,2.80213E-05,4.05204E-03,2.89404E-05,1.70409E-05,4.18293E-07,1.41741E-05,2.76758E-07,2.82780E-05,2.80213E-05,4.05204E-03,2.89404E-05
537 nm,2.91821E-05,2.81278E-05,4.04634E-03,2.91821E-05,2.81278E-05,4.04634E-03,2.91821E-05,1.72205E-05,5.64353E-07,1.42382E-05,1.11269E-07,2.86880E-05,2.81278E-05,4.04634E-03,2.91821E-05
538 nm,2.89786E-05,2.85097E-05,4.06763E-03,2.89786E-05,2.85097E-05,4.06763E-03,2.89786E-05,1.72637E-05,1.09711E-06,1.40418E-05,2.99130E-08,2.81980E-05,2.85097E-05,4.06763E-03,2.89786E-05
539 nm,2.91236E-05,2.81174E-05,4.15056E-03,2.91236E-05,2.81174E-05,4.15056E-03,2.91236E-05,1.72597E-05,1.73825E-06,1.41969E-05,0.00000E+00,2.90474E-05,2.81174E-05,4.15056E-03,2.91236E-05
540 nm,2.89411E-05,2.85001E-05,4.04132E-03,2.89411E-05,2.85001E-05,4.04132E-03,2.89411E-05,1.70905E-05,2.99379E-06,1.41351E-05,9.05668E-10,2.81153E-05,2.85001E-05,4.04132E-03,2.89411E-05
541 nm,2.91528E-05,2.81202E-05,4.06670E-03,2.91528E-05,2.81202E-05,4.06670E-03,2.91528E-05,1.70956E-05,4.20006E-06,1.39788E-05,0.00000E+00,2.88841E-05,2.81202E-05,4.06670E-03,2.91528E-05
542 nm,2.90705E-05,2.81940E-05,4.12141E-03,2.90705E-05,2.81940E-05,4.12141E-03,2.90705E-05,1.72386E-05,5.43186E-06,1.42345E-05,9.16026E-08,2.84058E-05,2.81940E-05,4.12141E-03,2.90705E-05
543 nm,2.90173E-05,2.86113E-05,4.08960E-03,2.90173E-05,2.86113E-05,4.08960E-03,2.90173E-05,1.73385E-05,6.44607E-06,1.42263E-05,1.50876E-08,2.86898E-05,2.86113E-05,4.08960E-03,2.90173E-05
544 nm,2.89462E-05,2.82388E-05,4.07481E-03,2.89462E-05,2.82388E-05,4.07481E-03,2.89462E-05,1.71746E-05,6.75389E-06,1.42640E-05,8.30469E-08,2.85683E-05,2.82388E-05,4.07481E-03,2.89462E-05
545 nm,2.88757E-05,2.87364E-05,4.09313E-03,2.88757E-05,2.87364E-05,4.09313E-03,2.88757E-05,1.69224E-05,6.91565E-06,1.41946E-05,8.52509E-08,2.88089E-05,2.87364E-05,4.09313E-03,2.88757E-05
546 nm,2.90038E-05,2.86423E-05,4.09260E-03,2.90038E-05,2.86423E-05,4.09260E-03,2.90038E-05,1.70900E-05,5.92288E-06,1.42033E-05,2.83288E-07,2.85199E-05,2.86423E-05,4.09260E-03,2.90038E-05
547 nm,2.90781E-05,2.83764E-05,4.11106E-03,2.90781E-05,2.83764E-05,4.11106E-03,2.90781E-05,1.70693E-05,4.93984E-06,1.43750E-05,2.22845E-08,2.87361E-05,2.83764E-05,4.11106E-03,2.90781E-05
548 nm,2.91502E-05,2.83545E-05,4.13980E-03,2.91502E-05,2.83545E-05,4.13980E-03,2.91502E-05,1.73094E-05,3.83606E-06,1.43690E-05,1.15242E-07,2.88513E-05,2.83545E-05,4.13980E-03,2.91502E-05
549 nm,2.89363E-05,2.82775E-05,4.11376E-03,2.89363E-05,2.82775E-05,4.11376E-03,2.89363E-05,1.73923E-05,3.25009E-06,1.43416E-05,1.08702E-07,2.89240E-05,2.82775E-05,4.11376E-03,2.89363E-05
550 nm,2.89501E-05,2.85686E-05,4.04787E-03,2.89501E-05,2.85686E-05,4.04787E-03,2.89501E-05,1.71245E-05,2.56349E-06,1.44443E-05,4.01214E-08,2.87695E-05,2.85686E-05,4.04787E-03,2.89501E-05
551 nm,2.90103E-05,2.83462E-05,4.10871E-03,2.90103E-05,2.83462E-05,4.10871E-03,2.90103E-05,1.72895E-05,1.99512E-06,1.42879E-05,0.00000E+00,2.85560E-05,2.83462E-05,4.10871E-03,2.90103E-05
552 nm,2.91687E-05,2.82548E-05,4.08598E-03,2.91687E-05,2.82548E-05,4.08598E-03,2.91687E-05,1.70068E-05,1.47433E-06,1.40257E-05,2.24203E-07,2.84789E-05,2.82548E-05,4.08598E-03,2.91687E-05
553 nm,2.86414E-05,2.80751E-05,4.03707E-03,2.86414E-05,2.80751E-05,4.03707E-03,2.86414E-05,1.69964E-05,1.29402E-06,1.40477E-05,4.83604E-08,2.86338E-05,2.80751E-05,4.03707E-03,2.86414E-05
554 nm,2.87674E-05,2.82489E-05,4.08624E-03,2.87674E-05,2.82489E-05,4.08624E-03,2.87674E-05,1.72246E-05,9.40627E-07,1.42411E-05,1.62172E-07,2.85476E-05,2.82489E-05,4.08624E-03,2.87674E-05
555 nm,2.87079E-05,2.78341E-05,4.15200E-03,2.87079E-05,2.78341E-05,4.15200E-03,2.87079E-05,1.73683E-05,6.72063E-07,1.42281E-05,0.00000E+00,2.85136E-05,2.78341E-05,4.15200E-03,2.87079E-05
556 nm,2.86341E-05,2.78986E-05,4.09668E-03,2.86341E-05,2.78986E-05,4.09668E-03,2.86341E-05,1.72501E-05,5.81297E-07,1.41473E-05,1.09808E-07,2.83128E-05,2.78986E-05,4.09668E-03,2.86341E-05
557 nm,2.85434E-05,2.76024E-05,4.06196E-03,2.85434E-05,2.76024E-05,4.06196E-03,2.85434E-05,1.68512E-05,3.42107E-07,1.42600E-05,3.64095E-08,2.82895E-05,2.76024E-05,4.06196E-03,2.85434E-05
558 nm,2.86693E-05,2.81613E-05,4.06473E-03,2.86693E-05,2.81613E-05,4.06473E-03,2.86693E-05,1.68210E-05,3.88652E-07,1.43889E-05,8.70559E-10,2.90674E-05,2.81613E-05,4.06473E-03,2.86693E-05
559 nm,2.86427E-05,2.79867E-05,4.08836E-03,2.86427E-05,2.79867E-05,4.08836E-03,2.86427E-05,1.71765E-05,3.14541E-07,1.40290E-05,8.97384E-08,2.80957E-05,2.79867E-05,4.08836E-03,2.86427E-05
560 nm,2.86499E-05,2.77120E-05,4.08282E-03,2.86499E-05,2.77120E-05,4.08282E-03,2.86499E-05,1.71965E-05,1.33295E-07,1.39611E-05,6.48532E-08,2.84293E-05,2.77120E-05,4.08282E-03,2.86499E-05
561 nm,2.83986E-05,2.79286E-05,4.07255E-03,2.83986E-05,2.79286E-05,4.07255E-03,2.83986E-05,1.68758E-05,3.19258E-07,1.40733E-05,6.19585E-08,2.80228E-05,2.79286E-05,4.07255E-03,2.83986E-05
562 nm,2.85194E-05,2.79479E-05,4.06772E-03,2.85194E-05,2.79479E-05,4.06772E-03,2.85194E-05,1.65723E-05,7.60878E-08,1.38395E-05,0.00000E+00,2.82381E-05,2.79479E-05,4.06772E-03,2.85194E-05
563 nm,2.87197E-05,2.77719E-05,4.10702E-03,2.87197E-05,2.77719E-05,4.10702E-03,2.87197E-05,1.70771E-05,1.39620E-07,1.41918E-05,1.17405E-08,2.77249E-05,2.77719E-05,4.10702E-03,2.87197E-05
564 nm,2.81704E-05,2.74170E-05,4.05597E-03,2.81704E-05,2.74170E-05,4.05597E-03,2.81704E-05,1.69731E-05,1.72140E-07,1.38945E-05,2.05061E-07,2.75967E-05,2.74170E-05,4.05597E-03,2.81704E-05
565 nm,2.80676E-05,2.74875E-05,4.04293E-03,2.80676E-05,2.74875E-05,4.04293E-03,2.80676E-05,1.66824E-05,3.93584E-08,1.38573E-05,1.28575E-07,2.75057E-05,2.74875E-05,4.04293E-03,2.80676E-05
566 nm,2.80278E-05,2.73609E-05,4.05010E-03,2.80278E-05,2.73609E-05,4.05010E-03,2.80278E-05,1.66845E-05,6.02987E-08,1.39784E-05,8.15532E-09,2.75923E-05,2.73609E-05,4.05010E-03,2.80278E-05
567 nm,2.77638E-05,2.70765E-05,4.06561E-03,2.77638E-05,2.70765E-05,4.06561E-03,2.77638E-05,1.65441E-05,2.63816E-08,1.36960E-05,9.64516E-08,2.72698E-05,2.70765E-05,4.06561E-03,2.77638E-05
568 nm,2.76910E-05,2.72067E-05,4.03931E-03,2.76910E-05,2.72067E-05,4.03931E-03,2.76910E-05,1.68415E-05,9.92204E-08,1.40940E-05,1.47805E-09,2.77583E-05,2.72067E-05,4.03931E-03,2.76910E-05
569 nm,2.79568E-05,2.71653E-05,4.05831E-03,2.79568E-05,2.71653E-05,4.05831E-03,2.79568E-05,1.65864E-05,1.39742E-07,1.38591E-05,5.81618E-08,2.71732E-05,2.71653E-05,4.05831E-03,2.79568E-05
570 nm,2.79240E-05,2.73233E-05,4.02743E-03,2.79240E-05,2.73233E-05,4.02743E-03,2.79240E-05,1.69606E-05,1.86067E-07,1.38147E-05,6.65263E-08,2.74330E-05,2.73233E-05,4.02743E-03,2.79240E-05
571 nm,2.74544E-05,2.72626E-05,4.07137E-03,2.74544E-05,2.72626E-05,4.07137E-03,2.74544E-05,1.65831E-05,6.29958E-08,1.34704E-05,9.88708E-09,2.69397E-05,2.72626E-05,4.07137E-03,2.74544E-05
572 nm,2.76093E-05,2.68555E-05,4.05651E-03,2.76093E-05,2.68555E-05,4.05651E-03,2.76093E-05,1.65195E-05,2.10458E-07,1.36180E-05,1.18072E-07,2.69588E-05,2.68555E-05,4.05651E-03,2.76093E-05
573 nm,2.75227E-05,2.67984E-05,3.99527E-03,2.75227E-05,2.67984E-05,3.99527E-03,2.75227E-05,1.64901E-05,1.95609E-08,1.36108E-05,1.62870E-07,2.69746E-05,2.67984E-05,3.99527E-03,2.75227E-05
574 nm,2.71428E-05,2.64755E-05,4.07918E-03,2.71428E-05,2.64755E-05,4.07918E-03,2.71428E-05,1.66467E-05,2.21636E-07,1.37760E-05,3.72085E-08,2.67099E-05,2.64755E-05,4.07918E-03,2.71428E-05
575 nm,2.71150E-05,2.64895E-05,4.03687E-03,2.71150E-05,2.64895E-05,4.03687E-03,2.71150E-05,1.59550E-05,3.46518E-07,1.34955E-05,5.18161E-08,2.66572E-05,2.64895E-05,4.03687E-03,2.71150E-05
576 nm,2.70760E-05,2.67118E-05,3.99368E-03,2.70760E-05,2.67118E-05,3.99368E-03,2.70760E-05,1.61289E-05,4.16487E-07,1.36088E-05,0.00000E+00,2.65485E-05,2.67118E-05,3.99368E-03,2.70760E-05
577 nm,2.69421E-05,2.59213E-05,4.02020E-03,2.69421E-05,2.59213E-05,4.02020E-03,2.69421E-05,1.59085E-05,6.60234E-07,1.33542E-05,2.37370E-07,2.61611E-05,2.59213E-05,4.02020E-03,2.69421E-05
578 nm,2.71164E-05,2.57950E-05,4.00014E-03,2.71164E-05,2.57950E-05,4.00014E-03,2.71164E-05,1.61239E-05,7.40697E-07,1.32058E-05,2.64813E-08,2.62736E-05,2.57950E-05,4.00014E-03,2.71164E-05
579 nm,2.70022E-05,2.61356E-05,3.98313E-03,2.70022E-05,2.61356E-05,3.98313E-03,2.70022E-05,1.59250E-05,9.41095E-07,1.31369E-05,0.00000E+00,2.60867E-05,2.61356E-05,3.98313E-03,2.70022E-05
580 nm,2.65482E-05,2.58277E-05,4.01222E-03,2.65482E-05,2.58277E-05,4.01222E-03,2.65482E-05,1.57704E-05,1.31774E-06,1.30955E-05,1.70284E-07,2.53535E-05,2.58277E-05,4.01222E-03,2.65482E-05
581 nm,2.62507E-05,2.53285E-05,3.95291E-03,2.62507E-05,2.53285E-05,3.95291E-03,2.62507E-05,1.60851E-05,1.22362E-06,1.29922E-05,9.85889E-08,2.58688E-05,2.53285E-05,3.95291E-03,2.62507E-05
582 nm,2.59460E-05,2.51409E-05,3.92669E-03,2.59460E-05,2.51409E-05,3.92669E-03,2.59460E-05,1.58191E-05,1.30928E-06,1.27651E-05,1.75767E-07,2.50827E-05,2.51409E-05,3.92669E-03,2.59460E-05
583 nm,2.62446E-05,2.47817E-05,3.91581E-03,2.62446E-05,2.47817E-05,3.91581E-03,2.62446E-05,1.56009E-05,1.48412E-06,1.29394E-05,1.42972E-07,2.54452E-05,2.47817E-05,3.91581E-03,2.62446E-05
584 nm,2.62184E-05,2.50749E-05,3.91726E-03,2.62184E-05,2.50749E-05,3.91726E-03,2.62184E-05,1.53666E-05,1.48330E-06,1.25839E-05,6.15835E-08,2.52046E-05,2.50749E-05,3.91726E-03,2.62184E-05
585 nm,2.61957E-05,2.44844E-05,3.89983E-03,2.61957E-05,2.44844E-05,3.89983E-03,2.61957E-05,1.51096E-05,1.64479E-06,1.27100E-05,8.58596E-08,2.45876E-05,2.44844E-05,3.89983E-03,2.61957E-05
586 nm,2.58398E-05,2.45458E-05,3.84169E-03,2.58398E-05,2.45458E-05,3.84169E-03,2.58398E-05,1.52228E-05,1.87809E-06,1.28260E-05,9.18795E-09,2.45597E-05,2.45458E-05,3.84169E-03,2.58398E-05
587 nm,2.55160E-05,2.40030E-05,3.80925E-03,2.55160E-05,2.40030E-05,3.80925E-03,2.55160E-05,1.51349E-05,1.72160E-06,1.22986E-05,1.95944E-07,2.45408E-05,2.40030E-05,3.80925E-03,2.55160E-05
588 nm,2.55749E-05,2.36127E-05,3.74486E-03,2.55749E-05,2.36127E-05,3.74486E-03,2.55749E-05,1.51149E-05,1.62370E-06,1.21869E-05,6.86679E-08,2.40412E-05,2.36127E-05,3.74486E-03,2.55749E-05
589 nm,2.48261E-05,2.33589E-05,3.75354E-03,2.48261E-05,2.33589E-05,3.75354E-03,2.48261E-05,1.48738E-05,1.44529E-06,1.19724E-05,0.00000E+00,2.38894E-05,2.33589E-05,3.75354E-03,2.48261E-05
590 nm,2.46168E-05,2.32638E-05,3.73854E-03,2.46168E-05,2.32638E-05,3.73854E-03,2.46168E-05,1.45807E-05,1.41411E-06,1.20014E-05,3.69078E-07,2.38223E-05,2.32638E-05,3.73854E-03,2.46168E-05
591 nm,2.50014E-05,2.29850E-05,3.67737E-03,2.50014E-05,2.29850E-05,3.67737E-03,2.50014E-05,1.46644E-05,1.41491E-06,1.22135E-05,1.05450E-07,2.34871E-05,2.29850E-05,3.67737E-03,2.50014E-05
592 nm,2.50853E-05,2.31908E-05,3.62514E-03,2.50853E-05,2.31908E-05,3.62514E-03,2.50853E-05,1.43264E-05,1.21300E-06,1.16958E-05,0.00000E+00,2.32985E-05,2.31908E-05,3.62514E-03,2.50853E-05
593 nm,2.46229E-05,2.29876E-05,3.63567E-03,2.46229E-05,2.29876E-05,3.63567E-03,2.46229E-05,1.40411E-05,1.17811E-06,1.16762E-05,6.16949E-08,2.28496E-05,2.29876E-05,3.63567E-03,2.46229E-05
594 nm,2.38211E-05,2.27928E-05,3.63355E-03,2.38211E-05,2.27928E-05,3.63355E-03,2.38211E-05,1.43164E-05,9.77184E-07,1.18266E-05,1.70128E-09,2.26259E-05,2.27928E-05,3.63355E-03,2.38211E-05
595 nm,2.40535E-05,2.22770E-05,3.50729E-03,2.40535E-05,2.22770E-05,3.50729E-03,2.40535E-05,1.41404E-05,7.91063E-07,1.13151E-05,1.14389E-07,2.26562E-05,2.22770E-05,3.50729E-03,2.40535E-05
596 nm,2.39474E-05,2.19689E-05,3.55213E-03,2.39474E-05,2.19689E-05,3.55213E-03,2.39474E-05,1.39003E-05,7.31749E-07,1.13610E-05,7.20346E-08,2.24160E-05,2.19689E-05,3.55213E-03,2.39474E-05
597 nm,2.34585E-05,2.16624E-05,3.47396E-03,2.34585E-05,2.16624E-05,3.47396E-03,2.34585E-05,1.37174E-05,7.43652E-07,1.11365E-05,1.63343E-07,2.22517E-05,2.16624E-05,3.47396E-03,2.34585E-05
598 nm,2.32463E-05,2.15553E-05,3.43082E-03,2.32463E-05,2.15553E-05,3.43082E-03,2.32463E-05,1.34226E-05,7.36722E-07,1.10183E-05,1.89411E-07,2.18340E-05,2.15553E-05,3.43082E-03,2.32463E-05
599 nm,2.31790E-05,2.15234E-05,3.39868E-03,2.31790E-05,2.15234E-05,3.39868E-03,2.31790E-05,1.33375E-05,6.56329E-07,1.09801E-05,0.00000E+00,2.14238E-05,2.15234E-05,3.39868E-03,2.31790E-05
600 nm,2.25016E-05,2.06827E-05,3.36072E-03,2.25016E-05,2.06827E-05,3.36072E-03,2.25016E-05,1.32383E-05,6.09468E-07,1.08459E-05,3.11529E-07,2.11884E-05,2.06827E-05,3.36072E-03,2.25016E-05
601 nm,2.24396E-05,2.06507E-05,3.30854E-03,2.24396E-05,2.06507E-05,3.30854E-03,2.24396E-05,1.30232E-05,6.63616E-07,1.05595E-05,0.00000E+00,2.12404E-05,2.06507E-05,3.30854E-03,2.24396E-05
602 nm,2.22128E-05,2.06067E-05,3.29546E-03,2.22128E-05,2.06067E-05,3.29546E-03,2.22128E-05,1.27796E-05,4.15561E-07,1.03587E-05,5.70743E-10,2.05657E-05,2.06067E-05,3.29546E-03,2.22128E-05
603 nm,2.17191E-05,2.02506E-05,3.27293E-03,2.17191E-05,2.02506E-05,3.27293E-03,2.17191E-05,1.23385E-05,3.45543E-07,1.04146E-05,5.09589E-08,2.04184E-05,2.02506E-05,3.27293E-03,2.17191E-05
604 nm,2.19329E-05,1.99810E-05,3.21839E-03,2.19329E-05,1.99810E-05,3.21839E-03,2.19329E-05,1.24888E-05,3.72716E-07,1.01800E-05,6.74509E-10,1.99394E-05,1.99810E-05,3.21839E-03,2.19329E-05
605 nm,2.13288E-05,1.94210E-05,3.14990E-03,2.13288E-05,1.94210E-05,3.14990E-03,2.13288E-05,1.21892E-05,5.52998E-07,1.02639E-05,1.19990E-07,2.00624E-05,1.94210E-05,3.14990E-03,2.13288E-05
606 nm,2.11614E-05,1.90376E-05,3.15359E-03,2.11614E-05,1.90376E-05,3.15359E-03,2.11614E-05,1.21378E-05,6.26088E-07,9.85966E-06,1.78242E-07,1.95890E-05,1.90376E-05,3.15359E-03,2.11614E-05
607 nm,2.05339E-05,1.89607E-05,3.05520E-03,2.05339E-05,1.89607E-05,3.05520E-03,2.05339E-05,1.19268E-05,8.51282E-07,9.78719E-06,2.93389E-08,1.92431E-05,1.89607E-05,3.05520E-03,2.05339E-05
608 nm,2.04605E-05,1.87097E-05,3.04973E-03,2.04605E-05,1.87097E-05,3.04973E-03,2.04605E-05,1.17629E-05,1.86795E-06,9.85430E-06,9.89119E-08,1.89903E-05,1.87097E-05,3.04973E-03,2.04605E-05
609 nm,2.01585E-05,1.86447E-05,3.00764E-03,2.01585E-05,1.86447E-05,3.00764E-03,2.01585E-05,1.15179E-05,3.95747E-06,9.43585E-06,9.71788E-08,1.86984E-05,1.86447E-05,3.00764E-03,2.01585E-05
610 nm,1.98407E-05,1.81243E-05,2.95003E-03,1.98407E-05,1.81243E-05,2.95003E-03,1.98407E-05,1.14479E-05,5.90226E-06,9.07207E-06,1.37012E-07,1.87278E-05,1.81243E-05,2.95003E-03,1.98407E-05
611 nm,1.99253E-05,1.78352E-05,2.90230E-03,1.99253E-05,1.78352E-05,2.90230E-03,1.99253E-05,1.12450E-05,7.02532E-06,9.19855E-06,1.64439E-07,1.80085E-05,1.78352E-05,2.90230E-03,1.99253E-05
612 nm,1.89909E-05,1.75086E-05,2.82621E-03,1.89909E-05,1.75086E-05,2.82621E-03,1.89909E-05,1.12920E-05,7.00095E-06,9.09789E-06,2.10638E-08,1.76236E-05,1.75086E-05,2.82621E-03,1.89909E-05
613 nm,1.87053E-05,1.71906E-05,2.79595E-03,1.87053E-05,1.71906E-05,2.79595E-03,1.87053E-05,1.10045E-05,5.72761E-06,8.90411E-06,9.82944E-09,1.76607E-05,1.71906E-05,2.79595E-03,1.87053E-05
614 nm,1.87679E-05,1.69021E-05,2.79026E-03,1.87679E-05,1.69021E-05,2.79026E-03,1.87679E-05,1.06670E-05,4.65676E-06,8.79764E-06,3.68153E-08,1.73853E-05,1.69021E-05,2.79026E-03,1.87679E-05
615 nm,1.81240E-05,1.68347E-05,2.73592E-03,1.81240E-05,1.68347E-05,2.73592E-03,1.81240E-05,1.03501E-05,3.42718E-06,8.65678E-06,1.09701E-07,1.65268E-05,1.68347E-05,2.73592E-03,1.81240E-05
616 nm,1.82512E-05,1.63741E-05,2.63412E-03,1.82512E-05,1.63741E-05,2.63412E-03,1.82512E-05,1.02303E-05,2.43859E-06,8.41073E-06,1.30397E-07,1.62548E-05,1.63741E-05,2.63412E-03,1.82512E-05
617 nm,1.76285E-05,1.59959E-05,2.55755E-03,1.76285E-05,1.59959E-05,2.55755E-03,1.76285E-05,1.00386E-05,2.17486E-06,7.90451E-06,1.22008E-07,1.62341E-05,1.59959E-05,2.55755E-03,1.76285E-05
618 nm,1.77306E-05,1.60253E-05,2.57592E-03,1.77306E-05,1.60253E-05,2.57592E-03,1.77306E-05,9.90359E-06,1.58592E-06,8.16381E-06,2.09722E-07,1.56891E-05,1.60253E-05,2.57592E-03,1.77306E-05
619 nm,1.72071E-05,1.55575E-05,2.51108E-03,1.72071E-05,1.55575E-05,2.51108E-03,1.72071E-05,9.52391E-06,1.50337E-06,8.03862E-06,1.50456E-07,1.53405E-05,1.55575E-05,2.51108E-03,1.72071E-05
620 nm,1.69401E-05,1.48596E-05,2.45913E-03,1.69401E-05,1.48596E-05,2.45913E-03,1.69401E-05,9.51884E-06,1.50361E-06,8.01779E-06,4.24606E-07,1.51631E-05,1.48596E-05,2.45913E-03,1.69401E-05
621 nm,1.62421E-05,1.47336E-05,2.39588E-03,1.62421E-05,1.47336E-05,2.39588E-03,1.62421E-05,9.47368E-06,1.50302E-06,7.30335E-06,7.44949E-08,1.50863E-05,1.47336E-05,2.39588E-03,1.62421E-05
622 nm,1.61371E-05,1.43207E-05,2.36839E-03,1.61371E-05,1.43207E-05,2.36839E-03,1.61371E-05,8.94902E-06,1.48908E-06,7.60541E-06,2.28251E-07,1.45181E-05,1.43207E-05,2.36839E-03,1.61371E-05
623 nm,1.57494E-05,1.42322E-05,2.27972E-03,1.57494E-05,1.42322E-05,2.27972E-03,1.57494E-05,9.00533E-06,1.22188E-06,7.30440E-06,1.05295E-07,1.47796E-05,1.42322E-05,2.27972E-03,1.57494E-05
624 nm,1.56000E-05,1.40075E-05,2.26220E-03,1.56000E-05,1.40075E-05,2.26220E-03,1.56000E-05,8.90831E-06,1.40921E-06,7.15671E-06,0.00000E+00,1.39317E-05,1.40075E-05,2.26220E-03,1.56000E-05
625 nm,1.53464E-05,1.33058E-05,2.24094E-03,1.53464E-05,1.33058E-05,2.24094E-03,1.53464E-05,8.43661E-06,1.15956E-06,7.23112E-06,4.85662E-08,1.34180E-05,1.33058E-05,2.24094E-03,1.53464E-05
626 nm,1.48430E-05,1.34143E-05,2.15147E-03,1.48430E-05,1.34143E-05,2.15147E-03,1.48430E-05,8.29939E-06,9.81734E-07,6.89345E-06,8.62628E-10,1.36060E-05,1.34143E-05,2.15147E-03,1.48430E-05
627 nm,1.47007E-05,1.32555E-05,2.12392E-03,1.47007E-05,1.32555E-05,2.12392E-03,1.47007E-05,8.22285E-06,8.50213E-07,6.94719E-06,2.66842E-07,1.33786E-05,1.32555E-05,2.12392E-03,1.47007E-05
628 nm,1.39082E-05,1.29180E-05,2.09429E-03,1.39082E-05,1.29180E-05,2.09429E-03,1.39082E-05,8.09339E-06,1.01926E-06,6.67981E-06,0.00000E+00,1.29527E-05,1.29180E-05,2.09429E-03,1.39082E-05
629 nm,1.37593E-05,1.26867E-05,2.06563E-03,1.37593E-05,1.26867E-05,2.06563E-03,1.37593E-05,7.76816E-06,1.31866E-06,6.49562E-06,2.37349E-08,1.27553E-05,1.26867E-05,2.06563E-03,1.37593E-05
630 nm,1.40102E-05,1.23810E-05,2.02739E-03,1.40102E-05,1.23810E-05,2.02739E-03,1.40102E-05,7.54938E-06,1.22186E-06,6.16628E-06,1.45481E-08,1.24663E-05,1.23810E-05,2.02739E-03,1.40102E-05
631 nm,1.32211E-05,1.19064E-05,1.96356E-03,1.32211E-05,1.19064E-05,1.96356E-03,1.32211E-05,7.76909E-06,1.07121E-06,6.38159E-06,3.74054E-07,1.21148E-05,1.19064E-05,1.96356E-03,1.32211E-05
632 nm,1.33882E-05,1.17173E-05,1.91754E-03,1.33882E-05,1.17173E-05,1.91754E-03,1.33882E-05,7.39675E-06,8.86654E-07,5.92519E-06,0.00000E+00,1.16954E-05,1.17173E-05,1.91754E-03,1.33882E-05
633 nm,1.28939E-05,1.13189E-05,1.89862E-03,1.28939E-05,1.13189E-05,1.89862E-03,1.28939E-05,6.99685E-06,8.42439E-07,5.81793E-06,4.79282E-08,1.16025E-05,1.13189E-05,1.89862E-03,1.28939E-05
634 nm,1.26425E-05,1.11597E-05,1.85552E-03,1.26425E-05,1.11597E-05,1.85552E-03,1.26425E-05,6.77682E-06,4.39554E-07,5.77970E-06,0.00000E+00,1.17030E-05,1.11597E-05,1.85552E-03,1.26425E-05
635 nm,1.21982E-05,1.11141E-05,1.82934E-03,1.21982E-05,1.11141E-05,1.82934E-03,1.21982E-05,6.47814E-06,2.60407E-07,5.68220E-06,4.38162E-08,1.09423E-05,1.11141E-05,1.82934E-03,1.21982E-05
636 nm,1.21368E-05,1.05773E-05,1.77381E-03,1.21368E-05,1.05773E-05,1.77381E-03,1.21368E-05,6.84667E-06,1.89796E-07,5.52460E-06,3.78616E-08,1.07291E-05,1.05773E-05,1.77381E-03,1.21368E-05
637 nm,1.18292E-05,1.04558E-05,1.74767E-03,1.18292E-05,1.04558E-05,1.74767E-03,1.18292E-05,6.42979E-06,2.21328E-07,5.38712E-06,1.44085E-07,1.05780E-05,1.04558E-05,1.74767E-03,1.18292E-05
638 nm,1.13195E-05,9.94911E-06,1.69524E-03,1.13195E-05,9.94911E-06,1.69524E-03,1.13195E-05,6.18518E-06,2.11363E-07,5.29296E-06,1.39401E-07,1.05932E-05,9.94911E-06,1.69524E-03,1.13195E-05
639 nm,1.12207E-05,1.00583E-05,1.68601E-03,1.12207E-05,1.00583E-05,1.68601E-03,1.12207E-05,6.34358E-06,3.53355E-07,4.96730E-06,1.70877E-07,9.86732E-06,1.00583E-05,1.68601E-03,1.12207E-05
640 nm,1.14268E-05,9.95056E-06,1.63162E-03,1.14268E-05,9.95056E-06,1.63162E-03,1.14268E-05,6.25702E-06,1.85121E-07,4.87232E-06,5.61446E-08,9.73751E-06,9.95056E-06,1.63162E-03,1.14268E-05
641 nm,1.07155E-05,9.50750E-06,1.59608E-03,1.07155E-05,9.50750E-06,1.59608E-03,1.07155E-05,5.75049E-06,1.37132E-07,4.91081E-06,1.46894E-07,9.55194E-06,9.50750E-06,1.59608E-03,1.07155E-05
642 nm,1.04220E-05,9.20328E-06,1.54787E-03,1.04220E-05,9.20328E-06,1.54787E-03,1.04220E-05,5.78560E-06,1.59258E-07,4.79233E-06,1.26722E-07,9.40101E-06,9.20328E-06,1.54787E-03,1.04220E-05
643 nm,9.94683E-06,9.21368E-06,1.53627E-03,9.94683E-06,9.21368E-06,1.53627E-03,9.94683E-06,5.56295E-06,7.08472E-08,4.51219E-06,8.10641E-09,9.62291E-06,9.21368E-06,1.53627E-03,9.94683E-06
644 nm,1.01255E-05,8.67600E-06,1.49374E-03,1.01255E-05,8.67600E-06,1.49374E-03,1.01255E-05,5.59224E-06,2.28992E-07,4.64015E-06,0.00000E+00,8.75565E-06,8.67600E-06,1.49374E-03,1.01255E-05
645 nm,9.64939E-06,8.74135E-06,1.47087E-03,9.64939E-06,8.74135E-06,1.47087E-03,9.64939E-06,5.11717E-06,1.57363E-07,4.40573E-06,1.36662E-07,8.83659E-06,8.74135E-06,1.47087E-03,9.64939E-06
646 nm,9.91386E-06,8.36967E-06,1.42893E-03,9.91386E-06,8.36967E-06,1.42893E-03,9.91386E-06,5.29374E-06,2.44480E-07,4.27631E-06,4.14050E-08,8.35180E-06,8.36967E-06,1.42893E-03,9.91386E-06
647 nm,9.41617E-06,8.21461E-06,1.39279E-03,9.41617E-06,8.21461E-06,1.39279E-03,9.41617E-06,5.03916E-06,1.40114E-07,4.31054E-06,0.00000E+00,8.23440E-06,8.21461E-06,1.39279E-03,9.41617E-06
648 nm,8.85355E-06,7.89240E-06,1.36306E-03,8.85355E-06,7.89240E-06,1.36306E-03,8.85355E-06,4.69686E-06,2.99647E-07,4.15112E-06,0.00000E+00,8.32591E-06,7.89240E-06,1.36306E-03,8.85355E-06
649 nm,8.81901E-06,7.43719E-06,1.33044E-03,8.81901E-06,7.43719E-06,1.33044E-03,8.81901E-06,4.97119E-06,3.01790E-07,3.84399E-06,5.12815E-08,7.42866E-06,7.43719E-06,1.33044E-03,8.81901E-06
650 nm,8.65148E-06,7.52902E-06,1.30388E-03,8.65148E-06,7.52902E-06,1.30388E-03,8.65148E-06,4.77782E-06,3.95540E-07,3.93464E-06,5.29419E-08,7.69188E-06,7.52902E-06,1.30388E-03,8.65148E-06
651 nm,8.43198E-06,7.23435E-06,1.26283E-03,8.43198E-06,7.23435E-06,1.26283E-03,8.43198E-06,4.59608E-06,3.24088E-07,3.69351E-06,8.34514E-08,7.27870E-06,7.23435E-06,1.26283E-03,8.43198E-06
652 nm,8.26671E-06,7.29206E-06,1.26014E-03,8.26671E-06,7.29206E-06,1.26014E-03,8.26671E-06,4.36050E-06,5.49625E-07,3.62882E-06,0.00000E+00,7.44721E-06,7.29206E-06,1.26014E-03,8.26671E-06
653 nm,8.07502E-06,6.84028E-06,1.21540E-03,8.07502E-06,6.84028E-06,1.21540E-03,8.07502E-06,4.32768E-06,3.45344E-07,3.70388E-06,1.93560E-09,7.22073E-06,6.84028E-06,1.21540E-03,8.07502E-06
654 nm,7.90769E-06,6.98548E-06,1.20691E-03,7.90769E-06,6.98548E-06,1.20691E-03,7.90769E-06,4.04427E-06,3.38140E-07,3.64745E-06,1.88812E-07,7.01069E-06,6.98548E-06,1.20691E-03,7.90769E-06
655 nm,7.80084E-06,6.69365E-06,1.16655E-03,7.80084E-06,6.69365E-06,1.16655E-03,7.80084E-06,4.31505E-06,3.15121E-07,3.47670E-06,3.78970E-08,6.67468E-06,6.69365E-06,1.16655E-03,7.80084E-06
656 nm,7.46918E-06,6.34507E-06,1.13594E-03,7.46918E-06,6.34507E-06,1.13594E-03,7.46918E-06,3.87125E-06,1.25839E-07,3.15635E-06,0.00000E+00,6.14457E-06,6.34507E-06,1.13594E-03,7.46918E-06
657 nm,7.37013E-06,6.44005E-06,1.11116E-03,7.37013E-06,6.44005E-06,1.11116E-03,7.37013E-06,4.17488E-06,1.58522E-08,3.27410E-06,2.15443E-07,6.24741E-06,6.44005E-06,1.11116E-03,7.37013E-06
658 nm,6.95941E-06,6.27392E-06,1.06885E-03,6.95941E-06,6.27392E-06,1.06885E-03,6.95941E-06,3.51171E-06,2.18275E-07,3.26876E-06,0.00000E+00,6.29341E-06,6.27392E-06,1.06885E-03,6.95941E-06
659 nm,6.79255E-06,5.81672E-06,1.08793E-03,6.79255E-06,5.81672E-06,1.08793E-03,6.79255E-06,3.58015E-06,6.15779E-08,3.06436E-06,7.72882E-09,6.27150E-06,5.81672E-06,1.08793E-03,6.79255E-06
660 nm,6.67187E-06,5.74097E-06,1.02970E-03,6.67187E-06,5.74097E-06,1.02970E-03,6.67187E-06,3.35008E-06,2.44915E-07,3.05410E-06,5.42785E-10,5.99431E-06,5.74097E-06,1.02970E-03,6.67187E-06
661 nm,6.56022E-06,5.84661E-06,1.01573E-03,6.56022E-06,5.84661E-06,1.01573E-03,6.56022E-06,3.30942E-06,2.30280E-07,2.82399E-06,0.00000E+00,5.56880E-06,5.84661E-06,1.01573E-03,6.56022E-06
662 nm,6.20710E-06,5.78802E-06,9.87577E-04,6.20710E-06,5.78802E-06,9.87577E-04,6.20710E-06,3.19381E-06,2.82421E-07,2.65539E-06,9.34966E-08,5.67234E-06,5.78802E-06,9.87577E-04,6.20710E-06
663 nm,6.41521E-06,5.63777E-06,9.72287E-04,6.41521E-06,5.63777E-06,9.72287E-04,6.41521E-06,3.37893E-06,1.96250E-07,2.73177E-06,8.78782E-08,5.22826E-06,5.63777E-06,9.72287E-04,6.41521E-06
664 nm,5.97081E-06,5.17343E-06,9.71864E-04,5.97081E-06,5.17343E-06,9.71864E-04,5.97081E-06,3.28587E-06,2.25265E-07,2.67154E-06,0.00000E+00,5.64727E-06,5.17343E-06,9.71864E-04,5.97081E-06
665 nm,5.75778E-06,5.33384E-06,8.98606E-04,5.75778E-06,5.33384E-06,8.98606E-04,5.75778E-06,3.09208E-06,1.88017E-07,2.77529E-06,6.80066E-09,5.11503E-06,5.33384E-06,8.98606E-04,5.75778E-06
666 nm,5.68331E-06,5.07769E-06,9.19783E-04,5.68331E-06,5.07769E-06,9.19783E-04,5.68331E-06,3.07323E-06,1.92710E-07,2.50845E-06,0.00000E+00,4.92267E-06,5.07769E-06,9.19783E-04,5.68331E-06
667 nm,5.63500E-06,4.55745E-06,8.70789E-04,5.63500E-06,4.55745E-06,8.70789E-04,5.63500E-06,3.13342E-06,5.82232E-08,2.78646E-06,1.84898E-07,4.96635E-06,4.55745E-06,8.70789E-04,5.63500E-06
668 nm,5.49331E-06,4.60503E-06,8.72744E-04,5.49331E-06,4.60503E-06,8.72744E-04,5.49331E-06,2.86056E-06,3.10673E-07,2.40225E-06,4.74357E-08,4.78546E-06,4.60503E-06,8.72744E-04,5.49331E-06
669 nm,5.52354E-06,4.39021E-06,8.44689E-04,5.52354E-06,4.39021E-06,8.44689E-04,5.52354E-06,2.76410E-06,3.99537E-07,2.27514E-06,0.00000E+00,4.56980E-06,4.39021E-06,8.44689E-04,5.52354E-06
670 nm,5.04638E-06,4.40160E-06,8.41859E-04,5.04638E-06,4.40160E-06,8.41859E-04,5.04638E-06,2.66714E-06,9.55285E-09,2.22738E-06,4.24839E-09,4.29787E-06,4.40160E-06,8.41859E-04,5.04638E-06
671 nm,4.99341E-06,4.02791E-06,7.99565E-04,4.99341E-06,4.02791E-06,7.99565E-04,4.99341E-06,2.68677E-06,1.07348E-07,1.99669E-06,2.40203E-08,4.47627E-06,4.02791E-06,7.99565E-04,4.99341E-06
672 nm,4.57272E-06,4.38122E-06,7.74641E-04,4.57272E-06,4.38122E-06,7.74641E-04,4.57272E-06,2.64661E-06,1.71062E-07,2.10824E-06,2.15689E-07,4.06225E-06,4.38122E-06,7.74641E-04,4.57272E-06
673 nm,4.53774E-06,4.02522E-06,7.60249E-04,4.53774E-06,4.02522E-06,7.60249E-04,4.53774E-06,2.56121E-06,1.81867E-07,2.26665E-06,4.01835E-08,4.10833E-06,4.02522E-06,7.60249E-04,4.53774E-06
674 nm,4.64922E-06,4.31023E-06,7.46482E-04,4.64922E-06,4.31023E-06,7.46482E-04,4.64922E-06,2.59751E-06,8.80342E-09,2.10812E-06,0.00000E+00,3.94628E-06,4.31023E-06,7.46482E-04,4.64922E-06
675 nm,4.43615E-06,3.71929E-06,7.29630E-04,4.43615E-06,3.71929E-06,7.29630E-04,4.43615E-06,2.18753E-06,6.48876E-08,2.00755E-06,1.20552E-07,4.01439E-06,3.71929E-06,7.29630E-04,4.43615E-06
676 nm,4.23058E-06,3.73899E-06,7.03651E-04,4.23058E-06,3.73899E-06,7.03651E-04,4.23058E-06,2.60148E-06,2.13158E-07,2.05579E-06,0.00000E+00,4.07392E-06,3.73899E-06,7.03651E-04,4.23058E-06
677 nm,4.20660E-06,3.55427E-06,6.90238E-04,4.20660E-06,3.55427E-06,6.90238E-04,4.20660E-06,2.15853E-06,3.50169E-07,1.93448E-06,2.89424E-08,3.49402E-06,3.55427E-06,6.90238E-04,4.20660E-06
678 nm,4.32040E-06,3.51916E-06,7.00246E-04,4.32040E-06,3.51916E-06,7.00246E-04,4.32040E-06,2.25170E-06,6.43644E-08,1.91553E-06,9.62712E-08,3.38090E-06,3.51916E-06,7.00246E-04,4.32040E-06
679 nm,3.80173E-06,3.42541E-06,6.36482E-04,3.80173E-06,3.42541E-06,6.36482E-04,3.80173E-06,1.94680E-06,2.63718E-07,1.67855E-06,2.04983E-09,3.20228E-06,3.42541E-06,6.36482E-04,3.80173E-06
680 nm,3.86839E-06,3.19501E-06,6.59069E-04,3.86839E-06,3.19501E-06,6.59069E-04,3.86839E-06,1.87544E-06,3.74211E-07,1.77801E-06,0.00000E+00,3.25857E-06,3.19501E-06,6.59069E-04,3.86839E-06
681 nm,3.85494E-06,3.47533E-06,6.37479E-04,3.85494E-06,3.47533E-06,6.37479E-04,3.85494E-06,2.21349E-06,1.40963E-07,1.77830E-06,7.63737E-08,3.43116E-06,3.47533E-06,6.37479E-04,3.85494E-06
682 nm,4.04607E-06,3.09258E-06,6.19907E-04,4.04607E-06,3.09258E-06,6.19907E-04,4.04607E-06,2.12150E-06,2.83321E-07,1.51061E-06,3.04308E-07,3.25582E-06,3.09258E-06,6.19907E-04,4.04607E-06
683 nm,3.42638E-06,3.16625E-06,6.07680E-04,3.42638E-06,3.16625E-06,6.07680E-04,3.42638E-06,1.75778E-06,4.83765E-08,1.45252E-06,2.17876E-08,2.76779E-06,3.16625E-06,6.07680E-04,3.42638E-06
684 nm,3.37690E-06,3.38979E-06,6.09173E-04,3.37690E-06,3.38979E-06,6.09173E-04,3.37690E-06,2.03631E-06,1.37112E-07,1.58456E-06,0.00000E+00,3.20326E-06,3.38979E-06,6.09173E-04,3.37690E-06
685 nm,3.39647E-06,2.91159E-06,5.92624E-04,3.39647E-06,2.91159E-06,5.92624E-04,3.39647E-06,1.64496E-06,2.06517E-07,1.27422E-06,7.13634E-08,2.91275E-06,2.91159E-06,5.92624E-04,3.39647E-06
686 nm,3.47057E-06,2.87735E-06,5.65738E-04,3.47057E-06,2.87735E-06,5.65738E-04,3.47057E-06,1.77587E-06,1.29905E-07,1.65571E-06,6.55095E-08,3.03738E-06,2.87735E-06,5.65738E-04,3.47057E-06
687 nm,3.39147E-06,2.52514E-06,5.57527E-04,3.39147E-06,2.52514E-06,5.57527E-04,3.39147E-06,1.88562E-06,2.30441E-07,1.49314E-06,1.56017E-07,2.78669E-06,2.52514E-06,5.57527E-04,3.39147E-06
688 nm,3.11277E-06,2.79890E-06,5.34313E-04,3.11277E-06,2.79890E-06,5.34313E-04,3.11277E-06,1.78589E-06,1.93556E-07,1.56720E-06,2.97841E-07,2.87993E-06,2.79890E-06,5.34313E-04,3.11277E-06
689 nm,3.07321E-06,2.61499E-06,4.96570E-04,3.07321E-06,2.61499E-06,4.96570E-04,3.07321E-06,1.30492E-06,3.13313E-07,1.13775E-06,1.40539E-07,2.51625E-06,2.61499E-06,4.96570E-04,3.07321E-06
690 nm,2.85585E-06,2.71381E-06,4.97666E-04,2.85585E-06,2.71381E-06,4.97666E-04,2.85585E-06,1.52803E-06,1.81441E-07,1.14114E-06,0.00000E+00,2.63804E-06,2.71381E-06,4.97666E-04,2.85585E-06
691 nm,2.96630E-06,2.70284E-06,5.18922E-04,2.96630E-06,2.70284E-06,5.18922E-04,2.96630E-06,1.75948E-06,2.89927E-08,1.29390E-06,0.00000E+00,2.74838E-06,2.70284E-06,5.18922E-04,2.96630E-06
692 nm,3.17815E-06,2.56511E-06,4.99929E-04,3.17815E-06,2.56511E-06,4.99929E-04,3.17815E-06,1.16157E-06,1.60942E-08,1.25163E-06,1.75239E-07,2.12945E-06,2.56511E-06,4.99929E-04,3.17815E-06
693 nm,3.00382E-06,2.81884E-06,4.93305E-04,3.00382E-06,2.81884E-06,4.93305E-04,3.00382E-06,1.60903E-06,8.15140E-08,1.45701E-06,7.44077E-08,2.37285E-06,2.81884E-06,4.93305E-04,3.00382E-06
694 nm,2.87918E-06,2.23273E-06,4.98767E-04,2.87918E-06,2.23273E-06,4.98767E-04,2.87918E-06,1.41451E-06,2.32199E-07,1.02724E-06,2.12949E-07,2.01924E-06,2.23273E-06,4.98767E-04,2.87918E-06
695 nm,2.52399E-06,2.16579E-06,4.69574E-04,2.52399E-06,2.16579E-06,4.69574E-04,2.52399E-06,1.43929E-06,1.18475E-07,1.01024E-06,0.00000E+00,2.46790E-06,2.16579E-06,4.69574E-04,2.52399E-06
696 nm,2.70857E-06,2.13492E-06,4.29147E-04,2.70857E-06,2.13492E-06,4.29147E-04,2.70857E-06,1.52079E-06,1.24782E-08,8.95945E-07,6.04641E-08,2.09318E-06,2.13492E-06,4.29147E-04,2.70857E-06
697 nm,2.22876E-06,1.99300E-06,4.47997E-04,2.22876E-06,1.99300E-06,4.47997E-04,2.22876E-06,1.08899E-06,4.86338E-08,9.98591E-07,8.63185E-08,2.14185E-06,1.99300E-06,4.47997E-04,2.22876E-06
698 nm,2.54467E-06,1.74682E-06,4.26215E-04,2.54467E-06,1.74682E-06,4.26215E-04,2.54467E-06,1.30739E-06,1.90893E-08,9.13944E-07,2.78108E-07,2.14528E-06,1.74682E-06,4.26215E-04,2.54467E-06
699 nm,2.05141E-06,2.04510E-06,4.23146E-04,2.05141E-06,2.04510E-06,4.23146E-04,2.05141E-06,1.15444E-06,1.62228E-07,1.12913E-06,8.34802E-08,1.76939E-06,2.04510E-06,4.23146E-04,2.05141E-06
700 nm,2.17390E-06,1.79401E-06,3.99484E-04,2.17390E-06,1.79401E-06,3.99484E-04,2.17390E-06,1.01841E-06,1.50792E-07,9.50141E-07,2.37798E-07,1.71255E-06,1.79401E-06,3.99484E-04,2.17390E-06
701 nm,1.97127E-06,1.55690E-06,3.99791E-04,1.97127E-06,1.55690E-06,3.99791E-04,1.97127E-06,9.85135E-07,1.45206E-07,9.63102E-07,0.00000E+00,1.63528E-06,1.55690E-06,3.99791E-04,1.97127E-06
702 nm,1.95783E-06,1.89530E-06,3.58603E-04,1.95783E-06,1.89530E-06,3.58603E-04,1.95783E-06,1.26590E-06,2.92115E-08,7.77288E-07,4.67775E-09,1.70822E-06,1.89530E-06,3.58603E-04,1.95783E-06
703 nm,2.25866E-06,1.97893E-06,3.69262E-04,2.25866E-06,1.97893E-06,3.69262E-04,2.25866E-06,1.04887E-06,1.59354E-07,9.63845E-07,4.03928E-08,2.02512E-06,1.97893E-06,3.69262E-04,2.25866E-06
704 nm,1.51645E-06,1.81505E-06,3.61754E-04,1.51645E-06,1.81505E-06,3.61754E-04,1.51645E-06,1.01540E-06,1.72862E-07,7.38470E-07,1.64107E-08,1.46256E-06,1.81505E-06,3.61754E-04,1.51645E-06
705 nm,1.70581E-06,1.13276E-06,3.65233E-04,1.70581E-06,1.13276E-06,3.65233E-04,1.70581E-06,1.25514E-06,3.83190E-07,9.14461E-07,1.69593E-09,1.72604E-06,1.13276E-06,3.65233E-04,1.70581E-06
706 nm,2.12735E-06,1.18737E-06,3.53081E-04,2.12735E-06,1.18737E-06,3.53081E-04,2.12735E-06,8.95126E-07,5.27818E-07,1.04115E-06,3.33292E-08,1.70579E-06,1.18737E-06,3.53081E-04,2.12735E-06
707 nm,1.75279E-06,1.32809E-06,3.33809E-04,1.75279E-06,1.32809E-06,3.33809E-04,1.75279E-06,1.01553E-06,8.94797E-07,8.69093E-07,6.72687E-08,1.74093E-06,1.32809E-06,3.33809E-04,1.75279E-06
708 nm,1.42413E-06,1.49924E-06,3.26177E-04,1.42413E-06,1.49924E-06,3.26177E-04,1.42413E-06,7.94890E-07,7.53550E-07,5.71553E-07,8.20036E-08,1.69573E-06,1.49924E-06,3.26177E-04,1.42413E-06
709 nm,1.76732E-06,1.99294E-06,3.08956E-04,1.76732E-06,1.99294E-06,3.08956E-04,1.76732E-06,6.01289E-07,5.77894E-07,8.56396E-07,1.06324E-09,1.47320E-06,1.99294E-06,3.08956E-04,1.76732E-06
710 nm,1.60323E-06,1.57546E-06,3.07980E-04,1.60323E-06,1.57546E-06,3.07980E-04,1.60323E-06,1.02865E-06,5.35178E-07,8.21235E-07,1.73179E-08,9.31363E-07,1.57546E-06,3.07980E-04,1.60323E-06
711 nm,1.69155E-06,1.49815E-06,3.09128E-04,1.69155E-06,1.49815E-06,3.09128E-04,1.69155E-06,7.60294E-07,5.69799E-07,8.20348E-07,6.47496E-08,1.29452E-06,1.49815E-06,3.09128E-04,1.69155E-06
712 nm,1.37968E-06,1.43215E-06,2.99995E-04,1.37968E-06,1.43215E-06,2.99995E-04,1.37968E-06,8.42163E-07,5.56294E-07,5.45083E-07,0.00000E+00,1.59840E-06,1.43215E-06,2.99995E-04,1.37968E-06
713 nm,1.36797E-06,1.33749E-06,2.97188E-04,1.36797E-06,1.33749E-06,2.97188E-04,1.36797E-06,6.72179E-07,5.24932E-07,1.08299E-06,5.10299E-10,1.36576E-06,1.33749E-06,2.97188E-04,1.36797E-06
714 nm,1.76896E-06,1.56917E-06,2.74797E-04,1.76896E-06,1.56917E-06,2.74797E-04,1.76896E-06,8.98396E-07,2.74058E-07,4.21730E-07,1.66548E-09,1.25133E-06,1.56917E-06,2.74797E-04,1.76896E-06
715 nm,1.16763E-06,1.50802E-06,2.66308E-04,1.16763E-06,1.50802E-06,2.66308E-04,1.16763E-06,8.36319E-07,2.03986E-07,5.91243E-07,0.00000E+00,1.04126E-06,1.50802E-06,2.66308E-04,1.16763E-06
716 nm,1.79117E-06,1.13053E-06,2.54359E-04,1.79117E-06,1.13053E-06,2.54359E-04,1.79117E-06,6.25209E-07,7.12404E-08,4.97048E-07,1.04868E-07,8.70196E-07,1.13053E-06,2.54359E-04,1.79117E-06
717 nm,1.27270E-06,1.11261E-06,2.56929E-04,1.27270E-06,1.11261E-06,2.56929E-04,1.27270E-06,5.21664E-07,7.53361E-09,3.75957E-07,1.83396E-08,1.38232E-06,1.11261E-06,2.56929E-04,1.27270E-06
718 nm,1.42030E-06,1.53386E-06,2.32102E-04,1.42030E-06,1.53386E-06,2.32102E-04,1.42030E-06,4.93226E-07,1.18039E-08,5.20056E-07,0.00000E+00,1.10569E-06,1.53386E-06,2.32102E-04,1.42030E-06
719 nm,1.30037E-06,1.26305E-06,2.40331E-04,1.30037E-06,1.26305E-06,2.40331E-04,1.30037E-06,8.18522E-07,1.00262E-07,4.32291E-07,5.32271E-08,1.19766E-06,1.26305E-06,2.40331E-04,1.30037E-06
720 nm,1.46818E-06,1.56690E-06,2.39618E-04,1.46818E-06,1.56690E-06,2.39618E-04,1.46818E-06,4.22027E-07,0.00000E+00,3.10089E-07,1.89521E-07,1.04380E-06,1.56690E-06,2.39618E-04,1.46818E-06
721 nm,8.03149E-07,1.27389E-06,2.26616E-04,8.03149E-07,1.27389E-06,2.26616E-04,8.03149E-07,6.65777E-07,1.92122E-07,5.33261E-07,4.44958E-08,1.50079E-06,1.27389E-06,2.26616E-04,8.03149E-07
722 nm,1.47985E-06,5.81388E-07,2.25958E-04,1.47985E-06,5.81388E-07,2.25958E-04,1.47985E-06,7.14066E-07,0.00000E+00,5.50545E-07,2.54669E-07,8.23812E-07,5.81388E-07,2.25958E-04,1.47985E-06
723 nm,8.41573E-07,1.56824E-06,2.07977E-04,8.41573E-07,1.56824E-06,2.07977E-04,8.41573E-07,6.22533E-07,7.81708E-09,3.76127E-07,1.09365E-07,8.61081E-07,1.56824E-06,2.07977E-04,8.41573E-07
724 nm,8.99845E-07,9.79025E-07,2.17699E-04,8.99845E-07,9.79025E-07,2.17699E-04,8.99845E-07,8.24503E-07,0.00000E+00,5.05341E-07,8.62777E-09,7.24528E-07,9.79025E-07,2.17699E-04,8.99845E-07
725 nm,1.28550E-06,6.57171E-07,2.09374E-04,1.28550E-06,6.57171E-07,2.09374E-04,1.28550E-06,5.71336E-07,5.73751E-08,4.19113E-07,9.54904E-08,4.07741E-07,6.57171E-07,2.09374E-04,1.28550E-06
726 nm,8.40620E-07,6.42264E-07,1.98888E-04,8.40620E-07,6.42264E-07,1.98888E-04,8.40620E-07,2.03199E-07,5.43818E-08,5.67476E-07,1.45765E-07,1.04729E-06,6.42264E-07,1.98888E-04,8.40620E-07
727 nm,1.13269E-06,1.29489E-06,1.95769E-04,1.13269E-06,1.29489E-06,1.95769E-04,1.13269E-06,7.94568E-07,2.37794E-08,2.05464E-07,2.22326E-08,1.08585E-06,1.29489E-06,1.95769E-04,1.13269E-06
728 nm,8.04381E-07,8.97300E-07,1.92866E-04,8.04381E-07,8.97300E-07,1.92866E-04,8.04381E-07,1.73098E-07,7.53833E-08,6.83971E-07,0.00000E+00,1.02094E-06,8.97300E-07,1.92866E-04,8.04381E-07
729 nm,1.01322E-06,7.11379E-07,1.89627E-04,1.01322E-06,7.11379E-07,1.89627E-04,1.01322E-06,4.10577E-07,0.00000E+00,3.77928E-07,2.31461E-07,9.65940E-07,7.11379E-07,1.89627E-04,1.01322E-06
730 nm,1.59498E-06,8.74108E-07,1.70250E-04,1.59498E-06,8.74108E-07,1.70250E-04,1.59498E-06,3.92475E-07,1.66157E-07,2.75449E-07,7.76445E-08,7.86261E-07,8.74108E-07,1.70250E-04,1.59498E-06
731 nm,8.95200E-07,4.59655E-07,1.63443E-04,8.95200E-07,4.59655E-07,1.63443E-04,8.95200E-07,4.36727E-07,8.99783E-08,4.40749E-07,1.21897E-07,1.20345E-06,4.59655E-07,1.63443E-04,8.95200E-07
732 nm,8.84554E-07,7.81897E-07,1.70145E-04,8.84554E-07,7.81897E-07,1.70145E-04,8.84554E-07,2.43205E-07,1.54811E-07,4.44290E-07,0.00000E+00,7.38480E-07,7.81897E-07,1.70145E-04,8.84554E-07
733 nm,1.13586E-06,8.61556E-07,1.71623E-04,1.13586E-06,8.61556E-07,1.71623E-04,1.13586E-06,4.66484E-07,1.11266E-07,3.34718E-07,0.00000E+00,5.73226E-07,8.61556E-07,1.71623E-04,1.13586E-06
734 nm,3.81197E-07,5.53151E-07,1.78927E-04,3.81197E-07,5.53151E-07,1.78927E-04,3.81197E-07,4.49228E-07,7.65599E-08,2.99542E-07,1.27242E-07,8.53604E-07,5.53151E-07,1.78927E-04,3.81197E-07
735 nm,5.44354E-07,3.51911E-07,1.77619E-04,5.44354E-07,3.51911E-07,1.77619E-04,5.44354E-07,3.92358E-07,1.56478E-07,3.49729E-07,0.00000E+00,5.47839E-07,3.51911E-07,1.77619E-04,5.44354E-07
736 nm,6.91497E-07,7.93523E-07,1.46006E-04,6.91497E-07,7.93523E-07,1.46006E-04,6.91497E-07,4.75507E-07,0.00000E+00,2.90960E-07,1.67951E-07,5.11586E-07,7.93523E-07,1.46006E-04,6.91497E-07
737 nm,9.84297E-07,1.05898E-06,1.39476E-04,9.84297E-07,1.05898E-06,1.39476E-04,9.84297E-07,1.06404E-07,2.08799E-09,4.61515E-07,2.01719E-07,1.08549E-06,1.05898E-06,1.39476E-04,9.84297E-07
738 nm,4.73767E-07,8.96165E-07,1.41678E-04,4.73767E-07,8.96165E-07,1.41678E-04,4.73767E-07,9.23143E-08,4.21191E-09,1.31907E-07,0.00000E+00,3.46516E-07,8.96165E-07,1.41678E-04,4.73767E-07
739 nm,5.10306E-07,7.03021E-07,1.36984E-04,5.10306E-07,7.03021E-07,1.36984E-04,5.10306E-07,3.89983E-07,2.94662E-08,3.84106E-07,9.29615E-10,6.73599E-07,7.03021E-07,1.36984E-04,5.10306E-07
740 nm,1.54983E-07,6.76431E-07,1.42221E-04,1.54983E-07,6.76431E-07,1.42221E-04,1.54983E-07,4.11430E-07,1.70194E-07,3.79943E-07,0.00000E+00,9.59680E-07,6.76431E-07,1.42221E-04,1.54983E-07
741 nm,6.78590E-07,3.74450E-07,1.43123E-04,6.78590E-07,3.74450E-07,1.43123E-04,6.78590E-07,2.87272E-07,0.00000E+00,1.87796E-07,9.94970E-08,4.86830E-07,3.74450E-07,1.43123E-04,6.78590E-07
742 nm,8.64019E-07,3.27491E-07,1.33327E-04,8.64019E-07,3.27491E-07,1.33327E-04,8.64019E-07,3.95673E-07,0.00000E+00,3.83569E-07,6.70779E-08,4.31594E-07,3.27491E-07,1.33327E-04,8.64019E-07
743 nm,8.47656E-07,6.83827E-07,1.26483E-04,8.47656E-07,6.83827E-07,1.26483E-04,8.47656E-07,4.07530E-07,3.00674E-07,2.07632E-07,3.11047E-07,1.12164E-07,6.83827E-07,1.26483E-04,8.47656E-07
744 nm,9.00571E-07,4.23358E-07,1.16950E-04,9.00571E-07,4.23358E-07,1.16950E-04,9.00571E-07,3.80334E-07,2.30161E-09,2.13882E-07,5.22766E-08,7.58605E-07,4.23358E-07,1.16950E-04,9.00571E-07
745 nm,5.43802E-07,6.93639E-07,1.22574E-04,5.43802E-07,6.93639E-07,1.22574E-04,5.43802E-07,3.64292E-07,1.44207E-07,1.26467E-07,0.00000E+00,2.29979E-07,6.93639E-07,1.22574E-04,5.43802E-07
746 nm,5.54373E-07,3.44682E-07,1.19432E-04,5.54373E-07,3.44682E-07,1.19432E-04,5.54373E-07,6.04039E-07,9.47299E-09,4.38189E-07,8.02565E-08,1.01796E-06,3.44682E-07,1.19432E-04,5.54373E-07
747 nm,4.01980E-07,1.19270E-06,1.22034E-04,4.01980E-07,1.19270E-06,1.22034E-04,4.01980E-07,4.03414E-07,7.03199E-10,1.91020E-07,1.59590E-07,7.13514E-07,1.19270E-06,1.22034E-04,4.01980E-07
748 nm,2.63309E-07,7.86543E-08,1.20186E-04,2.63309E-07,7.86543E-08,1.20186E-04,2.63309E-07,5.62035E-07,3.73640E-09,4.05442E-07,1.04124E-07,8.74594E-07,7.86543E-08,1.20186E-04,2.63309E-07
749 nm,4.94542E-07,4.53523E-07,1.11639E-04,4.94542E-07,4.53523E-07,1.11639E-04,4.94542E-07,1.21332E-07,3.22827E-08,6.10302E-07,0.00000E+00,4.51064E-07,4.53523E-07,1.11639E-04,4.94542E-07
750 nm,3.19830E-07,5.56691E-07,1.09725E-04,3.19830E-07,5.56691E-07,1.09725E-04,3.19830E-07,4.47123E-07,4.11750E-08,2.48089E-07,1.11416E-07,4.36289E-07,5.56691E-07,1.09725E-04,3.19830E-07
751 nm,5.94599E-07,1.24353E-07,1.25619E-04,5.94599E-07,1.24353E-07,1.25619E-04,5.94599E-07,1.75940E-07,1.74905E-08,1.16893E-07,0.00000E+00,0.00000E+00,1.24353E-07,1.25619E-04,5.94599E-07
752 nm,4.92344E-07,5.08733E-07,7.74350E-05,4.92344E-07,5.08733E-07,7.74350E-05,4.92344E-07,2.46585E-07,1.38163E-08,1.66988E-07,3.85640E-09,4.11053E-07,5.08733E-07,7.74350E-05,4.92344E-07
753 nm,6.12976E-07,2.65159E-07,1.03033E-04,6.12976E-07,2.65159E-07,1.03033E-04,6.12976E-07,2.99007E-07,7.32623E-08,6.30814E-08,2.80966E-09,7.35201E-07,2.65159E-07,1.03033E-04,6.12976E-07
754 nm,5.68326E-07,3.12594E-07,8.29318E-05,5.68326E-07,3.12594E-07,8.29318E-05,5.68326E-07,3.67263E-07,1.10997E-08,2.12442E-07,0.00000E+00,2.58941E-07,3.12594E-07,8.29318E-05,5.68326E-07
755 nm,4.44157E-07,3.69407E-07,1.02413E-04,4.44157E-07,3.69407E-07,1.02413E-04,4.44157E-07,4.81442E-08,1.29445E-09,2.46651E-07,7.84036E-08,4.44274E-07,3.69407E-07,1.02413E-04,4.44157E-07
756 nm,8.07572E-07,4.67470E-07,7.48896E-05,8.07572E-07,4.67470E-07,7.48896E-05,8.07572E-07,4.82759E-07,4.56209E-08,2.47262E-07,8.41241E-08,5.03898E-07,4.67470E-07,7.48896E-05,8.07572E-07
757 nm,5.07898E-07,8.37239E-07,7.27899E-05,5.07898E-07,8.37239E-07,7.27899E-05,5.07898E-07,3.64207E-08,0.00000E+00,2.08764E-07,1.83160E-07,2.64290E-07,8.37239E-07,7.27899E-05,5.07898E-07
758 nm,5.80115E-07,2.36635E-07,7.63752E-05,5.80115E-07,2.36635E-07,7.63752E-05,5.80115E-07,7.08266E-08,2.23772E-07,6.62552E-08,0.00000E+00,4.54043E-07,2.36635E-07,7.63752E-05,5.80115E-07
759 nm,1.06937E-06,1.04584E-07,8.78588E-05,1.06937E-06,1.04584E-07,8.78588E-05,1.06937E-06,2.54662E-07,1.71978E-08,2.36397E-07,1.02936E-07,3.40356E-08,1.04584E-07,8.78588E-05,1.06937E-06
760 nm,4.10776E-07,1.25916E-07,7.89259E-05,4.10776E-07,1.25916E-07,7.89259E-05,4.10776E-07,4.04745E-07,8.03893E-08,3.05406E-07,2.63079E-08,1.71244E-07,1.25916E-07,7.89259E-05,4.10776E-07
761 nm,7.88507E-07,1.19701E-07,8.23491E-05,7.88507E-07,1.19701E-07,8.23491E-05,7.88507E-07,2.72999E-07,1.90379E-08,2.30909E-07,6.26944E-08,6.83026E-07,1.19701E-07,8.23491E-05,7.88507E-07
762 nm,8.20081E-07,5.66109E-08,7.61001E-05,8.20081E-07,5.66109E-08,7.61001E-05,8.20081E-07,3.17133E-07,7.38832E-08,1.24449E-07,1.08106E-07,4.40771E-07,5.66109E-08,7.61001E-05,8.20081E-07
763 nm,7.94624E-07,4.23665E-08,7.26066E-05,7.94624E-07,4.23665E-08,7.26066E-05,7.94624E-07,0.00000E+00,1.49760E-07,1.29298E-07,1.71334E-07,4.48598E-07,4.23665E-08,7.26066E-05,7.94624E-07
764 nm,6.61443E-07,2.46449E-07,6.99804E-05,6.61443E-07,2.46449E-07,6.99804E-05,6.61443E-07,1.38110E-07,0.00000E+00,0.00000E+00,1.93455E-07,2.30236E-07,2.46449E-07,6.99804E-05,6.61443E-07
765 nm,0.00000E+00,5.66320E-07,7.78264E-05,0.00000E+00,5.66320E-07,7.78264E-05,0.00000E+00,3.51003E-07,1.08217E-07,1.68226E-08,8.32327E-08,6.55744E-07,5.66320E-07,7.78264E-05,0.00000E+00
766 nm,3.53317E-07,5.29608E-07,4.99110E-05,3.53317E-07,5.29608E-07,4.99110E-05,3.53317E-07,6.48764E-08,4.53969E-08,2.11986E-09,0.00000E+00,0.00000E+00,5.29608E-07,4.99110E-05,3.53317E-07
767 nm,6.77904E-07,2.01640E-08,6.38700E-05,6.77904E-07,2.01640E-08,6.38700E-05,6.77904E-07,4.25467E-08,1.28726E-10,1.85728E-10,3.92978E-07,5.00813E-07,2.01640E-08,6.38700E-05,6.77904E-07
768 nm,4.59582E-07,3.87590E-07,5.92831E-05,4.59582E-07,3.87590E-07,5.92831E-05,4.59582E-07,7.83989E-08,9.50813E-09,3.26030E-07,0.00000E+00,4.81876E-07,3.87590E-07,5.92831E-05,4.59582E-07
769 nm,2.73081E-07,2.95660E-07,6.44432E-05,2.73081E-07,2.95660E-07,6.44432E-05,2.73081E-07,4.86850E-07,1.64187E-07,3.91516E-07,6.48943E-08,3.09200E-07,2.95660E-07,6.44432E-05,2.73081E-07
770 nm,2.66576E-07,3.45342E-07,4.24591E-05,2.66576E-07,3.45342E-07,4.24591E-05,2.66576E-07,1.17970E-07,1.30244E-07,4.63953E-08,0.00000E+00,4.53637E-08,3.45342E-07,4.24591E-05,2.66576E-07
771 nm,5.76589E-07,6.58955E-10,6.31679E-05,5.76589E-07,6.58955E-10,6.31679E-05,5.76589E-07,0.00000E+00,2.66594E-07,4.34969E-10,0.00000E+00,2.42084E-07,6.58955E-10,6.31679E-05,5.76589E-07
772 nm,7.33708E-07,6.76928E-08,4.77871E-05,7.33708E-07,6.76928E-08,4.77871E-05,7.33708E-07,0.00000E+00,1.73048E-08,1.10186E-07,1.29940E-07,2.76170E-07,6.76928E-08,4.77871E-05,7.33708E-07
773 nm,4.01721E-08,1.45432E-07,5.50797E-05,4.01721E-08,1.45432E-07,5.50797E-05,4.01721E-08,5.71934E-08,1.17268E-07,2.18785E-07,4.07593E-07,4.42141E-07,1.45432E-07,5.50797E-05,4.01721E-08
774 nm,4.06434E-07,0.00000E+00,5.64092E-05,4.06434E-07,0.00000E+00,5.64092E-05,4.06434E-07,8.93883E-08,0.00000E+00,1.87896E-07,1.54659E-07,1.12156E-07,0.00000E+00,5.64092E-05,4.06434E-07
775 nm,7.94336E-07,1.05698E-10,3.51393E-05,7.94336E-07,1.05698E-10,3.51393E-05,7.94336E-07,0.00000E+00,2.17934E-08,3.19172E-07,0.00000E+00,2.45278E-10,1.05698E-10,3.51393E-05,7.94336E-07
776 nm,3.21932E-07,3.97273E-07,5.04114E-05,3.21932E-07,3.97273E-07,5.04114E-05,3.21932E-07,2.20684E-07,9.74331E-08,6.78278E-08,4.26719E-07,4.07582E-10,3.97273E-07,5.04114E-05,3.21932E-07
777 nm,0.00000E+00,5.21185E-07,5.40536E-05,0.00000E+00,5.21185E-07,5.40536E-05,0.00000E+00,0.00000E+00,2.16779E-07,3.24619E-07,6.41799E-08,0.00000E+00,5.21185E-07,5.40536E-05,0.00000E+00
778 nm,0.00000E+00,2.81409E-08,4.68074E-05,0.00000E+00,2.81409E-08,4.68074E-05,0.00000E+00,3.05083E-07,1.00782E-07,3.21714E-07,6.61021E-07,3.26371E-07,2.81409E-08,4.68074E-05,0.00000E+00
779 nm,5.13619E-07,6.28725E-07,5.63935E-05,5.13619E-07,6.28725E-07,5.63935E-05,5.13619E-07,0.00000E+00,0.00000E+00,6.82686E-08,1.13605E-07,1.64345E-10,6.28725E-07,5.63935E-05,5.13619E-07
780 nm,4.47882E-07,2.23829E-07,5.53978E-05,4.47882E-07,2.23829E-07,5.53978E-05,4.47882E-07,1.63805E-07,2.19885E-09,9.22282E-08,1.29490E-07,2.57607E-07,2.23829E-07,5.53978E-05,4.47882E-07
