,,,,,,,,,,,
,,,,,,,,,,,
,,,,,,,,,,,
Name,green_10,green_20,green_30,green_40,green_50,green_60,green_70,green_80,green_90,green_100,green_0
Date,09/03/2015,09/03/2015,09/03/2015,09/03/2015,09/03/2015,09/03/2015,09/03/2015,09/03/2015,09/03/2015,09/03/2015,09/03/2015
Time,11:36am,11:36am,11:36am,11:36am,11:37am,11:37am,11:37am,11:37am,11:37am,11:37am,11:40am
T_int [ms],6762,3906,2672,2064,1697,1483,1281,1000,1000,929,312
,,,,,,,,,,,
Lv [cd/sqm],7.592E-01,1.437E+00,2.157E+00,2.791E+00,3.487E+00,4.046E+00,4.675E+00,5.380E+00,6.058E+00,6.765E+00,5.765E-02
Le [W/(sr*sqm)] (380-780nm),1.700E-03,3.193E-03,4.766E-03,6.161E-03,7.705E-03,8.900E-03,1.030E-02,1.183E-02,1.332E-02,1.485E-02,6.147E-04
CCT [K],0,0,0,0,0,0,0,0,0,0,0
DWl [nm],521.5,521.7,522.3,522.2,522.3,522.4,522.3,522.3,522.4,522.5,499.8
PE [%],73.0,74.0,75.2,75.5,75.3,75.7,75.6,75.7,75.8,76.0,18.3
,,,,,,,,,,,
Chrom. Coord.,,,,,,,,,,,
x,0.1529,0.1518,0.1518,0.1506,0.1518,0.1514,0.1512,0.1510,0.1514,0.1517,0.2739
y,0.6984,0.7034,0.7092,0.7108,0.7096,0.7113,0.7110,0.7116,0.7118,0.7124,0.3700
u',0.0552,0.0545,0.0542,0.0537,0.0542,0.0539,0.0539,0.0538,0.0539,0.0540,0.1590
v',0.5675,0.5684,0.5695,0.5697,0.5696,0.5699,0.5698,0.5699,0.5700,0.5702,0.4831
,,,,,,,,,,,
CIE 13.3-1995 CRI,,,,,,,,,,,
Ref. Illum.,CRI not calculated!,CRI not calculated!,CRI not calculated!,CRI not calculated!,CRI not calculated!,CRI not calculated!,CRI not calculated!,CRI not calculated!,CRI not calculated!,CRI not calculated!,CRI not calculated!
CCT [K],0,0,0,0,0,0,0,0,0,0,0
R1,0.0,0.0,0.0,0.0,0.0,0.0,0.0,0.0,0.0,0.0,0.0
R2,0.0,0.0,0.0,0.0,0.0,0.0,0.0,0.0,0.0,0.0,0.0
R3,0.0,0.0,0.0,0.0,0.0,0.0,0.0,0.0,0.0,0.0,0.0
R4,0.0,0.0,0.0,0.0,0.0,0.0,0.0,0.0,0.0,0.0,0.0
R5,0.0,0.0,0.0,0.0,0.0,0.0,0.0,0.0,0.0,0.0,0.0
R6,0.0,0.0,0.0,0.0,0.0,0.0,0.0,0.0,0.0,0.0,0.0
R7,0.0,0.0,0.0,0.0,0.0,0.0,0.0,0.0,0.0,0.0,0.0
R8,0.0,0.0,0.0,0.0,0.0,0.0,0.0,0.0,0.0,0.0,0.0
R9,0.0,0.0,0.0,0.0,0.0,0.0,0.0,0.0,0.0,0.0,0.0
R10,0.0,0.0,0.0,0.0,0.0,0.0,0.0,0.0,0.0,0.0,0.0
R11,0.0,0.0,0.0,0.0,0.0,0.0,0.0,0.0,0.0,0.0,0.0
R12,0.0,0.0,0.0,0.0,0.0,0.0,0.0,0.0,0.0,0.0,0.0
R13,0.0,0.0,0.0,0.0,0.0,0.0,0.0,0.0,0.0,0.0,0.0
R14,0.0,0.0,0.0,0.0,0.0,0.0,0.0,0.0,0.0,0.0,0.0
R15,0.0,0.0,0.0,0.0,0.0,0.0,0.0,0.0,0.0,0.0,0.0
Ra,0.00,0.00,0.00,0.00,0.00,0.00,0.00,0.00,0.00,0.00,0.00
DC,0.0E+00,0.0E+00,0.0E+00,0.0E+00,0.0E+00,0.0E+00,0.0E+00,0.0E+00,0.0E+00,0.0E+00,0.0E+00
,,,,,,,,,,,
PAR,,,,,,,,,,,
Begin [nm],400,400,400,400,400,400,400,400,400,400,400
End [nm],700,700,700,700,700,700,700,700,700,700,700
Ephot [umol/s sqm],0.0073,0.0138,0.0206,0.0267,0.0333,0.0385,0.0446,0.0513,0.0577,0.0644,0.0009
,,,,,,,,,,,
Circadian,,,,,,,,,,,
Lec [W/sr*sqm],0.001,0.001,0.002,0.002,0.003,0.003,0.004,0.004,0.005,0.006,0.000
acv,0.585,0.577,0.569,0.577,0.570,0.570,0.567,0.568,0.569,0.566,0.914
CCT [K],0,0,0,0,0,0,0,0,0,0,0
,,,,,,,,,,,
LED Values,,,,,,,,,,,
Peak WL [nm],517.0,519.0,518.0,519.0,519.0,518.0,517.0,517.0,517.0,518.0,845.0
Peak FWHM [nm],33.7,33.4,33.9,33.6,33.7,34.0,33.7,33.7,33.7,33.9,25.8
Centroid WL [nm],521.5,521.6,521.7,521.8,521.8,521.9,521.8,521.8,521.9,522.0,838.3
,,,,,,,,,,,
RGB Values,,,,,,,,,,,
RGB Space,manual,manual,manual,manual,manual,manual,manual,manual,manual,manual,manual
R,0.0,0.0,0.0,0.0,0.0,0.0,0.0,0.0,0.0,0.0,0.0
G,1.0,1.9,2.9,3.7,4.6,5.4,6.2,7.2,8.1,9.0,0.1
B,0.2,0.3,0.4,0.5,0.6,0.7,0.9,1.0,1.1,1.2,0.1
,,,,,,,,,,,
,,,,,,,,,,,
Wavelength [nm],Le [W/(sr*sqm*nm)],Le [W/(sr*sqm*nm)],Le [W/(sr*sqm*nm)],Le [W/(sr*sqm*nm)],Le [W/(sr*sqm*nm)],Le [W/(sr*sqm*nm)],Le [W/(sr*sqm*nm)],Le [W/(sr*sqm*nm)],Le [W/(sr*sqm*nm)],Le [W/(sr*sqm*nm)],Le [W/(sr*sqm*nm)]
380 nm,5.52193E-07,7.01520E-07,5.83696E-08,1.52287E-07,2.84042E-07,2.20607E-06,3.66074E-06,1.52626E-06,1.02411E-06,8.02667E-07,4.37530E-06
381 nm,4.36492E-07,8.86308E-07,1.75617E-07,1.31149E-06,2.53020E-06,3.16420E-06,1.81420E-07,2.63594E-06,1.43626E-06,2.60186E-07,0.00000E+00
382 nm,0.00000E+00,0.00000E+00,1.25727E-06,2.30408E-06,1.12894E-06,2.51622E-06,7.02038E-08,1.89135E-06,2.53689E-06,2.30205E-06,7.64653E-07
383 nm,5.17574E-07,6.54588E-07,1.78594E-06,1.46321E-06,4.47196E-06,1.41532E-06,1.44016E-06,2.68360E-06,2.91449E-06,2.51642E-06,1.37915E-06
384 nm,6.42572E-07,3.34529E-07,1.22028E-06,1.45839E-06,1.17885E-06,1.75746E-06,2.06951E-06,3.19932E-06,2.20414E-06,3.29372E-06,2.15270E-07
385 nm,2.22497E-07,1.33710E-06,9.15356E-07,2.51235E-06,3.72104E-06,2.96327E-06,1.10860E-06,4.39961E-06,3.57965E-06,1.71997E-06,1.02353E-07
386 nm,6.03581E-07,4.76550E-07,2.98330E-06,2.38869E-06,3.20775E-06,4.23769E-06,4.65030E-06,5.90029E-06,4.11616E-06,6.84231E-06,2.44383E-06
387 nm,6.83164E-07,9.00538E-07,2.04810E-06,2.28497E-06,3.79763E-06,2.37033E-06,2.33169E-06,5.37849E-06,5.43115E-06,4.49376E-06,6.18211E-07
388 nm,2.86058E-07,1.48795E-06,1.10453E-06,1.93729E-06,3.63541E-06,3.92072E-06,4.46654E-06,3.36396E-06,4.56347E-06,6.15770E-06,1.05807E-06
389 nm,9.46482E-07,1.30839E-06,1.38842E-06,2.75348E-06,1.51429E-06,3.83128E-06,1.35672E-06,3.88042E-06,4.71316E-06,6.61707E-06,0.00000E+00
390 nm,4.95455E-07,1.02103E-06,2.41344E-06,1.80478E-06,2.81468E-06,4.26206E-06,4.96211E-06,3.32678E-06,4.81435E-06,4.10236E-06,0.00000E+00
391 nm,9.13271E-08,3.71934E-07,1.33946E-07,2.62974E-06,2.05484E-06,2.99225E-06,3.26453E-06,3.66407E-06,2.40307E-06,2.28533E-06,1.25860E-06
392 nm,9.32913E-07,1.61724E-06,2.28378E-06,2.04764E-06,7.72363E-07,2.35954E-06,2.76687E-06,2.33323E-06,2.84580E-06,2.93394E-06,6.14744E-07
393 nm,7.01788E-07,7.28544E-07,6.01866E-07,2.23281E-06,1.55132E-06,1.63892E-06,2.37530E-06,2.90349E-06,2.44925E-06,1.02819E-06,0.00000E+00
394 nm,1.05303E-07,1.67948E-07,3.31377E-07,9.73066E-07,3.02234E-06,1.16222E-06,1.34231E-06,2.64956E-06,1.40324E-06,2.79419E-06,1.72188E-06
395 nm,3.76873E-07,1.01955E-06,1.66848E-07,1.48903E-06,1.59083E-06,1.62278E-06,4.98798E-07,1.95234E-06,2.74830E-06,4.06677E-07,5.99309E-08
396 nm,1.02604E-07,1.09638E-06,4.96089E-07,2.37671E-08,2.95591E-07,1.34451E-06,1.98834E-06,0.00000E+00,1.59718E-06,1.55377E-06,1.88360E-06
397 nm,7.01502E-07,4.07616E-07,1.18554E-06,1.83234E-06,1.02012E-06,6.82491E-07,1.50467E-06,3.08068E-07,1.71346E-06,2.86088E-06,4.27770E-07
398 nm,4.57589E-07,2.69399E-07,1.40985E-06,9.53293E-07,7.89258E-07,7.23093E-07,7.28839E-07,9.25276E-07,2.42060E-07,1.47056E-06,2.75603E-06
399 nm,4.45836E-07,1.02937E-07,9.30108E-07,4.38848E-07,8.02625E-07,4.49214E-07,4.30593E-07,1.97718E-07,8.07772E-07,2.26671E-06,1.08618E-06
400 nm,2.85410E-07,4.62732E-07,3.61560E-07,1.07391E-06,2.08966E-06,5.61320E-07,1.30068E-06,1.52772E-06,8.47711E-08,1.47288E-06,2.11635E-06
401 nm,1.37051E-07,8.77074E-09,5.12003E-08,0.00000E+00,0.00000E+00,5.56091E-07,7.73037E-07,2.04694E-08,4.09245E-07,1.78795E-06,1.02298E-06
402 nm,7.69222E-08,6.54923E-07,3.68357E-07,1.11752E-08,4.16393E-08,1.05229E-06,1.66517E-06,1.35544E-06,1.29158E-06,1.14257E-07,3.55437E-06
403 nm,3.92235E-07,3.89661E-08,2.54420E-07,1.41046E-07,4.69776E-08,2.09171E-06,0.00000E+00,5.73172E-07,6.31312E-07,9.05401E-09,2.01686E-06
404 nm,0.00000E+00,4.63701E-07,3.01934E-07,4.45497E-07,0.00000E+00,8.20602E-07,6.99593E-07,2.07115E-07,2.04313E-06,1.08931E-07,1.68230E-06
405 nm,8.10412E-07,2.35912E-07,0.00000E+00,0.00000E+00,1.60285E-06,0.00000E+00,1.35530E-06,0.00000E+00,3.98946E-07,1.21055E-06,2.18894E-07
406 nm,2.49475E-07,3.46260E-09,1.29004E-09,1.06173E-06,5.97207E-07,0.00000E+00,1.10407E-06,8.70640E-07,7.92391E-07,5.96719E-07,1.04414E-06
407 nm,2.85595E-07,1.02952E-07,3.66291E-09,1.11565E-07,1.10313E-06,3.33984E-07,2.33307E-07,0.00000E+00,1.30663E-07,1.20000E-06,0.00000E+00
408 nm,0.00000E+00,1.63179E-07,0.00000E+00,2.10451E-07,0.00000E+00,0.00000E+00,1.33226E-06,8.53723E-08,1.47400E-06,9.00027E-07,4.37253E-08
409 nm,8.56087E-08,4.03625E-07,1.45950E-07,1.03114E-07,2.69930E-07,2.46884E-07,5.77731E-07,2.31507E-07,7.63776E-07,2.92049E-07,2.17883E-08
410 nm,5.42080E-07,4.81301E-07,6.57690E-08,1.40272E-06,1.08102E-07,9.25103E-08,4.59746E-07,2.31838E-07,6.81321E-07,1.27161E-06,0.00000E+00
411 nm,1.97958E-07,0.00000E+00,0.00000E+00,6.80052E-08,1.23570E-07,3.38991E-08,0.00000E+00,0.00000E+00,2.63021E-08,6.43892E-08,7.67093E-07
412 nm,3.33359E-07,8.40336E-07,0.00000E+00,8.17308E-07,1.96748E-06,7.11635E-08,1.91564E-06,8.91799E-07,4.23187E-07,1.34619E-08,1.14993E-06
413 nm,8.24462E-08,0.00000E+00,6.99130E-08,0.00000E+00,0.00000E+00,8.49451E-07,3.23474E-07,1.07927E-06,1.13154E-06,7.29602E-08,2.67953E-06
414 nm,1.45401E-07,5.02898E-07,1.08038E-06,3.60877E-07,7.26868E-07,5.60899E-07,0.00000E+00,2.66193E-07,6.27516E-08,3.04783E-07,7.09863E-07
415 nm,0.00000E+00,2.82373E-07,1.12026E-06,1.28371E-07,1.00849E-06,1.06171E-07,8.93424E-09,7.89870E-08,0.00000E+00,0.00000E+00,8.04620E-07
416 nm,4.38563E-07,3.60138E-08,5.33554E-08,0.00000E+00,3.50564E-08,1.43983E-07,0.00000E+00,1.25110E-06,6.93111E-07,4.22171E-07,1.95614E-06
417 nm,4.49783E-08,7.91766E-07,9.21011E-09,1.71763E-09,9.71830E-08,0.00000E+00,1.35531E-07,0.00000E+00,7.46163E-08,2.04497E-07,0.00000E+00
418 nm,3.80684E-07,2.83324E-08,1.65868E-07,8.60859E-09,1.31084E-07,1.88062E-07,0.00000E+00,2.23849E-07,2.02220E-06,6.48995E-07,9.83228E-07
419 nm,3.36166E-07,3.48934E-07,5.00830E-07,8.21259E-08,6.58619E-07,1.08552E-06,2.80583E-07,8.48823E-07,1.99764E-06,1.36984E-06,2.39331E-07
420 nm,0.00000E+00,0.00000E+00,7.46567E-07,2.84423E-07,2.02137E-07,1.02159E-07,7.60921E-07,3.89588E-07,6.31129E-07,5.52172E-07,9.16795E-09
421 nm,0.00000E+00,2.11955E-08,2.37998E-08,3.97952E-07,1.08826E-06,1.36593E-06,6.65135E-08,6.69880E-07,4.82946E-07,1.10258E-06,1.26805E-06
422 nm,5.61477E-07,2.42074E-08,5.77060E-07,5.81271E-07,2.25772E-07,1.26090E-06,0.00000E+00,3.95083E-07,1.39053E-07,1.47706E-06,0.00000E+00
423 nm,2.37244E-09,5.80629E-07,0.00000E+00,0.00000E+00,0.00000E+00,4.16443E-07,2.81406E-07,0.00000E+00,1.10752E-06,0.00000E+00,8.06512E-07
424 nm,1.82584E-07,1.04525E-07,2.97179E-08,9.69145E-08,1.91698E-07,8.48464E-07,7.73735E-07,4.01831E-08,1.24581E-07,4.33863E-08,3.94159E-07
425 nm,4.24657E-07,7.97389E-07,0.00000E+00,2.13435E-07,3.41490E-07,0.00000E+00,0.00000E+00,0.00000E+00,0.00000E+00,0.00000E+00,3.55378E-08
426 nm,4.12279E-08,3.43482E-07,2.31969E-07,2.63772E-08,6.03808E-07,0.00000E+00,5.49000E-07,8.73294E-07,8.19645E-07,1.97901E-07,8.45660E-07
427 nm,1.01240E-09,1.37774E-07,0.00000E+00,1.70696E-09,1.50128E-07,7.91628E-07,0.00000E+00,0.00000E+00,7.05945E-07,1.40640E-06,4.38871E-07
428 nm,3.46585E-08,3.05340E-07,1.66516E-07,0.00000E+00,2.98811E-07,2.86646E-07,1.84228E-07,8.24678E-07,0.00000E+00,0.00000E+00,0.00000E+00
429 nm,0.00000E+00,4.60578E-07,6.16917E-07,3.91196E-07,0.00000E+00,1.90944E-08,4.25859E-07,3.54517E-07,0.00000E+00,3.02182E-08,4.23598E-07
430 nm,7.57470E-08,1.81006E-07,0.00000E+00,4.54740E-07,1.28419E-07,7.33505E-07,0.00000E+00,2.14330E-07,6.18033E-07,0.00000E+00,6.11812E-07
431 nm,0.00000E+00,0.00000E+00,1.83530E-07,0.00000E+00,8.25765E-08,1.61677E-07,3.34763E-07,7.56886E-07,6.29905E-07,1.29204E-08,3.55021E-06
432 nm,6.61401E-07,2.40347E-07,8.62568E-07,2.05057E-09,3.08567E-07,0.00000E+00,1.08311E-07,9.03284E-07,9.28665E-09,0.00000E+00,4.03911E-08
433 nm,4.42522E-07,4.14680E-07,0.00000E+00,2.53869E-07,7.26914E-07,6.22347E-09,0.00000E+00,2.63336E-07,3.44138E-07,3.71082E-07,4.57025E-07
434 nm,1.00769E-08,0.00000E+00,3.46409E-08,5.54513E-07,8.43417E-07,0.00000E+00,2.40391E-08,6.96130E-09,1.96948E-06,8.95602E-08,2.93764E-07
435 nm,6.70333E-07,9.45350E-07,0.00000E+00,6.52191E-07,4.60452E-07,5.56507E-07,0.00000E+00,2.30015E-07,5.72167E-07,1.03560E-06,1.08500E-06
436 nm,4.78744E-07,3.23256E-07,2.84805E-07,1.46766E-07,2.49128E-07,1.80218E-07,8.05685E-07,6.50049E-07,9.46906E-07,1.15970E-07,1.04579E-06
437 nm,2.95253E-09,0.00000E+00,0.00000E+00,4.70416E-07,0.00000E+00,2.69305E-07,7.46323E-07,1.02274E-06,1.84267E-08,1.18964E-06,2.45973E-08
438 nm,1.11191E-07,2.71413E-07,6.34230E-07,2.35416E-07,7.71614E-07,6.18656E-07,0.00000E+00,3.42353E-07,3.81341E-07,0.00000E+00,1.34334E-07
439 nm,5.63148E-08,1.54849E-07,0.00000E+00,8.46762E-08,3.30034E-07,0.00000E+00,2.32324E-08,0.00000E+00,9.83612E-08,4.63158E-07,0.00000E+00
440 nm,4.74312E-07,3.82360E-07,5.52802E-07,6.83165E-07,4.40484E-07,3.59191E-07,0.00000E+00,0.00000E+00,3.44200E-07,3.76421E-07,8.66770E-09
441 nm,2.95729E-07,2.51851E-08,2.05686E-07,3.30953E-07,7.49725E-07,3.76346E-07,1.60063E-07,9.07952E-07,7.27550E-07,7.33950E-08,1.43399E-08
442 nm,2.13098E-07,0.00000E+00,1.47453E-07,0.00000E+00,6.18449E-07,0.00000E+00,0.00000E+00,6.55332E-07,6.55288E-07,4.10324E-07,3.04361E-07
443 nm,2.33469E-07,5.79362E-07,7.04745E-07,0.00000E+00,4.48132E-08,6.08678E-08,1.13834E-06,9.79831E-07,5.66789E-07,1.84558E-07,1.51440E-06
444 nm,8.81939E-08,2.21097E-07,0.00000E+00,4.52525E-08,6.23765E-07,7.38472E-07,9.82706E-07,2.28959E-07,1.35436E-08,4.76406E-07,0.00000E+00
445 nm,1.89601E-07,1.82913E-07,3.72095E-07,0.00000E+00,2.79291E-07,1.30067E-06,6.09975E-07,5.40298E-07,2.66745E-07,2.57153E-07,6.26496E-07
446 nm,1.60164E-07,5.10065E-07,2.13758E-07,5.66537E-07,7.63750E-07,5.50823E-07,3.31084E-07,2.32385E-08,1.26384E-07,4.41012E-07,1.76832E-06
447 nm,1.92570E-08,3.68493E-07,0.00000E+00,5.62502E-07,3.82289E-08,9.85374E-07,2.28274E-07,2.03646E-06,1.37826E-07,1.12425E-06,7.48143E-07
448 nm,6.41273E-07,4.74594E-08,8.86929E-07,0.00000E+00,5.51275E-08,1.42720E-06,1.15101E-06,9.76487E-07,9.63809E-07,1.16273E-06,2.40500E-06
449 nm,2.96289E-07,3.14782E-07,0.00000E+00,3.27812E-07,6.81551E-07,0.00000E+00,9.82335E-07,6.85794E-08,2.08267E-08,2.55106E-07,2.29276E-07
450 nm,2.46501E-07,4.16071E-07,1.85522E-07,7.63596E-07,7.31349E-07,1.36260E-06,6.15421E-07,4.52072E-07,7.90174E-07,4.84071E-08,1.00198E-07
451 nm,0.00000E+00,0.00000E+00,5.68171E-08,5.09055E-07,0.00000E+00,6.61552E-07,1.13386E-06,2.87599E-07,1.46331E-06,5.39277E-07,0.00000E+00
452 nm,2.52201E-07,9.43456E-07,3.65586E-09,4.86890E-07,8.15927E-07,2.01493E-07,2.07276E-06,4.17997E-07,4.25171E-08,1.06389E-06,2.92989E-06
453 nm,4.81941E-07,7.16717E-07,7.15599E-08,8.88904E-08,1.07386E-06,8.40399E-08,3.39989E-07,1.38202E-06,9.36611E-07,1.10525E-06,0.00000E+00
454 nm,0.00000E+00,3.58266E-07,4.26345E-07,8.55697E-07,6.94900E-07,4.69149E-07,7.20436E-07,2.01134E-06,1.67696E-06,5.03677E-07,6.21853E-07
455 nm,3.24953E-07,6.56530E-07,0.00000E+00,7.43642E-07,1.09850E-06,1.06659E-06,1.13567E-06,1.24468E-06,8.90007E-07,1.52264E-06,1.55074E-06
456 nm,8.20093E-08,1.52904E-06,3.80406E-07,1.57347E-07,3.09237E-07,1.23360E-06,1.86354E-06,1.16635E-06,1.20905E-06,4.85430E-07,0.00000E+00
457 nm,2.62139E-07,8.07813E-07,1.04594E-06,6.94648E-07,8.65949E-07,2.17656E-06,1.02907E-06,2.24896E-06,2.38055E-06,7.49885E-07,1.88403E-06
458 nm,5.66637E-07,2.85142E-07,1.08555E-06,1.08982E-06,2.24463E-06,3.88020E-07,1.72928E-06,1.21711E-06,1.73844E-06,1.97399E-06,0.00000E+00
459 nm,3.16957E-07,1.15757E-06,1.08069E-06,8.84330E-07,2.28466E-06,5.07473E-07,9.24722E-07,1.58399E-06,1.15649E-06,8.61587E-07,6.35011E-07
460 nm,9.10910E-07,9.78947E-07,8.03269E-07,1.37272E-06,1.82347E-06,1.34428E-06,9.26675E-07,1.44096E-06,2.14192E-06,1.53601E-06,5.97610E-07
461 nm,8.93457E-07,5.13629E-07,1.47292E-06,5.65031E-07,1.33659E-06,1.70048E-06,1.49871E-06,2.22301E-06,1.97713E-06,1.86647E-06,7.71069E-07
462 nm,8.97912E-07,6.69044E-07,9.30271E-07,1.80083E-06,1.26860E-06,1.19054E-06,2.75183E-06,1.76406E-06,2.37536E-06,2.61675E-06,6.62254E-07
463 nm,6.10389E-07,9.33709E-07,1.83369E-06,1.29301E-06,1.52400E-06,7.38929E-07,1.88312E-06,2.44639E-06,2.41982E-06,3.95423E-06,0.00000E+00
464 nm,1.07986E-06,2.02325E-06,1.23478E-06,1.37565E-06,1.99680E-06,1.97355E-06,2.64815E-06,2.47242E-06,1.19127E-06,2.99666E-06,2.10783E-08
465 nm,7.58305E-07,1.29467E-06,1.36376E-06,1.97617E-06,1.80315E-06,2.72811E-06,2.30302E-06,3.30441E-06,3.55840E-06,2.59398E-06,5.22189E-08
466 nm,1.22793E-06,1.30587E-06,2.26277E-06,2.16206E-06,2.38822E-06,2.22746E-06,3.36154E-06,4.57964E-06,3.12267E-06,3.64128E-06,1.88833E-06
467 nm,8.67379E-07,1.72930E-06,1.32276E-06,1.47666E-06,1.91855E-06,2.64817E-06,3.61346E-06,3.10480E-06,4.29468E-06,4.71292E-06,2.12044E-06
468 nm,1.12495E-06,1.97633E-06,2.58129E-06,2.08106E-06,2.35499E-06,2.75254E-06,3.39485E-06,3.43362E-06,4.64754E-06,5.11282E-06,1.64162E-06
469 nm,1.12220E-06,1.55010E-06,2.42989E-06,2.91621E-06,3.60861E-06,4.12080E-06,3.95825E-06,5.40950E-06,5.70459E-06,5.48565E-06,1.94130E-07
470 nm,1.10956E-06,2.30551E-06,1.89542E-06,2.46969E-06,3.37703E-06,3.74240E-06,4.51293E-06,5.02494E-06,5.42969E-06,6.39708E-06,0.00000E+00
471 nm,1.17318E-06,2.21514E-06,2.94715E-06,2.95002E-06,4.18787E-06,5.22787E-06,5.96497E-06,6.18538E-06,5.47186E-06,7.98169E-06,2.08037E-06
472 nm,1.14046E-06,2.33728E-06,2.91141E-06,3.01408E-06,3.79656E-06,4.69149E-06,4.25917E-06,6.18913E-06,6.92268E-06,7.63452E-06,1.51742E-06
473 nm,1.69337E-06,2.01936E-06,2.78660E-06,3.52145E-06,5.76214E-06,4.50551E-06,6.56521E-06,6.87613E-06,6.99122E-06,7.69996E-06,0.00000E+00
474 nm,1.84990E-06,2.66103E-06,2.69695E-06,4.06487E-06,4.30536E-06,7.38838E-06,6.37385E-06,7.29268E-06,9.17917E-06,9.76269E-06,3.14738E-08
475 nm,1.45842E-06,2.43318E-06,3.99095E-06,5.22616E-06,5.28130E-06,7.10008E-06,6.64375E-06,7.67363E-06,8.61464E-06,9.93116E-06,1.27637E-06
476 nm,1.55606E-06,3.10819E-06,3.62928E-06,4.94405E-06,6.52046E-06,6.63657E-06,9.27832E-06,9.10733E-06,1.21617E-05,1.15066E-05,4.18899E-07
477 nm,1.90987E-06,3.00920E-06,4.33324E-06,5.39632E-06,7.15378E-06,8.51970E-06,9.22305E-06,1.11146E-05,1.19183E-05,1.36891E-05,1.98343E-09
478 nm,1.88686E-06,3.18997E-06,4.68056E-06,6.26856E-06,7.56638E-06,7.66149E-06,1.01749E-05,1.17786E-05,1.30023E-05,1.59187E-05,4.58808E-08
479 nm,2.05866E-06,3.90069E-06,5.23143E-06,6.87724E-06,9.11348E-06,1.00923E-05,1.23082E-05,1.31287E-05,1.44980E-05,1.64707E-05,1.72076E-06
480 nm,2.44065E-06,4.28171E-06,6.24032E-06,8.25383E-06,8.50214E-06,1.14813E-05,1.35893E-05,1.39619E-05,1.78719E-05,1.82713E-05,1.53592E-06
481 nm,2.68433E-06,5.05536E-06,6.77299E-06,9.05918E-06,9.82851E-06,1.23386E-05,1.44866E-05,1.63737E-05,1.80295E-05,2.14862E-05,9.58725E-07
482 nm,2.76330E-06,5.25816E-06,7.01385E-06,1.00094E-05,1.22249E-05,1.31190E-05,1.60945E-05,1.82914E-05,2.12865E-05,2.25353E-05,2.04354E-07
483 nm,2.85754E-06,5.31765E-06,8.94838E-06,1.04801E-05,1.28645E-05,1.57784E-05,1.87903E-05,2.01643E-05,2.27597E-05,2.49357E-05,7.42660E-07
484 nm,3.30951E-06,6.91101E-06,9.57382E-06,1.21759E-05,1.53320E-05,1.73458E-05,1.89957E-05,2.34165E-05,2.61112E-05,2.93601E-05,2.75439E-07
485 nm,3.64608E-06,6.54994E-06,1.01655E-05,1.36963E-05,1.74744E-05,1.84935E-05,2.21978E-05,2.61825E-05,2.86330E-05,3.16970E-05,1.27265E-06
486 nm,4.78388E-06,7.66466E-06,1.09486E-05,1.47494E-05,1.74698E-05,2.10684E-05,2.58448E-05,2.87032E-05,3.27500E-05,3.59345E-05,5.04842E-07
487 nm,4.23767E-06,8.31518E-06,1.22152E-05,1.67832E-05,2.13802E-05,2.49139E-05,2.80044E-05,3.15676E-05,3.63520E-05,3.99627E-05,9.89507E-08
488 nm,5.38285E-06,9.32933E-06,1.41598E-05,1.84372E-05,2.30862E-05,2.58965E-05,2.95742E-05,3.47614E-05,4.07341E-05,4.46840E-05,2.66947E-06
489 nm,5.69890E-06,1.01059E-05,1.51336E-05,2.05167E-05,2.53679E-05,2.96868E-05,3.40512E-05,3.87619E-05,4.37717E-05,4.99826E-05,5.01691E-07
490 nm,6.47255E-06,1.17658E-05,1.65706E-05,2.23852E-05,2.73653E-05,3.27795E-05,3.67455E-05,4.22282E-05,4.74745E-05,5.58640E-05,1.59914E-06
491 nm,6.83939E-06,1.30757E-05,1.90715E-05,2.49396E-05,2.99255E-05,3.67741E-05,4.30249E-05,4.84378E-05,5.45373E-05,6.04600E-05,1.03732E-07
492 nm,7.76214E-06,1.42539E-05,2.13151E-05,2.82745E-05,3.55886E-05,3.98359E-05,4.74614E-05,5.37551E-05,6.05526E-05,6.76770E-05,6.27566E-07
493 nm,8.14189E-06,1.61400E-05,2.40165E-05,3.16239E-05,3.77476E-05,4.52676E-05,5.28622E-05,5.91583E-05,6.85578E-05,7.43428E-05,6.32359E-07
494 nm,9.11642E-06,1.77749E-05,2.65596E-05,3.45201E-05,4.35355E-05,5.03050E-05,5.93648E-05,6.64139E-05,7.42426E-05,8.28616E-05,5.53133E-07
495 nm,1.04312E-05,1.93309E-05,2.87510E-05,3.85897E-05,4.86377E-05,5.51332E-05,6.40245E-05,7.40427E-05,8.31098E-05,9.11264E-05,0.00000E+00
496 nm,1.10345E-05,2.20540E-05,3.19554E-05,4.28251E-05,5.25991E-05,5.97952E-05,7.07640E-05,8.12530E-05,9.09419E-05,1.03887E-04,3.85497E-07
497 nm,1.27859E-05,2.43209E-05,3.57135E-05,4.61251E-05,5.79428E-05,6.87604E-05,7.85632E-05,9.05273E-05,1.01704E-04,1.13873E-04,1.85940E-06
498 nm,1.35092E-05,2.68857E-05,3.98166E-05,5.19900E-05,6.53475E-05,7.50297E-05,8.67919E-05,9.91475E-05,1.12615E-04,1.26457E-04,4.79192E-07
499 nm,1.53515E-05,2.89111E-05,4.43275E-05,5.69652E-05,7.12044E-05,8.13313E-05,9.38021E-05,1.10256E-04,1.22680E-04,1.37633E-04,5.02426E-07
500 nm,1.67501E-05,3.12327E-05,4.79050E-05,6.29980E-05,7.73286E-05,8.88780E-05,1.03614E-04,1.20224E-04,1.33688E-04,1.51300E-04,1.68283E-06
501 nm,1.85088E-05,3.47827E-05,5.33504E-05,6.80916E-05,8.58072E-05,9.87784E-05,1.13875E-04,1.29994E-04,1.49192E-04,1.64684E-04,0.00000E+00
502 nm,2.08239E-05,3.86631E-05,5.88757E-05,7.65632E-05,9.45999E-05,1.08160E-04,1.26730E-04,1.44316E-04,1.63203E-04,1.82934E-04,3.52287E-06
503 nm,2.23407E-05,4.21614E-05,6.31424E-05,8.26129E-05,1.02385E-04,1.18531E-04,1.39026E-04,1.58583E-04,1.78855E-04,2.00604E-04,0.00000E+00
504 nm,2.48130E-05,4.63366E-05,6.82638E-05,8.95333E-05,1.12561E-04,1.28574E-04,1.49230E-04,1.72718E-04,1.94542E-04,2.18786E-04,1.66180E-06
505 nm,2.64116E-05,4.99227E-05,7.44175E-05,9.74271E-05,1.20308E-04,1.39208E-04,1.61060E-04,1.88230E-04,2.10945E-04,2.33290E-04,1.65294E-06
506 nm,2.75814E-05,5.40629E-05,8.07733E-05,1.04942E-04,1.31135E-04,1.50654E-04,1.74221E-04,1.99187E-04,2.26485E-04,2.54590E-04,2.03791E-06
507 nm,3.00081E-05,5.68065E-05,8.63993E-05,1.12544E-04,1.38764E-04,1.61181E-04,1.86940E-04,2.16804E-04,2.42599E-04,2.70586E-04,2.19176E-06
508 nm,3.20504E-05,6.09589E-05,9.21937E-05,1.19215E-04,1.48936E-04,1.71432E-04,1.98856E-04,2.27651E-04,2.56735E-04,2.86763E-04,9.51961E-07
509 nm,3.38006E-05,6.42094E-05,9.67990E-05,1.25481E-04,1.56128E-04,1.81451E-04,2.09986E-04,2.41997E-04,2.72132E-04,3.01236E-04,9.33792E-07
510 nm,3.56213E-05,6.71856E-05,1.00897E-04,1.31356E-04,1.63477E-04,1.89774E-04,2.19213E-04,2.54103E-04,2.86938E-04,3.18310E-04,1.78264E-06
511 nm,3.69717E-05,6.99641E-05,1.03820E-04,1.38085E-04,1.71810E-04,1.98341E-04,2.27690E-04,2.62977E-04,2.98050E-04,3.30886E-04,1.84038E-06
512 nm,3.83154E-05,7.31650E-05,1.09397E-04,1.42113E-04,1.76637E-04,2.04641E-04,2.36922E-04,2.75062E-04,3.05980E-04,3.42096E-04,1.58765E-06
513 nm,3.93075E-05,7.45538E-05,1.12982E-04,1.45885E-04,1.82347E-04,2.09954E-04,2.44254E-04,2.78038E-04,3.15017E-04,3.50390E-04,1.98511E-06
514 nm,3.97495E-05,7.63068E-05,1.15071E-04,1.49676E-04,1.85677E-04,2.15100E-04,2.47213E-04,2.84357E-04,3.20213E-04,3.57522E-04,1.15822E-06
515 nm,4.06248E-05,7.77296E-05,1.18079E-04,1.52321E-04,1.88296E-04,2.17966E-04,2.53550E-04,2.89517E-04,3.23668E-04,3.65424E-04,1.15372E-06
516 nm,4.10631E-05,7.89957E-05,1.18753E-04,1.53214E-04,1.92307E-04,2.21575E-04,2.54548E-04,2.94380E-04,3.28439E-04,3.67784E-04,2.26816E-06
517 nm,4.20418E-05,7.86131E-05,1.18793E-04,1.53849E-04,1.91645E-04,2.20569E-04,2.58863E-04,2.97584E-04,3.33383E-04,3.70549E-04,3.25515E-06
518 nm,4.19757E-05,7.94108E-05,1.18886E-04,1.52287E-04,1.90743E-04,2.21823E-04,2.56715E-04,2.96447E-04,3.32259E-04,3.71908E-04,2.26876E-06
519 nm,4.11483E-05,7.97366E-05,1.17634E-04,1.54701E-04,1.92853E-04,2.20241E-04,2.57355E-04,2.92457E-04,3.32096E-04,3.67501E-04,1.28417E-06
520 nm,4.10934E-05,7.72953E-05,1.18862E-04,1.51808E-04,1.89732E-04,2.18640E-04,2.51018E-04,2.90938E-04,3.29019E-04,3.63132E-04,2.35535E-06
521 nm,3.98667E-05,7.59507E-05,1.14215E-04,1.47206E-04,1.87163E-04,2.11822E-04,2.46836E-04,2.84951E-04,3.18052E-04,3.55261E-04,9.06291E-07
522 nm,3.93978E-05,7.38956E-05,1.12512E-04,1.44416E-04,1.78274E-04,2.10255E-04,2.42359E-04,2.77649E-04,3.13245E-04,3.49219E-04,1.54238E-06
523 nm,3.75982E-05,7.21311E-05,1.08105E-04,1.39546E-04,1.74823E-04,2.03156E-04,2.36232E-04,2.68627E-04,3.01447E-04,3.38721E-04,1.83112E-06
524 nm,3.70963E-05,7.01365E-05,1.04408E-04,1.34772E-04,1.67564E-04,1.94449E-04,2.24408E-04,2.60386E-04,2.90960E-04,3.27583E-04,2.42147E-06
525 nm,3.47682E-05,6.66073E-05,9.96564E-05,1.30638E-04,1.61144E-04,1.88524E-04,2.16685E-04,2.51426E-04,2.84031E-04,3.15263E-04,2.02428E-07
526 nm,3.38130E-05,6.32909E-05,9.58421E-05,1.24513E-04,1.53950E-04,1.79879E-04,2.07760E-04,2.39439E-04,2.67382E-04,2.99443E-04,2.45623E-06
527 nm,3.15079E-05,6.03085E-05,9.08528E-05,1.17058E-04,1.46644E-04,1.70696E-04,1.98218E-04,2.27051E-04,2.57872E-04,2.88301E-04,6.91729E-07
528 nm,3.05572E-05,5.76754E-05,8.69137E-05,1.13072E-04,1.40927E-04,1.63951E-04,1.89007E-04,2.19627E-04,2.46078E-04,2.73739E-04,0.00000E+00
529 nm,2.89980E-05,5.58076E-05,8.31294E-05,1.07070E-04,1.33768E-04,1.56273E-04,1.79608E-04,2.07904E-04,2.30659E-04,2.60191E-04,2.99060E-07
530 nm,2.81703E-05,5.22995E-05,7.99500E-05,1.01927E-04,1.29497E-04,1.48246E-04,1.74257E-04,1.96502E-04,2.24343E-04,2.50190E-04,2.14440E-06
531 nm,2.67827E-05,5.11368E-05,7.57388E-05,9.80307E-05,1.23121E-04,1.42370E-04,1.64681E-04,1.90037E-04,2.13352E-04,2.37613E-04,1.00779E-06
532 nm,2.51740E-05,4.77617E-05,7.18624E-05,9.28343E-05,1.17529E-04,1.35544E-04,1.55726E-04,1.80262E-04,2.02969E-04,2.27339E-04,2.19141E-06
533 nm,2.41152E-05,4.66249E-05,6.96232E-05,8.93224E-05,1.10225E-04,1.29919E-04,1.50822E-04,1.70701E-04,1.92765E-04,2.16322E-04,1.03791E-06
534 nm,2.36927E-05,4.41059E-05,6.60693E-05,8.47517E-05,1.04557E-04,1.23715E-04,1.42604E-04,1.64832E-04,1.84083E-04,2.06438E-04,1.15095E-06
535 nm,2.18875E-05,4.16867E-05,6.13228E-05,8.13428E-05,1.02021E-04,1.18689E-04,1.37092E-04,1.56350E-04,1.78358E-04,1.96357E-04,2.67776E-07
536 nm,2.08606E-05,3.93592E-05,5.96315E-05,7.62183E-05,9.60165E-05,1.12407E-04,1.28524E-04,1.48785E-04,1.65746E-04,1.86863E-04,1.27270E-06
537 nm,1.98586E-05,3.75834E-05,5.63387E-05,7.24963E-05,9.08331E-05,1.06490E-04,1.22152E-04,1.39910E-04,1.58264E-04,1.78632E-04,1.66447E-06
538 nm,1.86720E-05,3.53624E-05,5.27061E-05,6.89890E-05,8.68686E-05,1.00206E-04,1.15554E-04,1.33913E-04,1.49598E-04,1.66900E-04,5.73735E-07
539 nm,1.77909E-05,3.30514E-05,5.10142E-05,6.40513E-05,8.09406E-05,9.47351E-05,1.06627E-04,1.24673E-04,1.41539E-04,1.57794E-04,0.00000E+00
540 nm,1.66628E-05,3.07304E-05,4.59600E-05,6.13962E-05,7.60277E-05,8.79532E-05,1.02674E-04,1.18132E-04,1.32895E-04,1.48369E-04,2.58234E-06
541 nm,1.57757E-05,2.99896E-05,4.42556E-05,5.74516E-05,7.09919E-05,8.44702E-05,9.70443E-05,1.09708E-04,1.25536E-04,1.39108E-04,1.29922E-06
542 nm,1.44780E-05,2.73834E-05,4.10584E-05,5.27749E-05,6.68923E-05,7.86118E-05,8.90387E-05,1.04791E-04,1.16524E-04,1.29508E-04,1.30542E-07
543 nm,1.38285E-05,2.64366E-05,3.94100E-05,5.01489E-05,6.29819E-05,7.43881E-05,8.54098E-05,9.75116E-05,1.10339E-04,1.21749E-04,1.23252E-06
544 nm,1.30477E-05,2.39521E-05,3.66058E-05,4.71731E-05,5.73490E-05,6.80371E-05,7.88328E-05,9.14888E-05,1.02667E-04,1.14925E-04,4.13517E-09
545 nm,1.19862E-05,2.29272E-05,3.45186E-05,4.40359E-05,5.53390E-05,6.34167E-05,7.37810E-05,8.46707E-05,9.71529E-05,1.07219E-04,1.20194E-06
546 nm,1.09736E-05,2.13846E-05,3.18211E-05,4.14402E-05,5.19322E-05,5.99712E-05,7.00709E-05,7.97031E-05,9.05295E-05,1.00173E-04,1.25869E-08
547 nm,1.05698E-05,1.97936E-05,2.99160E-05,3.93084E-05,4.78844E-05,5.68966E-05,6.49563E-05,7.56164E-05,8.49973E-05,9.45931E-05,1.81484E-07
548 nm,1.00165E-05,1.88507E-05,2.77346E-05,3.60855E-05,4.65865E-05,5.20256E-05,6.07736E-05,7.16840E-05,7.94461E-05,8.84211E-05,3.58085E-07
549 nm,9.18565E-06,1.74211E-05,2.63758E-05,3.34194E-05,4.17370E-05,5.07545E-05,5.59737E-05,6.52905E-05,7.37471E-05,8.18413E-05,5.86680E-08
550 nm,8.19967E-06,1.68270E-05,2.41023E-05,3.15783E-05,3.99809E-05,4.74602E-05,5.36018E-05,6.06797E-05,6.88828E-05,7.92922E-05,1.49591E-06
551 nm,7.96129E-06,1.54774E-05,2.25512E-05,2.98499E-05,3.78225E-05,4.36376E-05,5.01290E-05,5.79935E-05,6.59644E-05,7.23629E-05,4.69289E-07
552 nm,7.48779E-06,1.39255E-05,2.14306E-05,2.81443E-05,3.44027E-05,4.02158E-05,4.77914E-05,5.34530E-05,6.15592E-05,6.80187E-05,5.02884E-08
553 nm,7.29776E-06,1.34935E-05,1.99461E-05,2.51261E-05,3.27702E-05,3.78025E-05,4.41628E-05,5.03795E-05,5.69283E-05,6.37908E-05,0.00000E+00
554 nm,6.44985E-06,1.25805E-05,1.84117E-05,2.44423E-05,3.08279E-05,3.57333E-05,4.15541E-05,4.79025E-05,5.24419E-05,6.10632E-05,3.37300E-06
555 nm,6.34136E-06,1.12936E-05,1.74214E-05,2.29019E-05,2.83558E-05,3.27774E-05,3.90116E-05,4.43946E-05,5.06087E-05,5.49701E-05,6.00688E-07
556 nm,5.86451E-06,1.08115E-05,1.66488E-05,2.12812E-05,2.67223E-05,3.13748E-05,3.61669E-05,4.10688E-05,4.60174E-05,4.99916E-05,0.00000E+00
557 nm,5.61448E-06,9.91685E-06,1.56861E-05,1.98153E-05,2.41863E-05,2.90613E-05,3.40474E-05,3.86396E-05,4.35332E-05,4.75691E-05,1.19249E-06
558 nm,5.29826E-06,9.92177E-06,1.40347E-05,1.89975E-05,2.35587E-05,2.70291E-05,3.22559E-05,3.55170E-05,4.12190E-05,4.42549E-05,2.19939E-07
559 nm,4.76603E-06,8.76318E-06,1.39340E-05,1.71637E-05,2.11150E-05,2.61592E-05,2.77339E-05,3.41553E-05,3.82615E-05,4.32007E-05,6.12178E-07
560 nm,4.69950E-06,8.02963E-06,1.24717E-05,1.71769E-05,2.15421E-05,2.47429E-05,2.71415E-05,3.11855E-05,3.59115E-05,4.01369E-05,0.00000E+00
561 nm,4.02548E-06,8.10917E-06,1.20207E-05,1.49477E-05,1.83195E-05,2.22590E-05,2.42242E-05,3.01004E-05,3.30381E-05,3.65185E-05,0.00000E+00
562 nm,3.88847E-06,7.22698E-06,1.03180E-05,1.42554E-05,1.84106E-05,2.07755E-05,2.39356E-05,2.64474E-05,3.14316E-05,3.43588E-05,1.44585E-06
563 nm,3.58064E-06,7.49165E-06,1.06229E-05,1.29899E-05,1.66979E-05,1.94360E-05,2.15859E-05,2.63215E-05,2.87747E-05,3.42159E-05,0.00000E+00
564 nm,3.57085E-06,6.47769E-06,9.56901E-06,1.25602E-05,1.63646E-05,1.82299E-05,2.06602E-05,2.41987E-05,2.68490E-05,3.01756E-05,4.59484E-08
565 nm,3.49678E-06,6.51916E-06,9.78765E-06,1.13921E-05,1.40149E-05,1.70733E-05,2.01013E-05,2.39103E-05,2.47131E-05,2.90399E-05,1.11361E-08
566 nm,2.84155E-06,5.67931E-06,8.66525E-06,1.17026E-05,1.37326E-05,1.61415E-05,1.87969E-05,2.20072E-05,2.45075E-05,2.65316E-05,2.64302E-07
567 nm,2.83983E-06,5.36787E-06,7.25992E-06,1.08389E-05,1.23276E-05,1.45857E-05,1.77456E-05,2.01418E-05,2.31811E-05,2.61798E-05,1.03679E-08
568 nm,2.65491E-06,4.98733E-06,7.42563E-06,9.45050E-06,1.10444E-05,1.40883E-05,1.50751E-05,1.91398E-05,2.08032E-05,2.39912E-05,1.35616E-07
569 nm,2.71406E-06,4.78580E-06,7.60923E-06,9.49639E-06,1.14225E-05,1.29820E-05,1.45439E-05,1.74759E-05,2.02753E-05,2.24193E-05,0.00000E+00
570 nm,2.48106E-06,4.33304E-06,6.72761E-06,8.05100E-06,1.00719E-05,1.17891E-05,1.32926E-05,1.70408E-05,1.80420E-05,2.08324E-05,1.42278E-07
571 nm,1.88930E-06,3.56116E-06,6.54787E-06,7.83101E-06,1.02158E-05,1.10827E-05,1.36733E-05,1.45314E-05,1.69602E-05,1.87249E-05,6.82773E-07
572 nm,1.97689E-06,3.66061E-06,5.25317E-06,6.86229E-06,9.07144E-06,1.09033E-05,1.10646E-05,1.33137E-05,1.51780E-05,1.80680E-05,1.99620E-06
573 nm,1.80665E-06,3.67669E-06,5.28629E-06,6.54179E-06,9.04699E-06,9.56500E-06,1.16524E-05,1.28442E-05,1.52900E-05,1.60927E-05,1.15021E-06
574 nm,1.96111E-06,3.12906E-06,5.46181E-06,6.76462E-06,8.46838E-06,8.23002E-06,1.06124E-05,1.21084E-05,1.36118E-05,1.42519E-05,0.00000E+00
575 nm,1.50583E-06,2.98308E-06,4.20899E-06,5.61713E-06,7.28740E-06,8.00928E-06,9.26053E-06,1.07498E-05,1.21274E-05,1.53465E-05,1.04054E-06
576 nm,1.84529E-06,2.55093E-06,3.84441E-06,6.12191E-06,6.25668E-06,8.17346E-06,9.49494E-06,1.08235E-05,1.12485E-05,1.32296E-05,2.17730E-06
577 nm,1.34489E-06,2.46057E-06,4.13133E-06,5.17822E-06,5.58431E-06,6.79273E-06,8.86517E-06,1.00633E-05,1.02944E-05,1.28622E-05,0.00000E+00
578 nm,1.42856E-06,2.45025E-06,3.61432E-06,4.50901E-06,5.76123E-06,8.01494E-06,7.33007E-06,8.69826E-06,1.04362E-05,1.15378E-05,4.89184E-07
579 nm,1.15506E-06,2.00114E-06,3.79210E-06,4.10591E-06,5.07469E-06,6.44697E-06,7.68992E-06,9.17021E-06,9.93841E-06,1.00307E-05,9.94548E-07
580 nm,1.49058E-06,2.35084E-06,2.70704E-06,4.75658E-06,6.34448E-06,5.94912E-06,6.48160E-06,8.27700E-06,9.11841E-06,1.06323E-05,2.58504E-07
581 nm,1.18270E-06,2.56940E-06,3.44980E-06,3.89007E-06,4.10128E-06,6.03533E-06,6.31961E-06,7.87717E-06,7.87484E-06,9.50263E-06,0.00000E+00
582 nm,8.62145E-07,1.84472E-06,2.69059E-06,4.06681E-06,4.80807E-06,4.96178E-06,6.59388E-06,7.09327E-06,9.00092E-06,8.96364E-06,1.48042E-06
583 nm,1.02929E-06,1.77652E-06,2.74929E-06,3.49386E-06,5.51187E-06,5.00990E-06,5.87438E-06,6.75801E-06,8.51413E-06,8.84394E-06,8.86007E-07
584 nm,1.04103E-06,1.35821E-06,2.76180E-06,3.64255E-06,3.65243E-06,5.34645E-06,5.20781E-06,6.37859E-06,7.77425E-06,8.06956E-06,0.00000E+00
585 nm,1.67354E-07,1.24036E-06,1.42482E-06,3.06677E-06,4.16368E-06,4.33357E-06,5.48062E-06,5.84187E-06,6.35940E-06,7.46788E-06,0.00000E+00
586 nm,6.68244E-07,1.51019E-06,2.62400E-06,2.77566E-06,3.22623E-06,4.54982E-06,5.10227E-06,5.81539E-06,6.42829E-06,7.94745E-06,5.14954E-07
587 nm,6.56824E-07,1.60495E-06,1.97352E-06,2.44002E-06,2.95915E-06,3.25044E-06,5.92381E-06,5.17502E-06,5.90112E-06,5.71693E-06,5.74370E-07
588 nm,7.64912E-07,1.77142E-06,1.78221E-06,1.71461E-06,3.36038E-06,4.06865E-06,3.67284E-06,4.35127E-06,4.83122E-06,5.58038E-06,8.48003E-07
589 nm,2.86519E-07,1.12688E-06,1.82993E-06,2.30287E-06,3.27822E-06,3.49355E-06,4.00322E-06,4.83906E-06,4.73866E-06,5.91421E-06,0.00000E+00
590 nm,5.95496E-07,1.12212E-06,1.47606E-06,2.37501E-06,1.65367E-06,2.67930E-06,3.67562E-06,3.31016E-06,4.85784E-06,5.66889E-06,5.80883E-07
591 nm,7.16007E-07,5.93543E-07,1.89238E-06,2.21261E-06,3.31405E-06,3.12702E-06,3.90664E-06,3.45367E-06,4.05580E-06,4.15821E-06,1.29068E-06
592 nm,6.73269E-07,1.18919E-06,1.71236E-06,1.96615E-06,2.59376E-06,2.78488E-06,3.19574E-06,3.50329E-06,4.27635E-06,4.43908E-06,1.06670E-07
593 nm,4.49532E-07,5.64045E-07,9.37517E-07,1.45586E-06,2.78733E-06,2.43306E-06,2.73143E-06,2.84864E-06,3.63774E-06,4.40544E-06,1.18717E-07
594 nm,2.64661E-07,9.70765E-07,1.32816E-06,1.59234E-06,2.23627E-06,2.15040E-06,3.43921E-06,2.63963E-06,4.07093E-06,4.28800E-06,1.10047E-06
595 nm,8.30289E-07,3.11266E-07,1.08781E-06,1.10991E-06,1.99456E-06,1.96969E-06,2.61736E-06,2.92887E-06,3.13122E-06,3.73378E-06,1.76618E-07
596 nm,4.07679E-07,1.05394E-06,6.44995E-07,1.52643E-06,1.50079E-06,2.78736E-06,2.31098E-06,2.62827E-06,3.05638E-06,3.85479E-06,0.00000E+00
597 nm,3.11103E-07,6.62590E-07,1.11910E-06,9.16593E-07,1.75374E-06,2.11119E-06,3.16895E-06,2.68536E-06,2.70411E-06,4.16678E-06,1.18051E-06
598 nm,1.22374E-07,8.81135E-07,8.23516E-07,9.06079E-07,1.11852E-06,2.06927E-06,2.31616E-06,2.07764E-06,2.88151E-06,4.75680E-06,9.82162E-07
599 nm,5.67947E-07,9.34752E-07,9.84225E-07,1.18030E-06,2.32199E-06,1.63765E-06,1.31067E-06,2.08428E-06,2.87157E-06,2.58233E-06,2.58211E-06
600 nm,2.12175E-07,5.06843E-07,1.07851E-06,3.58472E-07,1.67073E-06,2.28394E-06,2.04669E-06,2.53657E-06,2.34912E-06,2.37920E-06,0.00000E+00
601 nm,2.10205E-07,7.17024E-07,8.33853E-07,8.83537E-07,1.36539E-06,1.73583E-06,1.57244E-06,2.19840E-06,1.60687E-06,2.56180E-06,8.29046E-07
602 nm,2.83184E-07,4.83720E-07,1.20522E-06,8.27227E-07,7.86418E-07,1.25933E-06,6.97472E-07,1.52751E-06,2.35187E-06,3.26860E-06,1.04859E-08
603 nm,4.01090E-07,5.94122E-07,8.62365E-07,8.57552E-07,1.42907E-06,1.04231E-06,8.90903E-07,1.46883E-06,2.48045E-06,1.88463E-06,4.31119E-07
604 nm,9.85539E-08,7.75099E-09,5.60870E-07,1.13444E-06,1.10920E-06,1.35218E-06,8.65376E-07,1.68821E-06,7.10350E-07,2.06504E-06,0.00000E+00
605 nm,4.84487E-07,6.28504E-07,8.36697E-07,6.66809E-07,1.45571E-06,3.45853E-07,1.68482E-06,1.80855E-06,1.96116E-06,2.72636E-06,2.16044E-08
606 nm,3.65417E-07,1.63070E-07,5.17367E-07,6.87105E-07,1.22822E-06,9.14057E-07,1.68625E-06,1.39257E-06,2.62684E-06,2.89646E-06,0.00000E+00
607 nm,3.37525E-07,5.46409E-07,1.81049E-06,5.95808E-07,1.53285E-06,9.84596E-07,7.96313E-07,5.36239E-07,1.65970E-06,2.46709E-06,4.94991E-07
608 nm,0.00000E+00,4.95927E-07,5.88235E-07,3.49406E-07,8.45051E-08,2.28915E-07,1.61453E-06,1.62641E-06,1.82992E-06,1.77690E-06,1.96730E-06
609 nm,2.86268E-07,7.72979E-07,4.47563E-07,2.20388E-07,6.32718E-07,2.08097E-06,2.16868E-06,1.27747E-06,1.92963E-06,1.68403E-06,7.06773E-07
610 nm,1.76308E-07,7.81677E-07,5.21675E-07,5.32574E-07,1.40869E-06,5.33967E-07,7.36418E-07,5.47106E-07,1.18582E-06,1.49633E-06,1.13430E-06
611 nm,6.22753E-08,5.24130E-07,4.63557E-07,9.68739E-07,1.41344E-06,9.95286E-07,1.19786E-06,9.88921E-07,4.15687E-07,1.10398E-06,0.00000E+00
612 nm,3.52681E-07,1.26435E-07,5.66009E-07,4.44139E-07,1.90436E-06,2.78689E-07,8.70806E-07,1.18164E-06,1.33845E-06,1.52423E-06,3.20676E-07
613 nm,0.00000E+00,6.66099E-07,0.00000E+00,5.44453E-07,1.24630E-06,9.22168E-07,1.04256E-06,1.21460E-06,1.22484E-06,6.71089E-07,2.57065E-09
614 nm,2.30930E-07,2.73607E-07,6.93692E-07,9.93150E-07,3.35689E-07,5.32654E-07,3.42082E-07,6.44097E-08,1.55643E-06,1.79736E-06,0.00000E+00
615 nm,1.41399E-07,4.19205E-07,1.30135E-06,4.01887E-07,6.89344E-07,1.75768E-07,9.40788E-07,4.97097E-07,6.65064E-07,1.38281E-06,6.42020E-07
616 nm,7.22594E-09,1.08949E-07,1.06887E-06,1.33350E-06,9.05051E-07,1.07957E-06,9.76714E-07,5.60671E-07,7.02573E-07,1.53461E-06,3.50209E-07
617 nm,4.35546E-07,2.98371E-07,2.56281E-07,1.17414E-07,5.37569E-07,6.35072E-08,8.67475E-07,1.08708E-06,9.26208E-07,8.88093E-07,2.27123E-06
618 nm,4.19200E-07,5.06959E-07,6.53696E-07,5.19455E-07,9.59267E-07,6.23618E-08,5.68376E-07,5.21322E-07,5.82199E-07,1.82062E-07,7.26616E-07
619 nm,3.93029E-08,5.15770E-07,1.52980E-07,2.67897E-07,1.32091E-06,7.07051E-07,1.05117E-06,1.25543E-06,4.69592E-07,1.01688E-06,9.50731E-07
620 nm,4.61265E-08,1.78071E-07,6.51742E-07,6.65380E-07,0.00000E+00,2.54452E-07,1.19870E-06,3.56908E-07,8.12695E-07,1.02018E-06,1.15130E-06
621 nm,2.28771E-07,2.19409E-07,5.79812E-07,1.27582E-07,3.86964E-07,4.28020E-07,6.30170E-07,7.72802E-07,1.35655E-06,3.43971E-07,0.00000E+00
622 nm,2.79198E-07,0.00000E+00,1.16135E-08,1.45808E-07,4.28020E-07,4.32314E-07,3.40761E-07,1.11404E-06,2.44712E-07,1.35395E-06,3.83229E-09
623 nm,1.16287E-07,3.29688E-08,9.30352E-07,5.93236E-07,5.99819E-07,4.70729E-07,1.14998E-06,1.73805E-06,1.13368E-06,4.23540E-07,3.89086E-08
624 nm,2.74853E-07,2.60820E-07,2.75708E-07,5.54984E-07,7.77348E-07,2.85267E-07,4.95280E-07,7.86224E-07,3.98066E-07,1.38386E-07,3.77921E-07
625 nm,2.11464E-07,8.56740E-08,0.00000E+00,2.85482E-07,1.33016E-06,3.71069E-07,0.00000E+00,8.55094E-07,7.10863E-07,1.34508E-06,6.17232E-07
626 nm,6.32890E-08,0.00000E+00,0.00000E+00,6.16014E-07,2.81629E-07,0.00000E+00,5.07983E-07,2.46408E-07,1.21466E-06,2.51212E-07,3.39001E-08
627 nm,1.49880E-08,3.64233E-07,2.29239E-07,1.94554E-07,5.37226E-07,1.14270E-06,1.02605E-07,1.33587E-06,1.30004E-06,6.93195E-07,1.76003E-07
628 nm,2.58619E-08,2.78689E-07,0.00000E+00,1.07518E-07,2.14581E-07,3.63694E-07,2.78218E-07,0.00000E+00,6.43481E-07,8.49544E-07,6.93403E-07
629 nm,1.71474E-07,6.04474E-07,2.49100E-07,6.38705E-08,3.69390E-07,4.45704E-07,0.00000E+00,5.64329E-07,5.19749E-07,8.89004E-07,4.76514E-07
630 nm,5.69344E-07,3.98661E-07,2.41292E-07,3.71166E-07,0.00000E+00,8.14491E-08,1.10721E-06,1.07343E-07,5.24482E-07,3.34334E-07,1.67963E-07
631 nm,0.00000E+00,0.00000E+00,1.71669E-07,8.81096E-08,8.83023E-07,1.24548E-08,0.00000E+00,5.62621E-07,9.11641E-07,1.92486E-08,2.75099E-08
632 nm,1.57010E-07,7.87917E-11,3.86113E-08,4.05264E-07,1.43351E-07,2.95394E-07,2.57797E-07,0.00000E+00,4.46993E-07,3.02085E-07,6.08160E-07
633 nm,2.67498E-07,2.27106E-08,1.32441E-07,1.18069E-07,4.60209E-07,1.60486E-08,3.85771E-07,2.59482E-08,3.20035E-07,3.07503E-07,1.28927E-06
634 nm,5.18091E-08,1.45043E-08,0.00000E+00,2.51322E-07,0.00000E+00,6.35346E-07,1.57156E-07,0.00000E+00,3.11945E-07,1.56029E-06,6.52092E-07
635 nm,2.48821E-07,0.00000E+00,2.56974E-07,1.93926E-07,4.54568E-07,2.01175E-07,2.51458E-07,2.84527E-07,0.00000E+00,6.16477E-08,6.83956E-07
636 nm,3.88159E-08,7.05364E-08,2.99890E-08,3.36764E-07,0.00000E+00,9.82404E-07,3.82578E-07,0.00000E+00,6.46118E-07,9.29329E-08,0.00000E+00
637 nm,2.66209E-07,6.93783E-08,1.99426E-07,0.00000E+00,2.38896E-08,2.77579E-07,0.00000E+00,2.44667E-08,1.56636E-07,4.75159E-07,2.96933E-08
638 nm,0.00000E+00,2.50755E-07,1.65921E-07,3.00693E-08,4.30874E-07,3.24473E-07,2.87154E-07,1.80684E-07,6.85799E-07,7.46996E-07,3.42787E-08
639 nm,2.36259E-08,1.02937E-07,3.01613E-07,3.45386E-09,5.20739E-07,2.43754E-07,5.17825E-08,8.21609E-08,1.07469E-06,5.14166E-08,7.24222E-07
640 nm,3.30764E-07,3.91367E-09,5.24108E-07,2.67317E-11,0.00000E+00,1.51741E-07,0.00000E+00,4.81505E-07,3.68754E-07,5.89660E-07,0.00000E+00
641 nm,4.81562E-08,1.19485E-08,3.70358E-07,2.11045E-08,1.81701E-07,1.76644E-07,1.72200E-07,1.48724E-07,3.31235E-07,5.70398E-08,2.52692E-08
642 nm,1.18921E-07,1.56975E-07,3.57225E-07,3.17280E-07,6.05353E-07,1.84535E-07,8.84033E-07,6.58016E-07,5.07130E-07,7.96845E-07,3.02358E-08
643 nm,2.35060E-07,0.00000E+00,3.13296E-08,9.52623E-08,6.30447E-07,5.16392E-07,1.14565E-07,8.62664E-09,6.00181E-07,4.99094E-07,1.86800E-07
644 nm,5.35943E-09,7.85081E-07,2.76847E-09,3.36486E-08,8.09355E-09,8.45496E-08,3.71978E-07,2.31693E-07,2.70578E-07,4.38930E-07,7.81714E-09
645 nm,3.43236E-08,1.15377E-07,1.21770E-07,5.27717E-07,3.00651E-07,8.69222E-07,2.48537E-07,3.37989E-07,3.62275E-07,5.20508E-07,1.02456E-08
646 nm,1.23869E-07,3.37486E-07,7.57945E-07,2.86704E-07,6.38129E-08,1.86359E-10,2.86199E-07,1.06504E-06,1.11640E-06,0.00000E+00,0.00000E+00
647 nm,1.45398E-07,0.00000E+00,3.51018E-07,0.00000E+00,5.75888E-07,1.18168E-07,4.44627E-07,4.09136E-07,5.32955E-07,6.54666E-07,4.17072E-08
648 nm,0.00000E+00,4.65022E-08,1.30676E-08,0.00000E+00,4.45275E-08,5.81294E-09,6.95025E-07,3.16060E-07,0.00000E+00,1.02999E-06,0.00000E+00
649 nm,1.12329E-07,0.00000E+00,1.96178E-07,3.64373E-07,5.49448E-07,1.60285E-07,3.61683E-08,2.05897E-07,7.54406E-09,4.47450E-09,9.96681E-07
650 nm,1.94542E-07,1.18188E-07,2.96451E-07,7.93719E-07,0.00000E+00,5.99373E-07,1.43411E-07,5.11365E-07,0.00000E+00,0.00000E+00,0.00000E+00
651 nm,3.58019E-07,4.26745E-07,0.00000E+00,1.62094E-07,6.43989E-07,6.14318E-07,3.30381E-08,3.31323E-07,6.75930E-07,7.16977E-07,1.45418E-07
652 nm,5.79761E-08,5.27367E-08,0.00000E+00,4.49181E-08,7.97940E-07,2.51442E-07,8.45316E-07,1.48402E-07,1.41069E-07,5.48674E-07,1.00157E-06
653 nm,1.01900E-07,1.41235E-09,4.88295E-07,7.06950E-07,0.00000E+00,5.00117E-09,5.38879E-07,3.67724E-09,6.70669E-07,6.84952E-07,1.47826E-06
654 nm,0.00000E+00,0.00000E+00,1.35702E-08,3.33637E-07,4.91970E-08,5.50154E-08,3.92553E-07,2.12214E-07,0.00000E+00,6.42667E-07,0.00000E+00
655 nm,0.00000E+00,2.62717E-07,4.78264E-07,6.07167E-08,8.44289E-08,0.00000E+00,0.00000E+00,3.15713E-07,3.60047E-07,1.12187E-06,4.25322E-08
656 nm,1.28244E-07,3.82145E-07,9.68438E-08,0.00000E+00,0.00000E+00,3.00257E-07,2.40710E-08,0.00000E+00,5.68065E-08,0.00000E+00,1.22341E-07
657 nm,4.93518E-07,7.70634E-09,0.00000E+00,3.70642E-07,6.38250E-10,2.38599E-08,0.00000E+00,6.39766E-07,0.00000E+00,1.66393E-08,1.12583E-06
658 nm,0.00000E+00,2.16586E-09,4.15859E-08,0.00000E+00,0.00000E+00,3.79235E-07,4.71762E-07,3.19319E-07,0.00000E+00,7.25991E-08,0.00000E+00
659 nm,9.05527E-08,7.51538E-09,2.89712E-07,4.05035E-08,1.12391E-07,5.37929E-07,7.54425E-07,3.41407E-07,2.70110E-07,6.86599E-07,2.88377E-07
660 nm,0.00000E+00,0.00000E+00,1.99807E-08,1.70133E-07,9.05310E-07,6.93626E-07,3.48760E-07,0.00000E+00,6.29057E-07,1.39372E-07,3.19913E-07
661 nm,0.00000E+00,3.29563E-07,0.00000E+00,9.82923E-08,5.67379E-07,7.01923E-07,4.84402E-07,0.00000E+00,3.46113E-07,5.95647E-07,0.00000E+00
662 nm,2.09554E-07,2.70980E-07,0.00000E+00,2.97343E-08,2.68515E-08,6.13456E-10,7.03562E-07,2.32782E-07,2.61059E-07,5.76913E-07,1.17156E-06
663 nm,2.02101E-07,5.09996E-08,1.06255E-07,2.31711E-07,5.19434E-07,3.89916E-07,4.42902E-07,0.00000E+00,6.59341E-08,3.63365E-07,0.00000E+00
664 nm,1.80827E-07,1.41334E-07,1.43883E-07,5.89266E-07,0.00000E+00,4.54464E-07,7.50194E-07,0.00000E+00,2.93185E-07,1.18215E-06,3.25451E-08
665 nm,7.99926E-09,0.00000E+00,2.12407E-07,1.81345E-07,5.55424E-09,5.67459E-08,7.73699E-07,1.20333E-06,1.30864E-07,2.19505E-07,2.03166E-08
666 nm,0.00000E+00,7.83574E-10,1.63226E-08,4.30294E-07,2.32950E-07,6.80140E-10,1.91784E-07,2.51129E-08,0.00000E+00,6.11785E-07,0.00000E+00
667 nm,1.26697E-07,4.43599E-09,5.26727E-09,1.74474E-08,6.25540E-07,3.34251E-08,6.54282E-07,5.18119E-07,0.00000E+00,0.00000E+00,4.83865E-07
668 nm,5.05756E-08,0.00000E+00,2.60967E-08,1.98745E-07,0.00000E+00,6.03222E-07,1.01694E-07,5.47017E-07,1.71204E-07,2.53026E-08,3.26945E-07
669 nm,2.44415E-08,1.90138E-07,9.52630E-08,0.00000E+00,2.72908E-08,2.42212E-07,5.53098E-07,0.00000E+00,3.20926E-07,0.00000E+00,2.84895E-07
670 nm,3.51552E-09,2.36984E-08,1.59519E-08,1.72858E-07,0.00000E+00,0.00000E+00,8.21387E-07,2.60369E-07,2.99149E-07,1.60633E-07,2.33173E-07
671 nm,3.29117E-08,5.13302E-09,5.71915E-08,5.88272E-07,0.00000E+00,0.00000E+00,6.21025E-07,6.51334E-07,5.16471E-07,3.12903E-07,3.37729E-07
672 nm,3.03310E-07,2.15141E-09,6.51067E-07,3.63997E-07,4.15203E-07,1.34163E-07,3.79376E-07,4.00091E-07,0.00000E+00,2.63710E-07,9.59345E-08
673 nm,5.73798E-08,0.00000E+00,2.35758E-07,0.00000E+00,3.30189E-07,3.85943E-07,1.40344E-06,5.57596E-07,0.00000E+00,0.00000E+00,7.38848E-07
674 nm,5.92251E-09,3.01797E-07,1.91055E-08,3.64027E-09,3.27412E-07,8.69721E-07,1.59419E-07,3.04429E-07,4.77493E-07,3.04018E-07,4.65486E-07
675 nm,5.01111E-09,0.00000E+00,2.54762E-08,0.00000E+00,8.98837E-09,1.51916E-07,1.61651E-07,1.63499E-07,7.96420E-07,6.24424E-07,3.56876E-08
676 nm,1.06548E-07,1.83181E-07,8.11386E-07,1.08138E-07,6.43019E-07,3.35812E-07,5.54495E-07,2.60023E-07,0.00000E+00,5.80866E-07,8.73054E-07
677 nm,3.80468E-07,1.46543E-07,6.98921E-07,4.05309E-07,4.19674E-07,0.00000E+00,2.87857E-07,7.11609E-07,0.00000E+00,5.33149E-07,0.00000E+00
678 nm,2.33492E-07,0.00000E+00,2.03400E-07,5.50886E-08,3.25207E-07,1.52400E-07,0.00000E+00,1.57977E-07,3.70807E-07,5.42128E-07,1.22214E-06
679 nm,2.45181E-07,4.66865E-10,6.91673E-07,0.00000E+00,4.59777E-07,4.89779E-09,4.02142E-09,1.27964E-06,1.21022E-08,3.85664E-07,3.90761E-08
680 nm,4.10362E-09,0.00000E+00,2.37146E-07,3.06076E-07,5.89650E-08,0.00000E+00,7.77719E-08,0.00000E+00,0.00000E+00,2.63393E-07,2.48229E-07
681 nm,1.15091E-07,1.18974E-07,0.00000E+00,8.92037E-09,5.91593E-07,1.54020E-07,1.70799E-07,7.75535E-08,2.32087E-07,3.71939E-07,0.00000E+00
682 nm,1.20815E-09,2.08340E-07,2.95641E-07,0.00000E+00,0.00000E+00,2.74952E-08,2.78336E-07,0.00000E+00,3.00642E-07,0.00000E+00,9.35186E-07
683 nm,9.85226E-08,1.69054E-07,1.37009E-08,2.98090E-07,4.86256E-07,6.15232E-07,9.24139E-07,8.23737E-07,6.24995E-09,6.52456E-07,7.03847E-08
684 nm,6.17324E-08,3.91047E-08,2.61173E-07,5.23631E-08,2.41214E-07,2.45886E-07,8.07184E-07,0.00000E+00,2.64540E-08,1.22544E-06,6.93661E-07
685 nm,4.30054E-07,3.00229E-07,1.81845E-07,6.41995E-07,8.75912E-07,0.00000E+00,0.00000E+00,1.57064E-07,1.44418E-07,2.08264E-07,0.00000E+00
686 nm,3.51179E-07,9.25755E-08,5.35928E-07,9.28341E-08,0.00000E+00,3.51807E-07,4.97328E-07,4.27399E-07,7.78828E-08,1.01882E-06,2.86460E-07
687 nm,0.00000E+00,1.74756E-07,2.26038E-07,9.03307E-09,5.00679E-08,2.23301E-07,9.16660E-08,1.31368E-07,3.03578E-08,8.17719E-07,2.71017E-08
688 nm,1.23691E-07,2.02970E-07,1.43474E-09,3.07358E-08,6.79849E-08,3.68042E-07,3.27139E-07,3.84462E-08,3.90068E-09,3.29033E-07,6.83673E-09
689 nm,0.00000E+00,7.49490E-08,1.20820E-07,2.25142E-09,1.25309E-06,0.00000E+00,4.86481E-07,6.53762E-07,0.00000E+00,0.00000E+00,0.00000E+00
690 nm,1.11308E-07,7.37546E-08,2.39243E-08,0.00000E+00,0.00000E+00,4.21178E-08,0.00000E+00,8.51730E-07,2.66099E-07,1.13170E-07,1.27659E-07
691 nm,4.65055E-08,4.71973E-07,1.38103E-07,2.95998E-07,3.24018E-07,3.09321E-07,0.00000E+00,1.04508E-07,8.01892E-07,6.87384E-07,6.01261E-08
692 nm,0.00000E+00,4.83397E-07,1.93690E-09,3.98403E-07,1.26902E-06,0.00000E+00,4.94308E-07,3.88413E-07,1.08727E-08,3.83137E-07,3.62109E-09
693 nm,0.00000E+00,0.00000E+00,0.00000E+00,0.00000E+00,0.00000E+00,4.70408E-07,9.18697E-09,5.29693E-07,3.22218E-08,8.85361E-07,0.00000E+00
694 nm,1.93368E-09,4.57011E-07,5.66270E-08,7.14879E-09,3.22758E-07,0.00000E+00,1.24771E-07,3.48243E-08,0.00000E+00,1.10582E-06,3.55510E-07
695 nm,0.00000E+00,8.85073E-08,7.62898E-09,1.55697E-08,1.30593E-07,1.75905E-07,0.00000E+00,5.91443E-07,7.56077E-07,3.84195E-07,2.46684E-07
696 nm,8.14845E-08,4.39105E-07,1.99345E-07,0.00000E+00,4.55807E-07,2.26315E-08,5.46256E-07,1.01545E-07,1.36911E-06,4.01716E-08,0.00000E+00
697 nm,3.61995E-07,1.92049E-08,0.00000E+00,4.13584E-07,5.58552E-07,4.23298E-07,1.67701E-08,3.35026E-07,6.91084E-07,1.11568E-08,0.00000E+00
698 nm,2.88099E-07,3.53170E-07,0.00000E+00,7.55118E-08,0.00000E+00,8.99225E-07,4.89174E-07,0.00000E+00,6.70454E-07,3.04461E-08,7.41693E-07
699 nm,4.71779E-08,0.00000E+00,1.19723E-07,1.48617E-07,2.66443E-08,1.41393E-07,8.35157E-07,0.00000E+00,3.68637E-07,1.32014E-07,7.46137E-07
700 nm,2.81018E-08,3.90798E-07,0.00000E+00,0.00000E+00,0.00000E+00,1.35239E-06,7.05156E-07,4.41871E-07,2.44980E-08,0.00000E+00,0.00000E+00
701 nm,1.19469E-08,0.00000E+00,7.27450E-07,6.87655E-09,2.47691E-07,4.20741E-07,7.81956E-08,9.27495E-07,2.44766E-07,2.39513E-07,4.23529E-08
702 nm,5.53427E-08,1.72970E-07,0.00000E+00,0.00000E+00,2.63345E-07,7.53124E-07,3.72826E-07,2.66255E-07,0.00000E+00,1.11030E-07,3.74743E-08
703 nm,1.49174E-07,4.41264E-07,1.06926E-07,6.19996E-07,4.53176E-07,1.96457E-07,3.13448E-07,3.97329E-07,0.00000E+00,0.00000E+00,0.00000E+00
704 nm,8.33050E-09,0.00000E+00,1.39997E-07,2.09732E-07,7.41367E-08,0.00000E+00,2.40374E-07,2.84326E-07,5.76048E-07,0.00000E+00,1.37721E-06
705 nm,8.71117E-10,6.90451E-07,1.08896E-08,7.57974E-08,1.17798E-06,0.00000E+00,5.45594E-07,1.57724E-07,0.00000E+00,2.85016E-07,3.51969E-07
706 nm,0.00000E+00,1.73305E-07,4.99558E-07,2.99439E-07,4.37319E-08,1.09032E-07,4.77938E-08,5.00834E-07,4.48825E-07,0.00000E+00,1.04188E-06
707 nm,2.78075E-07,5.97404E-07,0.00000E+00,0.00000E+00,5.50185E-09,9.50982E-08,1.73953E-07,3.66934E-07,1.48290E-06,2.05402E-09,5.71279E-07
708 nm,1.21635E-07,9.07511E-09,2.41689E-08,5.72475E-07,2.51340E-08,7.51987E-07,3.07245E-07,4.97279E-07,1.14990E-07,6.93448E-07,2.81373E-07
709 nm,2.91854E-08,8.57823E-08,6.04361E-07,0.00000E+00,0.00000E+00,7.86287E-07,1.79343E-08,1.38747E-08,0.00000E+00,2.62038E-08,5.55945E-07
710 nm,0.00000E+00,1.28651E-07,2.59053E-07,8.45007E-07,6.92293E-07,4.79946E-07,1.67564E-07,5.40054E-08,2.50510E-07,1.51101E-07,0.00000E+00
711 nm,1.61378E-10,4.60280E-07,2.54969E-07,0.00000E+00,0.00000E+00,0.00000E+00,1.16584E-06,3.54084E-07,2.63662E-07,3.06590E-07,5.59775E-07
712 nm,1.00854E-08,0.00000E+00,7.47964E-08,5.61281E-07,5.32120E-07,0.00000E+00,2.40781E-07,8.31458E-07,1.60376E-06,4.32579E-07,2.69247E-07
713 nm,0.00000E+00,2.56036E-07,0.00000E+00,4.35742E-07,1.03714E-06,1.35144E-07,1.70350E-07,3.87988E-07,5.72949E-07,0.00000E+00,0.00000E+00
714 nm,2.80583E-07,3.27218E-08,4.48111E-07,6.42841E-07,0.00000E+00,8.37067E-08,0.00000E+00,2.20470E-07,2.17375E-07,9.38829E-07,8.47759E-07
715 nm,0.00000E+00,1.34234E-07,0.00000E+00,0.00000E+00,3.20422E-08,5.04602E-07,0.00000E+00,6.07480E-07,0.00000E+00,0.00000E+00,0.00000E+00
716 nm,0.00000E+00,0.00000E+00,0.00000E+00,1.79490E-07,0.00000E+00,0.00000E+00,2.89537E-07,2.81386E-07,9.33641E-07,7.26302E-09,3.59979E-07
717 nm,7.26580E-08,3.16844E-08,2.01793E-07,3.37748E-07,3.22985E-09,4.57189E-07,1.47424E-07,4.32907E-07,1.45315E-07,1.60166E-07,3.15468E-07
718 nm,9.66325E-08,0.00000E+00,0.00000E+00,2.57907E-08,7.39431E-09,7.93433E-10,1.41810E-07,8.53891E-07,6.30359E-07,0.00000E+00,1.22195E-06
719 nm,0.00000E+00,1.34290E-07,0.00000E+00,3.54344E-07,0.00000E+00,3.25816E-07,8.85987E-07,8.62116E-07,7.67484E-07,5.90584E-07,4.34003E-07
720 nm,0.00000E+00,4.26919E-07,4.75072E-07,1.02084E-07,6.91298E-07,0.00000E+00,1.37711E-07,5.64786E-07,3.42042E-07,3.85294E-07,1.50607E-06
721 nm,4.83483E-08,3.99104E-08,1.07905E-07,2.48303E-07,3.64033E-07,1.78306E-08,0.00000E+00,0.00000E+00,1.11860E-06,4.79375E-07,9.82178E-09
722 nm,0.00000E+00,2.24319E-07,2.36067E-07,1.67893E-07,1.49643E-08,9.37175E-09,4.21891E-07,1.50894E-08,7.81659E-07,1.18038E-08,6.51514E-07
723 nm,3.71034E-08,3.85576E-08,1.29687E-07,9.47660E-09,1.86309E-07,1.64543E-07,0.00000E+00,6.70734E-08,4.38120E-07,6.86374E-07,1.06564E-07
724 nm,5.61768E-08,5.43318E-07,2.32486E-07,6.46674E-08,5.03435E-07,0.00000E+00,3.07389E-07,2.00295E-07,1.98322E-07,0.00000E+00,4.37849E-07
725 nm,2.42948E-08,2.18855E-07,2.25437E-07,0.00000E+00,4.95631E-08,0.00000E+00,7.85562E-07,3.23674E-08,6.90899E-07,8.83361E-08,1.70198E-07
726 nm,3.39844E-11,1.28459E-09,0.00000E+00,5.10410E-07,8.77075E-07,3.11239E-07,3.41617E-07,2.33210E-09,0.00000E+00,3.94853E-07,5.18414E-09
727 nm,1.59519E-08,3.08643E-08,0.00000E+00,8.33006E-07,0.00000E+00,3.36308E-07,0.00000E+00,8.50344E-08,0.00000E+00,2.18362E-08,3.48108E-07
728 nm,3.31191E-08,4.71039E-08,1.19116E-07,1.01916E-07,1.09832E-06,0.00000E+00,3.48819E-07,1.32790E-07,7.94460E-07,0.00000E+00,1.26260E-06
729 nm,0.00000E+00,2.26619E-07,0.00000E+00,0.00000E+00,2.78419E-07,9.04408E-09,1.44633E-07,9.78693E-07,2.38404E-07,6.27596E-07,6.79086E-07
730 nm,0.00000E+00,8.26376E-09,1.42051E-06,2.68443E-07,1.17270E-06,2.92074E-10,2.00719E-07,3.05841E-08,1.49448E-06,2.70992E-08,1.03448E-06
731 nm,2.38822E-07,0.00000E+00,0.00000E+00,0.00000E+00,1.20812E-07,8.40919E-08,7.98545E-08,9.26549E-08,6.34207E-07,9.23991E-08,5.88583E-08
732 nm,1.96338E-07,2.74960E-07,3.72816E-07,1.04980E-07,9.00547E-07,7.36168E-08,9.47877E-07,1.79594E-07,4.79024E-07,9.09067E-07,2.89201E-07
733 nm,2.72462E-07,3.80007E-07,3.64763E-07,7.84034E-07,0.00000E+00,5.03701E-09,1.18343E-06,5.23305E-07,7.16299E-07,3.25660E-07,9.61829E-07
734 nm,7.66026E-08,1.23303E-08,5.23025E-07,4.16492E-07,3.87711E-07,0.00000E+00,1.12201E-07,1.66182E-07,6.82054E-09,0.00000E+00,1.16358E-07
735 nm,1.83265E-07,9.02806E-08,0.00000E+00,3.03155E-07,0.00000E+00,7.81950E-07,8.52597E-07,0.00000E+00,1.09787E-08,2.80160E-07,3.16107E-07
736 nm,3.89385E-07,3.70430E-07,2.14817E-07,1.11932E-07,3.21199E-08,6.44455E-07,4.99192E-08,6.71417E-07,0.00000E+00,6.04642E-07,1.10612E-06
737 nm,3.22402E-07,0.00000E+00,2.25773E-07,1.38007E-07,6.57876E-10,0.00000E+00,0.00000E+00,7.25231E-07,5.58432E-07,1.18345E-06,2.27941E-07
738 nm,1.56057E-07,4.62462E-09,1.31496E-07,0.00000E+00,2.21859E-08,0.00000E+00,8.61153E-09,5.46405E-07,7.72468E-07,3.23085E-08,6.53736E-08
739 nm,1.01990E-07,1.29693E-07,4.35738E-07,0.00000E+00,1.45811E-07,1.26287E-06,4.90670E-08,0.00000E+00,0.00000E+00,2.89267E-09,5.49240E-09
740 nm,0.00000E+00,4.64566E-07,3.74572E-07,4.18785E-08,7.96998E-07,8.47361E-07,3.15195E-07,1.14858E-07,1.28640E-07,7.47122E-08,2.03903E-07
741 nm,2.06011E-07,2.59738E-07,8.30548E-08,4.06840E-08,3.93393E-07,0.00000E+00,0.00000E+00,1.38510E-07,9.85900E-08,1.04508E-07,1.64153E-06
742 nm,0.00000E+00,0.00000E+00,0.00000E+00,2.59916E-10,6.08271E-08,0.00000E+00,8.77856E-07,0.00000E+00,4.07429E-08,0.00000E+00,6.30878E-07
743 nm,6.17652E-07,1.83673E-09,5.87873E-07,1.13554E-08,4.52026E-07,6.83635E-07,5.27257E-07,1.24692E-06,4.84300E-08,5.01616E-07,5.79778E-07
744 nm,2.68183E-07,0.00000E+00,0.00000E+00,8.74709E-08,1.11239E-07,6.31301E-08,6.92190E-07,2.49695E-07,3.72376E-07,2.59826E-07,2.46395E-06
745 nm,1.44623E-07,3.45422E-07,0.00000E+00,6.07165E-10,0.00000E+00,2.27565E-07,5.64222E-07,0.00000E+00,1.66579E-07,1.70951E-07,8.34233E-07
746 nm,8.22601E-10,8.29379E-08,2.56452E-07,0.00000E+00,7.10892E-07,0.00000E+00,0.00000E+00,1.26542E-08,6.10278E-08,9.18367E-07,4.64796E-07
747 nm,1.65692E-10,7.07551E-09,0.00000E+00,4.31881E-07,0.00000E+00,2.71917E-07,1.51896E-08,2.38966E-08,7.17718E-09,1.93346E-07,3.09142E-06
748 nm,3.07306E-09,3.27751E-09,0.00000E+00,1.16782E-07,3.21237E-08,0.00000E+00,2.42563E-07,8.14495E-07,0.00000E+00,2.44301E-07,1.08137E-06
749 nm,0.00000E+00,0.00000E+00,1.71251E-07,5.21112E-07,0.00000E+00,7.25230E-07,8.94970E-07,4.19348E-07,2.30811E-08,0.00000E+00,8.80389E-07
750 nm,1.11033E-07,2.97683E-07,3.42737E-07,8.79442E-08,1.44014E-07,8.26781E-07,1.04314E-06,3.16243E-08,5.68284E-08,5.77811E-07,2.02705E-06
751 nm,0.00000E+00,0.00000E+00,1.40380E-06,9.69013E-10,0.00000E+00,0.00000E+00,7.29545E-07,0.00000E+00,1.47338E-06,1.20943E-06,2.83101E-06
752 nm,0.00000E+00,5.55149E-08,3.22118E-07,1.25806E-07,0.00000E+00,5.26500E-08,0.00000E+00,9.81074E-08,6.22120E-08,3.68620E-07,2.57452E-06
753 nm,2.12896E-07,4.03593E-08,1.19709E-07,3.81097E-07,1.42373E-07,0.00000E+00,0.00000E+00,6.32778E-07,7.07607E-08,6.78212E-07,1.21350E-06
754 nm,2.41658E-08,4.19323E-07,7.19682E-09,0.00000E+00,1.18527E-06,1.64475E-06,6.27030E-07,1.17872E-07,1.40343E-07,4.91501E-07,3.77376E-06
755 nm,3.91191E-07,0.00000E+00,1.83036E-08,2.19707E-07,0.00000E+00,0.00000E+00,0.00000E+00,9.04239E-09,1.96616E-08,8.96935E-07,2.74825E-06
756 nm,0.00000E+00,4.71777E-07,5.44793E-07,0.00000E+00,3.61098E-08,6.35097E-08,3.45232E-08,0.00000E+00,5.43629E-07,0.00000E+00,1.39442E-06
757 nm,3.30604E-07,9.63893E-08,0.00000E+00,9.57668E-09,5.07344E-09,2.03272E-07,0.00000E+00,1.12407E-06,1.41061E-07,7.69660E-08,3.81038E-06
758 nm,4.52565E-08,6.13779E-07,9.18297E-09,0.00000E+00,5.88428E-08,6.12748E-08,4.56953E-07,4.01043E-07,1.41500E-07,3.86288E-07,3.21526E-06
759 nm,3.15752E-07,0.00000E+00,0.00000E+00,0.00000E+00,1.38177E-06,0.00000E+00,6.39749E-07,5.53885E-07,4.96427E-07,0.00000E+00,3.43891E-06
760 nm,0.00000E+00,3.84719E-07,1.09230E-07,1.27036E-07,2.02637E-07,2.08649E-07,5.90213E-07,1.39164E-07,7.42251E-07,3.53788E-08,5.83149E-06
761 nm,1.94175E-07,5.05118E-07,6.52306E-07,4.57250E-07,7.08698E-07,4.29020E-07,5.73186E-07,2.24048E-07,4.57023E-08,0.00000E+00,7.39367E-06
762 nm,7.38761E-08,9.61156E-08,1.30307E-07,4.71105E-08,2.96951E-07,0.00000E+00,2.03330E-07,0.00000E+00,0.00000E+00,1.00603E-06,7.03176E-06
763 nm,5.20581E-10,2.99465E-07,5.15624E-07,3.00851E-09,1.03223E-07,1.08680E-09,2.49349E-09,5.80571E-07,9.28985E-07,0.00000E+00,7.04563E-06
764 nm,3.97930E-08,4.56219E-07,0.00000E+00,3.14230E-07,0.00000E+00,1.50402E-08,9.04563E-08,0.00000E+00,5.10517E-07,1.51644E-08,9.42568E-06
765 nm,8.52033E-08,1.52812E-07,5.22793E-08,0.00000E+00,3.79478E-08,0.00000E+00,8.82677E-08,1.19237E-07,0.00000E+00,2.02248E-07,7.56912E-06
766 nm,9.65351E-09,1.17458E-07,4.70585E-08,1.00776E-06,0.00000E+00,5.24149E-07,0.00000E+00,0.00000E+00,1.23436E-06,0.00000E+00,9.21643E-06
767 nm,2.90606E-10,5.38556E-10,1.13095E-06,1.08068E-09,6.45225E-07,1.43003E-09,1.58982E-06,5.91190E-07,1.75273E-07,8.48594E-07,1.03877E-05
768 nm,5.98783E-07,2.83460E-07,5.86506E-07,7.18328E-07,9.94076E-08,1.48649E-06,2.99393E-07,1.08165E-06,4.05477E-07,0.00000E+00,1.25485E-05
769 nm,3.16422E-07,0.00000E+00,0.00000E+00,0.00000E+00,3.85274E-07,1.06488E-07,9.61359E-07,0.00000E+00,6.27718E-07,1.66237E-07,1.05884E-05
770 nm,2.60712E-07,9.55080E-07,4.57092E-07,4.19374E-07,2.66844E-07,0.00000E+00,1.48779E-06,4.89732E-07,0.00000E+00,6.93199E-08,1.39743E-05
771 nm,5.34759E-07,2.02401E-07,1.85406E-09,1.72855E-09,1.20754E-06,1.27895E-09,2.98708E-07,3.41595E-09,1.07056E-06,4.80865E-07,1.45012E-05
772 nm,3.01473E-08,1.25597E-08,2.05765E-07,0.00000E+00,9.97154E-07,9.37607E-08,2.12368E-09,1.70750E-08,0.00000E+00,2.41442E-07,1.98118E-05
773 nm,6.62590E-07,0.00000E+00,1.59136E-07,1.15017E-06,1.25748E-08,0.00000E+00,1.96874E-08,1.96145E-08,3.34948E-08,1.12403E-06,1.70068E-05
774 nm,1.23637E-07,1.87481E-09,4.94803E-07,5.27832E-07,0.00000E+00,3.42328E-09,1.02854E-07,1.38669E-07,2.39003E-08,8.24817E-07,1.91512E-05
775 nm,2.01222E-10,5.56435E-10,3.16181E-07,1.31449E-07,1.37122E-08,1.53574E-09,2.08118E-06,2.40125E-09,2.01588E-09,3.21982E-09,2.10940E-05
776 nm,1.61468E-07,0.00000E+00,8.03441E-08,3.27943E-07,2.73535E-07,3.03351E-09,0.00000E+00,4.34906E-09,5.88934E-07,3.96736E-08,2.81397E-05
777 nm,1.84222E-07,2.00696E-07,2.63976E-07,0.00000E+00,8.56452E-07,0.00000E+00,4.58302E-07,1.37074E-08,4.06265E-07,1.59879E-08,2.55728E-05
778 nm,0.00000E+00,0.00000E+00,0.00000E+00,8.24536E-09,8.94379E-07,4.11311E-08,0.00000E+00,0.00000E+00,0.00000E+00,1.88930E-07,3.09416E-05
779 nm,3.27368E-07,7.17309E-07,7.85711E-07,1.27522E-09,1.34624E-06,6.20019E-09,1.05677E-06,3.73320E-07,1.35642E-06,2.24228E-07,3.47809E-05
780 nm,6.73514E-07,0.00000E+00,0.00000E+00,0.00000E+00,6.12238E-07,1.08553E-06,0.00000E+00,0.00000E+00,5.83495E-07,2.34239E-07,3.65796E-05
